[00:05:42] [main/DEBUG] [FML/]: Injecting tracing printstreams for STDOUT/STDERR.
[00:05:42] [main/INFO] [FML/]: Forge Mod Loader version 7.99.40.1614 for Minecraft 1.7.10 loading
[00:05:42] [main/INFO] [FML/]: Java is OpenJDK 64-Bit Server VM, version 1.8.0_482, running on Linux:amd64:6.8.0-1044-azure, installed at /usr/lib/jvm/java-8-openjdk-amd64/jre
[00:05:42] [main/DEBUG] [FML/]: Java classpath at launch is forge-1.7.10-10.13.4.1614-1.7.10-universal.jar
[00:05:42] [main/DEBUG] [FML/]: Java library path at launch is /usr/java/packages/lib/amd64:/usr/lib/x86_64-linux-gnu/jni:/lib/x86_64-linux-gnu:/usr/lib/x86_64-linux-gnu:/usr/lib/jni:/lib:/usr/lib
[00:05:42] [main/DEBUG] [FML/]: Enabling runtime deobfuscation
[00:05:42] [main/DEBUG] [FML/]: Instantiating coremod class FMLCorePlugin
[00:05:42] [main/DEBUG] [FML/]: Added access transformer class cpw.mods.fml.common.asm.transformers.AccessTransformer to enqueued access transformers
[00:05:42] [main/DEBUG] [FML/]: Enqueued coremod FMLCorePlugin
[00:05:42] [main/DEBUG] [FML/]: Instantiating coremod class FMLForgePlugin
[00:05:42] [main/DEBUG] [FML/]: Added access transformer class net.minecraftforge.transformers.ForgeAccessTransformer to enqueued access transformers
[00:05:42] [main/DEBUG] [FML/]: Enqueued coremod FMLForgePlugin
[00:05:42] [main/DEBUG] [FML/]: All fundamental core mods are successfully located
[00:05:42] [main/DEBUG] [FML/]: Attempting to load commandline specified mods, relative to /workspaces/PitCraft/.
[00:05:42] [main/DEBUG] [FML/]: Discovering coremods
[00:05:42] [main/DEBUG] [FML/]: Examining for coremod candidacy orespawn-1.7.10-20.3.jar
[00:05:42] [main/DEBUG] [FML/]: Not found coremod data in orespawn-1.7.10-20.3.jar
[00:05:42] [main/INFO] [LaunchWrapper/]: Loading tweak class name cpw.mods.fml.common.launcher.FMLInjectionAndSortingTweaker
[00:05:42] [main/INFO] [LaunchWrapper/]: Loading tweak class name cpw.mods.fml.common.launcher.FMLDeobfTweaker
[00:05:42] [main/INFO] [LaunchWrapper/]: Calling tweak class cpw.mods.fml.common.launcher.FMLInjectionAndSortingTweaker
[00:05:42] [main/INFO] [LaunchWrapper/]: Calling tweak class cpw.mods.fml.common.launcher.FMLInjectionAndSortingTweaker
[00:05:42] [main/INFO] [LaunchWrapper/]: Calling tweak class cpw.mods.fml.relauncher.CoreModManager$FMLPluginWrapper
[00:05:42] [main/DEBUG] [FML/]: Injecting coremod FMLCorePlugin {cpw.mods.fml.relauncher.FMLCorePlugin} class transformers
[00:05:42] [main/TRACE] [FML/]: Registering transformer cpw.mods.fml.common.asm.transformers.MarkerTransformer
[00:05:42] [main/TRACE] [FML/]: Registering transformer cpw.mods.fml.common.asm.transformers.SideTransformer
[00:05:42] [main/TRACE] [FML/]: Registering transformer cpw.mods.fml.common.asm.transformers.EventSubscriptionTransformer
[00:05:42] [main/DEBUG] [FML/]: Injection complete
[00:05:42] [main/DEBUG] [FML/]: Running coremod plugin for FMLCorePlugin {cpw.mods.fml.relauncher.FMLCorePlugin}
[00:05:42] [main/DEBUG] [FML/]: Running coremod plugin FMLCorePlugin
[00:05:43] [main/DEBUG] [FML/]: Read 527 binary patches
[00:05:44] [main/ERROR] [FML/]: FML appears to be missing any signature data. This is not a good thing
[00:05:44] [main/DEBUG] [FML/]: Coremod plugin class FMLCorePlugin run successfully
[00:05:44] [main/INFO] [LaunchWrapper/]: Calling tweak class cpw.mods.fml.relauncher.CoreModManager$FMLPluginWrapper
[00:05:44] [main/DEBUG] [FML/]: Injecting coremod FMLForgePlugin {net.minecraftforge.classloading.FMLForgePlugin} class transformers
[00:05:44] [main/TRACE] [FML/]: Registering transformer net.minecraftforge.classloading.FluidIdTransformer
[00:05:44] [main/DEBUG] [FML/]: Injection complete
[00:05:44] [main/DEBUG] [FML/]: Running coremod plugin for FMLForgePlugin {net.minecraftforge.classloading.FMLForgePlugin}
[00:05:44] [main/DEBUG] [FML/]: Running coremod plugin FMLForgePlugin
[00:05:44] [main/DEBUG] [FML/]: Coremod plugin class FMLForgePlugin run successfully
[00:05:44] [main/INFO] [LaunchWrapper/]: Calling tweak class cpw.mods.fml.common.launcher.FMLDeobfTweaker
[00:05:44] [main/DEBUG] [FML/]: Loaded 57 rules from AccessTransformer config file fml_at.cfg
[00:05:44] [main/DEBUG] [FML/]: Loaded 89 rules from AccessTransformer config file forge_at.cfg
[00:05:44] [main/DEBUG] [FML/]: Validating minecraft
[00:05:44] [main/DEBUG] [FML/]: Minecraft validated, launching...
[00:05:44] [main/INFO] [LaunchWrapper/]: Loading tweak class name cpw.mods.fml.common.launcher.TerminalTweaker
[00:05:44] [main/INFO] [LaunchWrapper/]: Calling tweak class cpw.mods.fml.common.launcher.TerminalTweaker
[00:05:45] [main/INFO] [LaunchWrapper/]: Launching wrapped minecraft {net.minecraft.server.MinecraftServer}
[00:05:47] [Server thread/INFO] [MinecraftForge/]: Attempting early MinecraftForge initialization
[00:05:47] [Server thread/INFO] [FML/]: MinecraftForge v10.13.4.1614 Initialized
[00:05:48] [Server thread/INFO] [FML/]: Replaced 183 ore recipies
[00:05:48] [Server thread/INFO] [MinecraftForge/]: Completed early MinecraftForge initialization
[00:05:48] [Server thread/DEBUG] [FML/]: File /workspaces/PitCraft/config/injectedDependencies.json not found. No dependencies injected
[00:05:48] [Server thread/DEBUG] [FML/]: Building injected Mod Containers [cpw.mods.fml.common.FMLContainer, net.minecraftforge.common.ForgeModContainer]
[00:05:48] [Server thread/DEBUG] [FML/]: Attempting to load mods contained in the minecraft jar file and associated classes
[00:05:48] [Server thread/DEBUG] [FML/]: Minecraft is a file at /workspaces/PitCraft/forge-1.7.10-10.13.4.1614-1.7.10-universal.jar, loading
[00:05:48] [Server thread/DEBUG] [FML/]: Minecraft jar mods loaded successfully
[00:05:48] [Server thread/INFO] [FML/]: Found 0 mods from the command line. Injecting into mod discoverer
[00:05:48] [Server thread/INFO] [FML/]: Searching /workspaces/PitCraft/mods for mods
[00:05:48] [Server thread/DEBUG] [FML/]: Found a candidate zip or jar file orespawn-1.7.10-20.3.jar
[00:05:48] [Server thread/DEBUG] [FML/]: Examining file forge-1.7.10-10.13.4.1614-1.7.10-universal.jar for potential mods
[00:05:48] [Server thread/DEBUG] [FML/]: The mod container forge-1.7.10-10.13.4.1614-1.7.10-universal.jar appears to be missing an mcmod.info file
[00:05:48] [Server thread/DEBUG] [FML/]: Examining file orespawn-1.7.10-20.3.jar for potential mods
[00:05:48] [Server thread/TRACE] [FML/]: Located mcmod.info file in file orespawn-1.7.10-20.3.jar
[00:05:48] [Server thread/DEBUG] [FML/]: Identified a mod of type Lcpw/mods/fml/common/Mod; (danger.orespawn.OreSpawnMain) - loading
[00:05:48] [Server thread/TRACE] [OreSpawn/]: Parsed dependency info : [] [] []
[00:05:48] [Server thread/INFO] [FML/]: Forge Mod Loader has identified 4 mods to load
[00:05:48] [Server thread/TRACE] [FML/]: Received a system property request ''
[00:05:48] [Server thread/TRACE] [FML/]: System property request managing the state of 0 mods
[00:05:48] [Server thread/DEBUG] [FML/]: After merging, found state information for 0 mods
[00:05:49] [Server thread/DEBUG] [FML/]: Found translations in forge-1.7.10-10.13.4.1614-1.7.10-universal.jar [en_US, en_US, es_ES, fr_FR, ru_RU, de_DE, af_ZA, ar_SA, br_FR, ca_ES, cs_CZ, da_DK, el_GR, fa_IR, fi_FI, he_IL, hu_HU, it_IT, ja_JP, ko_KR, lt_LT, nb_NO, nl_NL, nn_NO, no_NO, pl_PL, pt_BR, pt_PT, ro_RO, sl_SI, sr_SP, sv_SE, tr_TR, uk_UA, vi_VN, zh_CN, zh_TW]
[00:05:49] [Server thread/DEBUG] [FML/]: Found translations in forge-1.7.10-10.13.4.1614-1.7.10-universal.jar [en_US, en_US, es_ES, fr_FR, ru_RU, de_DE, af_ZA, ar_SA, br_FR, ca_ES, cs_CZ, da_DK, el_GR, fa_IR, fi_FI, he_IL, hu_HU, it_IT, ja_JP, ko_KR, lt_LT, nb_NO, nl_NL, nn_NO, no_NO, pl_PL, pt_BR, pt_PT, ro_RO, sl_SI, sr_SP, sv_SE, tr_TR, uk_UA, vi_VN, zh_CN, zh_TW]
[00:05:49] [Server thread/DEBUG] [OreSpawn/]: Enabling mod OreSpawn
[00:05:49] [Server thread/TRACE] [FML/]: Verifying mod requirements are satisfied
[00:05:49] [Server thread/TRACE] [FML/]: All mod requirements are satisfied
[00:05:49] [Server thread/TRACE] [FML/]: Sorting mods into an ordered list
[00:05:49] [Server thread/TRACE] [FML/]: Mod sorting completed successfully
[00:05:49] [Server thread/DEBUG] [FML/]: Mod sorting data
[00:05:49] [Server thread/DEBUG] [FML/]: 	OreSpawn(OreSpawn:1.7.10.20.3): orespawn-1.7.10-20.3.jar ()
[00:05:49] [Server thread/TRACE] [mcp/mcp]: Sending event FMLConstructionEvent to mod mcp
[00:05:49] [Server thread/TRACE] [mcp/mcp]: Sent event FMLConstructionEvent to mod mcp
[00:05:49] [Server thread/DEBUG] [FML/]: Bar Step: Construction - Minecraft Coder Pack took 0.001s
[00:05:49] [Server thread/TRACE] [FML/FML]: Sending event FMLConstructionEvent to mod FML
[00:05:49] [Server thread/TRACE] [FML/FML]: Mod FML is using network checker : Invoking method checkModLists
[00:05:49] [Server thread/TRACE] [FML/FML]: Testing mod FML to verify it accepts its own version in a remote connection
[00:05:49] [Server thread/TRACE] [FML/FML]: The mod FML accepts its own version (7.10.99.99)
[00:05:49] [Server thread/INFO] [FML/FML]: Attempting connection with missing mods [mcp, FML, Forge, OreSpawn] at CLIENT
[00:05:49] [Server thread/INFO] [FML/FML]: Attempting connection with missing mods [mcp, FML, Forge, OreSpawn] at SERVER
[00:05:49] [Server thread/TRACE] [FML/FML]: Sent event FMLConstructionEvent to mod FML
[00:05:49] [Server thread/DEBUG] [FML/]: Bar Step: Construction - Forge Mod Loader took 0.202s
[00:05:49] [Server thread/TRACE] [Forge/Forge]: Sending event FMLConstructionEvent to mod Forge
[00:05:49] [Server thread/TRACE] [FML/Forge]: Mod Forge is using network checker : No network checking performed
[00:05:49] [Server thread/TRACE] [FML/Forge]: Testing mod Forge to verify it accepts its own version in a remote connection
[00:05:49] [Server thread/TRACE] [FML/Forge]: The mod Forge accepts its own version (10.13.4.1614)
[00:05:49] [Server thread/TRACE] [Forge/Forge]: Sent event FMLConstructionEvent to mod Forge
[00:05:49] [Server thread/DEBUG] [FML/]: Bar Step: Construction - Minecraft Forge took 0.009s
[00:05:49] [Server thread/TRACE] [OreSpawn/OreSpawn]: Sending event FMLConstructionEvent to mod OreSpawn
[00:05:49] [Server thread/TRACE] [FML/OreSpawn]: Mod OreSpawn is using network checker : Accepting version 1.7.10.20.3
[00:05:49] [Server thread/TRACE] [FML/OreSpawn]: Testing mod OreSpawn to verify it accepts its own version in a remote connection
[00:05:49] [Server thread/TRACE] [FML/OreSpawn]: The mod OreSpawn accepts its own version (1.7.10.20.3)
[00:05:49] [Server thread/DEBUG] [FML/OreSpawn]: Attempting to inject @SidedProxy classes into OreSpawn
[00:05:49] [Server thread/TRACE] [OreSpawn/OreSpawn]: Sent event FMLConstructionEvent to mod OreSpawn
[00:05:49] [Server thread/DEBUG] [FML/]: Bar Step: Construction - OreSpawn took 0.255s
[00:05:49] [Server thread/DEBUG] [FML/]: Bar Finished: Construction took 0.467s
[00:05:49] [Server thread/DEBUG] [FML/]: Mod signature data
[00:05:49] [Server thread/DEBUG] [FML/]:  	Valid Signatures:
[00:05:49] [Server thread/DEBUG] [FML/]:  	Missing Signatures:
[00:05:49] [Server thread/DEBUG] [FML/]: 		mcp	(Minecraft Coder Pack	9.05)	minecraft.jar
[00:05:49] [Server thread/DEBUG] [FML/]: 		FML	(Forge Mod Loader	7.10.99.99)	forge-1.7.10-10.13.4.1614-1.7.10-universal.jar
[00:05:49] [Server thread/DEBUG] [FML/]: 		Forge	(Minecraft Forge	10.13.4.1614)	forge-1.7.10-10.13.4.1614-1.7.10-universal.jar
[00:05:49] [Server thread/DEBUG] [FML/]: 		OreSpawn	(OreSpawn	1.7.10.20.3)	orespawn-1.7.10-20.3.jar
[00:05:49] [Server thread/INFO] [FML/]: Processing ObjectHolder annotations
[00:05:49] [Server thread/INFO] [FML/]: Found 341 ObjectHolder annotations
[00:05:49] [Server thread/INFO] [FML/]: Identifying ItemStackHolder annotations
[00:05:49] [Server thread/INFO] [FML/]: Found 0 ItemStackHolder annotations
[00:05:49] [Server thread/TRACE] [mcp/mcp]: Sending event FMLPreInitializationEvent to mod mcp
[00:05:49] [Server thread/TRACE] [mcp/mcp]: Sent event FMLPreInitializationEvent to mod mcp
[00:05:49] [Server thread/DEBUG] [FML/]: Bar Step: PreInitialization - Minecraft Coder Pack took 0.001s
[00:05:49] [Server thread/TRACE] [FML/FML]: Sending event FMLPreInitializationEvent to mod FML
[00:05:49] [Server thread/TRACE] [FML/FML]: Sent event FMLPreInitializationEvent to mod FML
[00:05:49] [Server thread/DEBUG] [FML/]: Bar Step: PreInitialization - Forge Mod Loader took 0.001s
[00:05:49] [Server thread/TRACE] [Forge/Forge]: Sending event FMLPreInitializationEvent to mod Forge
[00:05:49] [Server thread/INFO] [FML/Forge]: Configured a dormant chunk cache size of 0
[00:05:49] [Server thread/TRACE] [Forge/Forge]: Sent event FMLPreInitializationEvent to mod Forge
[00:05:49] [Server thread/DEBUG] [FML/]: Bar Step: PreInitialization - Minecraft Forge took 0.042s
[00:05:49] [Server thread/TRACE] [OreSpawn/OreSpawn]: Sending event FMLPreInitializationEvent to mod OreSpawn
[00:05:49] [Forge Version Check/INFO] [STDERR/Forge]: [java.lang.Throwable$WrappedPrintStream:println:749]: com.google.gson.JsonSyntaxException: java.lang.IllegalStateException: Expected BEGIN_OBJECT but was STRING at line 1 column 1
[00:05:49] [Forge Version Check/INFO] [STDERR/Forge]: [java.lang.Throwable$WrappedPrintStream:println:749]: 	at com.google.gson.Gson.fromJson(Gson.java:815)
[00:05:49] [Forge Version Check/INFO] [STDERR/Forge]: [java.lang.Throwable$WrappedPrintStream:println:749]: 	at com.google.gson.Gson.fromJson(Gson.java:768)
[00:05:49] [Forge Version Check/INFO] [STDERR/Forge]: [java.lang.Throwable$WrappedPrintStream:println:749]: 	at com.google.gson.Gson.fromJson(Gson.java:717)
[00:05:49] [Forge Version Check/INFO] [STDERR/Forge]: [java.lang.Throwable$WrappedPrintStream:println:749]: 	at com.google.gson.Gson.fromJson(Gson.java:689)
[00:05:49] [Forge Version Check/INFO] [STDERR/Forge]: [java.lang.Throwable$WrappedPrintStream:println:749]: 	at net.minecraftforge.common.ForgeVersion$1.run(ForgeVersion.java:94)
[00:05:49] [Forge Version Check/INFO] [STDERR/Forge]: [java.lang.Throwable$WrappedPrintStream:println:749]: Caused by: java.lang.IllegalStateException: Expected BEGIN_OBJECT but was STRING at line 1 column 1
[00:05:49] [Forge Version Check/INFO] [STDERR/Forge]: [java.lang.Throwable$WrappedPrintStream:println:749]: 	at com.google.gson.stream.JsonReader.beginObject(JsonReader.java:374)
[00:05:49] [Forge Version Check/INFO] [STDERR/Forge]: [java.lang.Throwable$WrappedPrintStream:println:749]: 	at com.google.gson.internal.bind.MapTypeAdapterFactory$Adapter.read(MapTypeAdapterFactory.java:183)
[00:05:49] [Forge Version Check/INFO] [STDERR/Forge]: [java.lang.Throwable$WrappedPrintStream:println:749]: 	at com.google.gson.internal.bind.MapTypeAdapterFactory$Adapter.read(MapTypeAdapterFactory.java:145)
[00:05:49] [Forge Version Check/INFO] [STDERR/Forge]: [java.lang.Throwable$WrappedPrintStream:println:749]: 	at com.google.gson.Gson.fromJson(Gson.java:803)
[00:05:49] [Forge Version Check/INFO] [STDERR/Forge]: [java.lang.Throwable$WrappedPrintStream:println:749]: 	... 4 more
[00:05:50] [Server thread/DEBUG] [FML/OreSpawn]: Skipping automatic mod OreSpawn entity registration for already registered class danger.orespawn.SunspotUrchin
[00:05:50] [Server thread/DEBUG] [FML/OreSpawn]: Skipping automatic mod OreSpawn entity registration for already registered class danger.orespawn.WaterBall
[00:05:50] [Server thread/DEBUG] [FML/OreSpawn]: Skipping automatic mod OreSpawn entity registration for already registered class danger.orespawn.InkSack
[00:05:50] [Server thread/DEBUG] [FML/OreSpawn]: Skipping automatic mod OreSpawn entity registration for already registered class danger.orespawn.LaserBall
[00:05:50] [Server thread/DEBUG] [FML/OreSpawn]: Skipping automatic mod OreSpawn entity registration for already registered class danger.orespawn.IceBall
[00:05:50] [Server thread/DEBUG] [FML/OreSpawn]: Skipping automatic mod OreSpawn entity registration for already registered class danger.orespawn.Acid
[00:05:50] [Server thread/DEBUG] [FML/OreSpawn]: Skipping automatic mod OreSpawn entity registration for already registered class danger.orespawn.DeadIrukandji
[00:05:50] [Server thread/DEBUG] [FML/OreSpawn]: Skipping automatic mod OreSpawn entity registration for already registered class danger.orespawn.BerthaHit
[00:05:50] [Server thread/DEBUG] [FML/OreSpawn]: Skipping automatic mod OreSpawn entity registration for already registered class danger.orespawn.PurplePower
[00:05:50] [Server thread/DEBUG] [FML/OreSpawn]: Skipping automatic mod OreSpawn entity registration for already registered class danger.orespawn.EntityThrownRock
[00:05:50] [Server thread/DEBUG] [FML/OreSpawn]: Skipping automatic mod OreSpawn entity registration for already registered class danger.orespawn.Girlfriend
[00:05:50] [Server thread/DEBUG] [FML/OreSpawn]: Skipping automatic mod OreSpawn entity registration for already registered class danger.orespawn.RedCow
[00:05:50] [Server thread/DEBUG] [FML/OreSpawn]: Skipping automatic mod OreSpawn entity registration for already registered class danger.orespawn.GoldCow
[00:05:50] [Server thread/DEBUG] [FML/OreSpawn]: Skipping automatic mod OreSpawn entity registration for already registered class danger.orespawn.EnchantedCow
[00:05:50] [Server thread/DEBUG] [FML/OreSpawn]: Skipping automatic mod OreSpawn entity registration for already registered class danger.orespawn.EntityButterfly
[00:05:50] [Server thread/DEBUG] [FML/OreSpawn]: Skipping automatic mod OreSpawn entity registration for already registered class danger.orespawn.EntityLunaMoth
[00:05:50] [Server thread/DEBUG] [FML/OreSpawn]: Skipping automatic mod OreSpawn entity registration for already registered class danger.orespawn.EntityMosquito
[00:05:50] [Server thread/DEBUG] [FML/OreSpawn]: Skipping automatic mod OreSpawn entity registration for already registered class danger.orespawn.Firefly
[00:05:50] [Server thread/DEBUG] [FML/OreSpawn]: Skipping automatic mod OreSpawn entity registration for already registered class danger.orespawn.Bee
[00:05:50] [Server thread/DEBUG] [FML/OreSpawn]: Skipping automatic mod OreSpawn entity registration for already registered class danger.orespawn.Mothra
[00:05:50] [Server thread/DEBUG] [FML/OreSpawn]: Skipping automatic mod OreSpawn entity registration for already registered class danger.orespawn.EntityAnt
[00:05:50] [Server thread/DEBUG] [FML/OreSpawn]: Skipping automatic mod OreSpawn entity registration for already registered class danger.orespawn.EntityRedAnt
[00:05:50] [Server thread/DEBUG] [FML/OreSpawn]: Skipping automatic mod OreSpawn entity registration for already registered class danger.orespawn.EntityRainbowAnt
[00:05:50] [Server thread/DEBUG] [FML/OreSpawn]: Skipping automatic mod OreSpawn entity registration for already registered class danger.orespawn.EntityUnstableAnt
[00:05:50] [Server thread/DEBUG] [FML/OreSpawn]: Skipping automatic mod OreSpawn entity registration for already registered class danger.orespawn.Robot1
[00:05:50] [Server thread/DEBUG] [FML/OreSpawn]: Skipping automatic mod OreSpawn entity registration for already registered class danger.orespawn.Robot2
[00:05:50] [Server thread/DEBUG] [FML/OreSpawn]: Skipping automatic mod OreSpawn entity registration for already registered class danger.orespawn.Robot3
[00:05:50] [Server thread/DEBUG] [FML/OreSpawn]: Skipping automatic mod OreSpawn entity registration for already registered class danger.orespawn.Robot4
[00:05:50] [Server thread/DEBUG] [FML/OreSpawn]: Skipping automatic mod OreSpawn entity registration for already registered class danger.orespawn.Robot5
[00:05:50] [Server thread/DEBUG] [FML/OreSpawn]: Skipping automatic mod OreSpawn entity registration for already registered class danger.orespawn.Alosaurus
[00:05:50] [Server thread/DEBUG] [FML/OreSpawn]: Skipping automatic mod OreSpawn entity registration for already registered class danger.orespawn.Cryolophosaurus
[00:05:50] [Server thread/DEBUG] [FML/OreSpawn]: Skipping automatic mod OreSpawn entity registration for already registered class danger.orespawn.Basilisk
[00:05:50] [Server thread/DEBUG] [FML/OreSpawn]: Skipping automatic mod OreSpawn entity registration for already registered class danger.orespawn.Camarasaurus
[00:05:50] [Server thread/DEBUG] [FML/OreSpawn]: Skipping automatic mod OreSpawn entity registration for already registered class danger.orespawn.Hydrolisc
[00:05:50] [Server thread/DEBUG] [FML/OreSpawn]: Skipping automatic mod OreSpawn entity registration for already registered class danger.orespawn.VelocityRaptor
[00:05:50] [Server thread/DEBUG] [FML/OreSpawn]: Skipping automatic mod OreSpawn entity registration for already registered class danger.orespawn.Dragonfly
[00:05:50] [Server thread/DEBUG] [FML/OreSpawn]: Skipping automatic mod OreSpawn entity registration for already registered class danger.orespawn.EmperorScorpion
[00:05:50] [Server thread/DEBUG] [FML/OreSpawn]: Skipping automatic mod OreSpawn entity registration for already registered class danger.orespawn.Scorpion
[00:05:50] [Server thread/DEBUG] [FML/OreSpawn]: Skipping automatic mod OreSpawn entity registration for already registered class danger.orespawn.CaveFisher
[00:05:50] [Server thread/DEBUG] [FML/OreSpawn]: Skipping automatic mod OreSpawn entity registration for already registered class danger.orespawn.Spyro
[00:05:50] [Server thread/DEBUG] [FML/OreSpawn]: Skipping automatic mod OreSpawn entity registration for already registered class danger.orespawn.Baryonyx
[00:05:50] [Server thread/DEBUG] [FML/OreSpawn]: Skipping automatic mod OreSpawn entity registration for already registered class danger.orespawn.GammaMetroid
[00:05:50] [Server thread/DEBUG] [FML/OreSpawn]: Skipping automatic mod OreSpawn entity registration for already registered class danger.orespawn.Cockateil
[00:05:50] [Server thread/DEBUG] [FML/OreSpawn]: Skipping automatic mod OreSpawn entity registration for already registered class danger.orespawn.RubyBird
[00:05:50] [Server thread/DEBUG] [FML/OreSpawn]: Skipping automatic mod OreSpawn entity registration for already registered class danger.orespawn.Kyuubi
[00:05:50] [Server thread/DEBUG] [FML/OreSpawn]: Skipping automatic mod OreSpawn entity registration for already registered class danger.orespawn.WaterDragon
[00:05:50] [Server thread/DEBUG] [FML/OreSpawn]: Skipping automatic mod OreSpawn entity registration for already registered class danger.orespawn.AttackSquid
[00:05:50] [Server thread/DEBUG] [FML/OreSpawn]: Skipping automatic mod OreSpawn entity registration for already registered class danger.orespawn.Alien
[00:05:50] [Server thread/DEBUG] [FML/OreSpawn]: Skipping automatic mod OreSpawn entity registration for already registered class danger.orespawn.Elevator
[00:05:50] [Server thread/DEBUG] [FML/OreSpawn]: Skipping automatic mod OreSpawn entity registration for already registered class danger.orespawn.Kraken
[00:05:50] [Server thread/DEBUG] [FML/OreSpawn]: Skipping automatic mod OreSpawn entity registration for already registered class danger.orespawn.Lizard
[00:05:50] [Server thread/DEBUG] [FML/OreSpawn]: Skipping automatic mod OreSpawn entity registration for already registered class danger.orespawn.Cephadrome
[00:05:50] [Server thread/DEBUG] [FML/OreSpawn]: Skipping automatic mod OreSpawn entity registration for already registered class danger.orespawn.Dragon
[00:05:50] [Server thread/DEBUG] [FML/OreSpawn]: Skipping automatic mod OreSpawn entity registration for already registered class danger.orespawn.Chipmunk
[00:05:50] [Server thread/DEBUG] [FML/OreSpawn]: Skipping automatic mod OreSpawn entity registration for already registered class danger.orespawn.Gazelle
[00:05:50] [Server thread/DEBUG] [FML/OreSpawn]: Skipping automatic mod OreSpawn entity registration for already registered class danger.orespawn.Ostrich
[00:05:50] [Server thread/DEBUG] [FML/OreSpawn]: Skipping automatic mod OreSpawn entity registration for already registered class danger.orespawn.TrooperBug
[00:05:50] [Server thread/DEBUG] [FML/OreSpawn]: Skipping automatic mod OreSpawn entity registration for already registered class danger.orespawn.SpitBug
[00:05:50] [Server thread/DEBUG] [FML/OreSpawn]: Skipping automatic mod OreSpawn entity registration for already registered class danger.orespawn.StinkBug
[00:05:50] [Server thread/DEBUG] [FML/OreSpawn]: Skipping automatic mod OreSpawn entity registration for already registered class danger.orespawn.Tshirt
[00:05:50] [Server thread/DEBUG] [FML/OreSpawn]: Skipping automatic mod OreSpawn entity registration for already registered class danger.orespawn.Island
[00:05:50] [Server thread/DEBUG] [FML/OreSpawn]: Skipping automatic mod OreSpawn entity registration for already registered class danger.orespawn.IslandToo
[00:05:50] [Server thread/DEBUG] [FML/OreSpawn]: Skipping automatic mod OreSpawn entity registration for already registered class danger.orespawn.CreepingHorror
[00:05:50] [Server thread/DEBUG] [FML/OreSpawn]: Skipping automatic mod OreSpawn entity registration for already registered class danger.orespawn.TerribleTerror
[00:05:50] [Server thread/DEBUG] [FML/OreSpawn]: Skipping automatic mod OreSpawn entity registration for already registered class danger.orespawn.CliffRacer
[00:05:50] [Server thread/DEBUG] [FML/OreSpawn]: Skipping automatic mod OreSpawn entity registration for already registered class danger.orespawn.Triffid
[00:05:50] [Server thread/DEBUG] [FML/OreSpawn]: Skipping automatic mod OreSpawn entity registration for already registered class danger.orespawn.PitchBlack
[00:05:50] [Server thread/DEBUG] [FML/OreSpawn]: Skipping automatic mod OreSpawn entity registration for already registered class danger.orespawn.LurkingTerror
[00:05:50] [Server thread/DEBUG] [FML/OreSpawn]: Skipping automatic mod OreSpawn entity registration for already registered class danger.orespawn.Godzilla
[00:05:50] [Server thread/DEBUG] [FML/OreSpawn]: Skipping automatic mod OreSpawn entity registration for already registered class danger.orespawn.Ghost
[00:05:50] [Server thread/DEBUG] [FML/OreSpawn]: Skipping automatic mod OreSpawn entity registration for already registered class danger.orespawn.GhostSkelly
[00:05:50] [Server thread/DEBUG] [FML/OreSpawn]: Skipping automatic mod OreSpawn entity registration for already registered class danger.orespawn.WormSmall
[00:05:50] [Server thread/DEBUG] [FML/OreSpawn]: Skipping automatic mod OreSpawn entity registration for already registered class danger.orespawn.WormMedium
[00:05:50] [Server thread/DEBUG] [FML/OreSpawn]: Skipping automatic mod OreSpawn entity registration for already registered class danger.orespawn.WormLarge
[00:05:50] [Server thread/DEBUG] [FML/OreSpawn]: Skipping automatic mod OreSpawn entity registration for already registered class danger.orespawn.Cassowary
[00:05:50] [Server thread/DEBUG] [FML/OreSpawn]: Skipping automatic mod OreSpawn entity registration for already registered class danger.orespawn.CloudShark
[00:05:50] [Server thread/DEBUG] [FML/OreSpawn]: Skipping automatic mod OreSpawn entity registration for already registered class danger.orespawn.GoldFish
[00:05:50] [Server thread/DEBUG] [FML/OreSpawn]: Skipping automatic mod OreSpawn entity registration for already registered class danger.orespawn.LeafMonster
[00:05:50] [Server thread/DEBUG] [FML/OreSpawn]: Skipping automatic mod OreSpawn entity registration for already registered class danger.orespawn.GodzillaHead
[00:05:50] [Server thread/DEBUG] [FML/OreSpawn]: Skipping automatic mod OreSpawn entity registration for already registered class danger.orespawn.EnderKnight
[00:05:50] [Server thread/DEBUG] [FML/OreSpawn]: Skipping automatic mod OreSpawn entity registration for already registered class danger.orespawn.EnderReaper
[00:05:50] [Server thread/DEBUG] [FML/OreSpawn]: Skipping automatic mod OreSpawn entity registration for already registered class danger.orespawn.Beaver
[00:05:50] [Server thread/DEBUG] [FML/OreSpawn]: Skipping automatic mod OreSpawn entity registration for already registered class danger.orespawn.Termite
[00:05:50] [Server thread/DEBUG] [FML/OreSpawn]: Skipping automatic mod OreSpawn entity registration for already registered class danger.orespawn.Fairy
[00:05:50] [Server thread/DEBUG] [FML/OreSpawn]: Skipping automatic mod OreSpawn entity registration for already registered class danger.orespawn.Peacock
[00:05:50] [Server thread/DEBUG] [FML/OreSpawn]: Skipping automatic mod OreSpawn entity registration for already registered class danger.orespawn.Rotator
[00:05:50] [Server thread/DEBUG] [FML/OreSpawn]: Skipping automatic mod OreSpawn entity registration for already registered class danger.orespawn.Vortex
[00:05:50] [Server thread/DEBUG] [FML/OreSpawn]: Skipping automatic mod OreSpawn entity registration for already registered class danger.orespawn.DungeonBeast
[00:05:50] [Server thread/DEBUG] [FML/OreSpawn]: Skipping automatic mod OreSpawn entity registration for already registered class danger.orespawn.Rat
[00:05:50] [Server thread/DEBUG] [FML/OreSpawn]: Skipping automatic mod OreSpawn entity registration for already registered class danger.orespawn.Flounder
[00:05:50] [Server thread/DEBUG] [FML/OreSpawn]: Skipping automatic mod OreSpawn entity registration for already registered class danger.orespawn.Whale
[00:05:50] [Server thread/DEBUG] [FML/OreSpawn]: Skipping automatic mod OreSpawn entity registration for already registered class danger.orespawn.Irukandji
[00:05:50] [Server thread/DEBUG] [FML/OreSpawn]: Skipping automatic mod OreSpawn entity registration for already registered class danger.orespawn.Skate
[00:05:50] [Server thread/DEBUG] [FML/OreSpawn]: Skipping automatic mod OreSpawn entity registration for already registered class danger.orespawn.Urchin
[00:05:50] [Server thread/DEBUG] [FML/OreSpawn]: Skipping automatic mod OreSpawn entity registration for already registered class danger.orespawn.Mantis
[00:05:50] [Server thread/DEBUG] [FML/OreSpawn]: Skipping automatic mod OreSpawn entity registration for already registered class danger.orespawn.HerculesBeetle
[00:05:50] [Server thread/DEBUG] [FML/OreSpawn]: Skipping automatic mod OreSpawn entity registration for already registered class danger.orespawn.TRex
[00:05:50] [Server thread/DEBUG] [FML/OreSpawn]: Skipping automatic mod OreSpawn entity registration for already registered class danger.orespawn.Stinky
[00:05:50] [Server thread/DEBUG] [FML/OreSpawn]: Skipping automatic mod OreSpawn entity registration for already registered class danger.orespawn.Coin
[00:05:50] [Server thread/DEBUG] [FML/OreSpawn]: Skipping automatic mod OreSpawn entity registration for already registered class danger.orespawn.TheKing
[00:05:50] [Server thread/DEBUG] [FML/OreSpawn]: Skipping automatic mod OreSpawn entity registration for already registered class danger.orespawn.KingHead
[00:05:50] [Server thread/DEBUG] [FML/OreSpawn]: Skipping automatic mod OreSpawn entity registration for already registered class danger.orespawn.TheQueen
[00:05:50] [Server thread/DEBUG] [FML/OreSpawn]: Skipping automatic mod OreSpawn entity registration for already registered class danger.orespawn.QueenHead
[00:05:50] [Server thread/DEBUG] [FML/OreSpawn]: Skipping automatic mod OreSpawn entity registration for already registered class danger.orespawn.Boyfriend
[00:05:50] [Server thread/DEBUG] [FML/OreSpawn]: Skipping automatic mod OreSpawn entity registration for already registered class danger.orespawn.ThePrince
[00:05:50] [Server thread/DEBUG] [FML/OreSpawn]: Skipping automatic mod OreSpawn entity registration for already registered class danger.orespawn.Molenoid
[00:05:50] [Server thread/DEBUG] [FML/OreSpawn]: Skipping automatic mod OreSpawn entity registration for already registered class danger.orespawn.SeaMonster
[00:05:50] [Server thread/DEBUG] [FML/OreSpawn]: Skipping automatic mod OreSpawn entity registration for already registered class danger.orespawn.SeaViper
[00:05:50] [Server thread/DEBUG] [FML/OreSpawn]: Skipping automatic mod OreSpawn entity registration for already registered class danger.orespawn.EasterBunny
[00:05:50] [Server thread/DEBUG] [FML/OreSpawn]: Skipping automatic mod OreSpawn entity registration for already registered class danger.orespawn.CaterKiller
[00:05:50] [Server thread/DEBUG] [FML/OreSpawn]: Skipping automatic mod OreSpawn entity registration for already registered class danger.orespawn.CrystalCow
[00:05:50] [Server thread/DEBUG] [FML/OreSpawn]: Skipping automatic mod OreSpawn entity registration for already registered class danger.orespawn.Leon
[00:05:50] [Server thread/DEBUG] [FML/OreSpawn]: Skipping automatic mod OreSpawn entity registration for already registered class danger.orespawn.Hammerhead
[00:05:50] [Server thread/DEBUG] [FML/OreSpawn]: Skipping automatic mod OreSpawn entity registration for already registered class danger.orespawn.RubberDucky
[00:05:50] [Server thread/DEBUG] [FML/OreSpawn]: Skipping automatic mod OreSpawn entity registration for already registered class danger.orespawn.ThePrinceTeen
[00:05:50] [Server thread/DEBUG] [FML/OreSpawn]: Skipping automatic mod OreSpawn entity registration for already registered class danger.orespawn.BandP
[00:05:50] [Server thread/DEBUG] [FML/OreSpawn]: Skipping automatic mod OreSpawn entity registration for already registered class danger.orespawn.RockBase
[00:05:50] [Server thread/DEBUG] [FML/OreSpawn]: Skipping automatic mod OreSpawn entity registration for already registered class danger.orespawn.Brutalfly
[00:05:50] [Server thread/DEBUG] [FML/OreSpawn]: Skipping automatic mod OreSpawn entity registration for already registered class danger.orespawn.Nastysaurus
[00:05:50] [Server thread/DEBUG] [FML/OreSpawn]: Skipping automatic mod OreSpawn entity registration for already registered class danger.orespawn.Pointysaurus
[00:05:50] [Server thread/DEBUG] [FML/OreSpawn]: Skipping automatic mod OreSpawn entity registration for already registered class danger.orespawn.Cricket
[00:05:50] [Server thread/DEBUG] [FML/OreSpawn]: Skipping automatic mod OreSpawn entity registration for already registered class danger.orespawn.ThePrincess
[00:05:50] [Server thread/DEBUG] [FML/OreSpawn]: Skipping automatic mod OreSpawn entity registration for already registered class danger.orespawn.Frog
[00:05:50] [Server thread/DEBUG] [FML/OreSpawn]: Skipping automatic mod OreSpawn entity registration for already registered class danger.orespawn.ThePrinceAdult
[00:05:50] [Server thread/DEBUG] [FML/OreSpawn]: Skipping automatic mod OreSpawn entity registration for already registered class danger.orespawn.SpiderRobot
[00:05:50] [Server thread/DEBUG] [FML/OreSpawn]: Skipping automatic mod OreSpawn entity registration for already registered class danger.orespawn.SpiderDriver
[00:05:50] [Server thread/DEBUG] [FML/OreSpawn]: Skipping automatic mod OreSpawn entity registration for already registered class danger.orespawn.GiantRobot
[00:05:50] [Server thread/DEBUG] [FML/OreSpawn]: Skipping automatic mod OreSpawn entity registration for already registered class danger.orespawn.AntRobot
[00:05:50] [Server thread/DEBUG] [FML/OreSpawn]: Skipping automatic mod OreSpawn entity registration for already registered class danger.orespawn.Crab
[00:05:50] [Server thread/DEBUG] [FML/OreSpawn]: Skipping automatic mod OreSpawn entity registration for already registered class danger.orespawn.Shoes
[00:05:50] [Server thread/DEBUG] [FML/OreSpawn]: Skipping automatic mod OreSpawn entity registration for already registered class danger.orespawn.EntityCage
[00:05:51] [Server thread/TRACE] [OreSpawn/OreSpawn]: Sent event FMLPreInitializationEvent to mod OreSpawn
[00:05:51] [Server thread/DEBUG] [FML/]: Bar Step: PreInitialization - OreSpawn took 1.387s
[00:05:51] [Server thread/DEBUG] [FML/]: Bar Finished: PreInitialization took 1.431s
[00:05:51] [Server thread/INFO] [FML/]: Applying holder lookups
[00:05:51] [Server thread/INFO] [FML/]: Holder lookups applied
[00:05:51] [Server thread/INFO] [FML/]: Injecting itemstacks
[00:05:51] [Server thread/INFO] [FML/]: Itemstack injection complete
[00:05:51] [Server thread/TRACE] [mcp/mcp]: Sending event FMLInitializationEvent to mod mcp
[00:05:51] [Server thread/TRACE] [mcp/mcp]: Sent event FMLInitializationEvent to mod mcp
[00:05:51] [Server thread/DEBUG] [FML/]: Bar Step: Initialization - Minecraft Coder Pack took 0.000s
[00:05:51] [Server thread/TRACE] [FML/FML]: Sending event FMLInitializationEvent to mod FML
[00:05:51] [Server thread/TRACE] [FML/FML]: Sent event FMLInitializationEvent to mod FML
[00:05:51] [Server thread/DEBUG] [FML/]: Bar Step: Initialization - Forge Mod Loader took 0.001s
[00:05:51] [Server thread/TRACE] [Forge/Forge]: Sending event FMLInitializationEvent to mod Forge
[00:05:51] [Server thread/TRACE] [Forge/Forge]: Sent event FMLInitializationEvent to mod Forge
[00:05:51] [Server thread/DEBUG] [FML/]: Bar Step: Initialization - Minecraft Forge took 0.000s
[00:05:51] [Server thread/TRACE] [OreSpawn/OreSpawn]: Sending event FMLInitializationEvent to mod OreSpawn
[00:05:51] [Server thread/TRACE] [OreSpawn/OreSpawn]: Sent event FMLInitializationEvent to mod OreSpawn
[00:05:51] [Server thread/DEBUG] [FML/]: Bar Step: Initialization - OreSpawn took 0.002s
[00:05:51] [Server thread/DEBUG] [FML/]: Bar Finished: Initialization took 0.004s
[00:05:51] [Server thread/TRACE] [FML/]: Attempting to deliver 0 IMC messages to mod mcp
[00:05:51] [Server thread/TRACE] [mcp/mcp]: Sending event IMCEvent to mod mcp
[00:05:51] [Server thread/TRACE] [mcp/mcp]: Sent event IMCEvent to mod mcp
[00:05:51] [Server thread/DEBUG] [FML/]: Bar Step: InterModComms$IMC - Minecraft Coder Pack took 0.006s
[00:05:51] [Server thread/TRACE] [FML/]: Attempting to deliver 0 IMC messages to mod FML
[00:05:51] [Server thread/TRACE] [FML/FML]: Sending event IMCEvent to mod FML
[00:05:51] [Server thread/TRACE] [FML/FML]: Sent event IMCEvent to mod FML
[00:05:51] [Server thread/DEBUG] [FML/]: Bar Step: InterModComms$IMC - Forge Mod Loader took 0.000s
[00:05:51] [Server thread/TRACE] [FML/]: Attempting to deliver 0 IMC messages to mod Forge
[00:05:51] [Server thread/TRACE] [Forge/Forge]: Sending event IMCEvent to mod Forge
[00:05:51] [Server thread/TRACE] [Forge/Forge]: Sent event IMCEvent to mod Forge
[00:05:51] [Server thread/DEBUG] [FML/]: Bar Step: InterModComms$IMC - Minecraft Forge took 0.000s
[00:05:51] [Server thread/TRACE] [FML/]: Attempting to deliver 0 IMC messages to mod OreSpawn
[00:05:51] [Server thread/TRACE] [OreSpawn/OreSpawn]: Sending event IMCEvent to mod OreSpawn
[00:05:51] [Server thread/TRACE] [OreSpawn/OreSpawn]: Sent event IMCEvent to mod OreSpawn
[00:05:51] [Server thread/DEBUG] [FML/]: Bar Step: InterModComms$IMC - OreSpawn took 0.000s
[00:05:51] [Server thread/DEBUG] [FML/]: Bar Finished: InterModComms$IMC took 0.007s
[00:05:51] [Server thread/INFO] [FML/]: Injecting itemstacks
[00:05:51] [Server thread/INFO] [FML/]: Itemstack injection complete
[00:05:51] [Server thread/TRACE] [mcp/mcp]: Sending event FMLPostInitializationEvent to mod mcp
[00:05:51] [Server thread/TRACE] [mcp/mcp]: Sent event FMLPostInitializationEvent to mod mcp
[00:05:51] [Server thread/DEBUG] [FML/]: Bar Step: PostInitialization - Minecraft Coder Pack took 0.000s
[00:05:51] [Server thread/TRACE] [FML/FML]: Sending event FMLPostInitializationEvent to mod FML
[00:05:51] [Server thread/TRACE] [FML/FML]: Sent event FMLPostInitializationEvent to mod FML
[00:05:51] [Server thread/DEBUG] [FML/]: Bar Step: PostInitialization - Forge Mod Loader took 0.003s
[00:05:51] [Server thread/TRACE] [Forge/Forge]: Sending event FMLPostInitializationEvent to mod Forge
[00:05:51] [Server thread/TRACE] [Forge/Forge]: Sent event FMLPostInitializationEvent to mod Forge
[00:05:51] [Server thread/DEBUG] [FML/]: Bar Step: PostInitialization - Minecraft Forge took 0.017s
[00:05:51] [Server thread/TRACE] [OreSpawn/OreSpawn]: Sending event FMLPostInitializationEvent to mod OreSpawn
[00:05:51] [Server thread/TRACE] [OreSpawn/OreSpawn]: Sent event FMLPostInitializationEvent to mod OreSpawn
[00:05:51] [Server thread/DEBUG] [FML/]: Bar Step: PostInitialization - OreSpawn took 0.013s
[00:05:51] [Server thread/DEBUG] [FML/]: Bar Finished: PostInitialization took 0.033s
[00:05:51] [Server thread/TRACE] [mcp/mcp]: Sending event FMLLoadCompleteEvent to mod mcp
[00:05:51] [Server thread/TRACE] [mcp/mcp]: Sent event FMLLoadCompleteEvent to mod mcp
[00:05:51] [Server thread/DEBUG] [FML/]: Bar Step: LoadComplete - Minecraft Coder Pack took 0.001s
[00:05:51] [Server thread/TRACE] [FML/FML]: Sending event FMLLoadCompleteEvent to mod FML
[00:05:51] [Server thread/TRACE] [FML/FML]: Sent event FMLLoadCompleteEvent to mod FML
[00:05:51] [Server thread/DEBUG] [FML/]: Bar Step: LoadComplete - Forge Mod Loader took 0.001s
[00:05:51] [Server thread/TRACE] [Forge/Forge]: Sending event FMLLoadCompleteEvent to mod Forge
[00:05:51] [Server thread/DEBUG] [FML/Forge]: Forge RecipeSorter Baking:
[00:05:51] [Server thread/DEBUG] [FML/Forge]:   11: RecipeEntry("Before", UNKNOWN, )
[00:05:51] [Server thread/DEBUG] [FML/Forge]:   10: RecipeEntry("minecraft:shaped", SHAPED, net.minecraft.item.crafting.ShapedRecipes) Before: minecraft:shapeless
[00:05:51] [Server thread/DEBUG] [FML/Forge]:   9: RecipeEntry("forge:shapedore", SHAPED, net.minecraftforge.oredict.ShapedOreRecipe) Before: minecraft:shapeless After: minecraft:shaped
[00:05:51] [Server thread/DEBUG] [FML/Forge]:   8: RecipeEntry("minecraft:mapextending", SHAPED, net.minecraft.item.crafting.RecipesMapExtending) Before: minecraft:shapeless After: minecraft:shaped
[00:05:51] [Server thread/DEBUG] [FML/Forge]:   7: RecipeEntry("minecraft:shapeless", SHAPELESS, net.minecraft.item.crafting.ShapelessRecipes) After: minecraft:shaped
[00:05:51] [Server thread/DEBUG] [FML/Forge]:   6: RecipeEntry("forge:shapelessore", SHAPELESS, net.minecraftforge.oredict.ShapelessOreRecipe) After: minecraft:shapeless
[00:05:51] [Server thread/DEBUG] [FML/Forge]:   5: RecipeEntry("minecraft:armordyes", SHAPELESS, net.minecraft.item.crafting.RecipesArmorDyes) After: minecraft:shapeless
[00:05:51] [Server thread/DEBUG] [FML/Forge]:   4: RecipeEntry("minecraft:fireworks", SHAPELESS, net.minecraft.item.crafting.RecipeFireworks) After: minecraft:shapeless
[00:05:51] [Server thread/DEBUG] [FML/Forge]:   3: RecipeEntry("minecraft:bookcloning", SHAPELESS, net.minecraft.item.crafting.RecipeBookCloning) After: minecraft:shapeless
[00:05:51] [Server thread/DEBUG] [FML/Forge]:   2: RecipeEntry("minecraft:mapcloning", SHAPELESS, net.minecraft.item.crafting.RecipesMapCloning) After: minecraft:shapeless
[00:05:51] [Server thread/DEBUG] [FML/Forge]:   1: RecipeEntry("After", UNKNOWN, )
[00:05:51] [Server thread/DEBUG] [FML/Forge]: Sorting recipies
[00:05:51] [Server thread/TRACE] [Forge/Forge]: Sent event FMLLoadCompleteEvent to mod Forge
[00:05:51] [Server thread/DEBUG] [FML/]: Bar Step: LoadComplete - Minecraft Forge took 0.018s
[00:05:51] [Server thread/TRACE] [OreSpawn/OreSpawn]: Sending event FMLLoadCompleteEvent to mod OreSpawn
[00:05:51] [Server thread/TRACE] [OreSpawn/OreSpawn]: Sent event FMLLoadCompleteEvent to mod OreSpawn
[00:05:51] [Server thread/DEBUG] [FML/]: Bar Step: LoadComplete - OreSpawn took 0.001s
[00:05:51] [Server thread/DEBUG] [FML/]: Bar Finished: LoadComplete took 0.020s
[00:05:51] [Server thread/DEBUG] [FML/]: Freezing block and item id maps
[00:05:51] [Server thread/DEBUG] [FML/]: Registry consistency check successful
[00:05:51] [Server thread/DEBUG] [FML/]: Registry consistency check successful
[00:05:51] [Server thread/INFO] [FML/]: Forge Mod Loader has successfully loaded 4 mods
[00:05:51] [Server thread/TRACE] [mcp/mcp]: Sending event FMLServerAboutToStartEvent to mod mcp
[00:05:51] [Server thread/TRACE] [mcp/mcp]: Sent event FMLServerAboutToStartEvent to mod mcp
[00:05:51] [Server thread/DEBUG] [FML/]: Bar Step: ServerAboutToStart - Minecraft Coder Pack took 0.001s
[00:05:51] [Server thread/TRACE] [FML/FML]: Sending event FMLServerAboutToStartEvent to mod FML
[00:05:51] [Server thread/TRACE] [FML/FML]: Sent event FMLServerAboutToStartEvent to mod FML
[00:05:51] [Server thread/DEBUG] [FML/]: Bar Step: ServerAboutToStart - Forge Mod Loader took 0.001s
[00:05:51] [Server thread/TRACE] [Forge/Forge]: Sending event FMLServerAboutToStartEvent to mod Forge
[00:05:51] [Server thread/TRACE] [Forge/Forge]: Sent event FMLServerAboutToStartEvent to mod Forge
[00:05:51] [Server thread/DEBUG] [FML/]: Bar Step: ServerAboutToStart - Minecraft Forge took 0.001s
[00:05:51] [Server thread/TRACE] [OreSpawn/OreSpawn]: Sending event FMLServerAboutToStartEvent to mod OreSpawn
[00:05:51] [Server thread/TRACE] [OreSpawn/OreSpawn]: Sent event FMLServerAboutToStartEvent to mod OreSpawn
[00:05:51] [Server thread/DEBUG] [FML/]: Bar Step: ServerAboutToStart - OreSpawn took 0.001s
[00:05:51] [Server thread/DEBUG] [FML/]: Bar Finished: ServerAboutToStart took 0.004s
[00:05:51] [Server thread/INFO] [FML/]: Injecting existing block and item data into this server instance
[00:05:51] [Server thread/DEBUG] [FML/]: Registry consistency check successful
[00:05:51] [Server thread/INFO] [FML/]: Injecting new block and item data into this server instance.
[00:05:51] [Server thread/INFO] [FML/]: Injected new block/item OreSpawn:OreSpawn_DragonflySpawnBlock: 206 (init) -> 206 (map).
[00:05:51] [Server thread/INFO] [FML/]: Injected new block/item OreSpawn:OreSpawn_WitherSkeletonSpawnBlock: 220 (init) -> 220 (map).
[00:05:51] [Server thread/INFO] [FML/]: Injected new block/item OreSpawn:OreSpawn_MothPlant: 483 (init) -> 483 (map).
[00:05:51] [Server thread/INFO] [FML/]: Injected new block/item OreSpawn:OreSpawn_CowSpawnBlock: 167 (init) -> 167 (map).
[00:05:51] [Server thread/INFO] [FML/]: Injected new block/item OreSpawn:OreSpawn_PigSpawnBlock: 168 (init) -> 168 (map).
[00:05:51] [Server thread/INFO] [FML/]: Injected new block/item OreSpawn:OreSpawn_RainbowAntBlock: 539 (init) -> 539 (map).
[00:05:51] [Server thread/INFO] [FML/]: Injected new block/item OreSpawn:OreSpawn_CreeperSpawnBlock: 177 (init) -> 177 (map).
[00:05:51] [Server thread/INFO] [FML/]: Injected new block/item OreSpawn:OreSpawn_CliffRacerSpawnBlock: 238 (init) -> 238 (map).
[00:05:51] [Server thread/INFO] [FML/]: Injected new block/item OreSpawn:OreSpawn_LavafoamBlock: 457 (init) -> 457 (map).
[00:05:51] [Server thread/INFO] [FML/]: Injected new block/item OreSpawn:OreSpawn_MosquitoPlant: 484 (init) -> 484 (map).
[00:05:51] [Server thread/INFO] [FML/]: Injected new block/item OreSpawn:OreSpawn_OreTermiteTrollBlock: 469 (init) -> 469 (map).
[00:05:51] [Server thread/INFO] [FML/]: Injected new block/item OreSpawn:OreSpawn_AppleLeaves: 502 (init) -> 502 (map).
[00:05:51] [Server thread/INFO] [FML/]: Injected new block/item OreSpawn:OreSpawn_CricketSpawnBlock: 445 (init) -> 445 (map).
[00:05:51] [Server thread/INFO] [FML/]: Injected new block/item OreSpawn:OreSpawn_WolfSpawnBlock: 189 (init) -> 189 (map).
[00:05:51] [Server thread/INFO] [FML/]: Injected new block/item OreSpawn:OreSpawn_DuplicatorLog: 508 (init) -> 508 (map).
[00:05:51] [Server thread/INFO] [FML/]: Injected new block/item OreSpawn:OreSpawn_CaveSpiderSpawnBlock: 184 (init) -> 184 (map).
[00:05:51] [Server thread/INFO] [FML/]: Injected new block/item OreSpawn:OreSpawn_BeaverSpawnBlock: 411 (init) -> 411 (map).
[00:05:51] [Server thread/INFO] [FML/]: Injected new block/item OreSpawn:OreSpawn_LettucePlant3: 500 (init) -> 500 (map).
[00:05:51] [Server thread/INFO] [FML/]: Injected new block/item OreSpawn:OreSpawn_CrystalFlowerRed: 517 (init) -> 517 (map).
[00:05:51] [Server thread/INFO] [FML/]: Injected new block/item OreSpawn:OreSpawn_OreUraniumBlock: 453 (init) -> 453 (map).
[00:05:51] [Server thread/INFO] [FML/]: Injected new block/item OreSpawn:OreSpawn_LettucePlant2: 499 (init) -> 499 (map).
[00:05:51] [Server thread/INFO] [FML/]: Injected new block/item OreSpawn:OreSpawn_LettucePlant4: 501 (init) -> 501 (map).
[00:05:51] [Server thread/INFO] [FML/]: Injected new block/item OreSpawn:OreSpawn_SkyTreeLog: 507 (init) -> 507 (map).
[00:05:51] [Server thread/INFO] [FML/]: Injected new block/item OreSpawn:OreSpawn_FlowerScary: 516 (init) -> 516 (map).
[00:05:51] [Server thread/INFO] [FML/]: Injected new block/item OreSpawn:OreSpawn_HydroSpawnBlock: 204 (init) -> 204 (map).
[00:05:51] [Server thread/INFO] [FML/]: Injected new block/item OreSpawn:OreSpawn_ChickenSpawnBlock: 176 (init) -> 176 (map).
[00:05:51] [Server thread/INFO] [FML/]: Injected new block/item OreSpawn:OreSpawn_GodzillaPartSpawnBlock: 242 (init) -> 242 (map).
[00:05:51] [Server thread/INFO] [FML/]: Injected new block/item OreSpawn:OreSpawn_LettucePlant1: 498 (init) -> 498 (map).
[00:05:51] [Server thread/INFO] [FML/]: Injected new block/item OreSpawn:OreSpawn_SeaViperSpawnBlock: 437 (init) -> 437 (map).
[00:05:51] [Server thread/INFO] [FML/]: Injected new block/item OreSpawn:OreSpawn_HammerheadSpawnBlock: 439 (init) -> 439 (map).
[00:05:51] [Server thread/INFO] [FML/]: Injected new block/item OreSpawn:OreSpawn_KyuubiSpawnBlock: 214 (init) -> 214 (map).
[00:05:51] [Server thread/INFO] [FML/]: Injected new block/item OreSpawn:OreSpawn_CrystalFlowerGreen: 518 (init) -> 518 (map).
[00:05:51] [Server thread/INFO] [FML/]: Injected new block/item OreSpawn:OreSpawn_OreSaltBlock: 449 (init) -> 449 (map).
[00:05:51] [Server thread/INFO] [FML/]: Injected new block/item OreSpawn:OreSpawn_OreCrystalRatBlock: 467 (init) -> 467 (map).
[00:05:51] [Server thread/INFO] [FML/]: Injected new block/item OreSpawn:OreSpawn_BeeSpawnBlock: 228 (init) -> 228 (map).
[00:05:51] [Server thread/INFO] [FML/]: Injected new block/item OreSpawn:OreSpawn_GazelleSpawnBlock: 234 (init) -> 234 (map).
[00:05:51] [Server thread/INFO] [FML/]: Injected new block/item OreSpawn:OreSpawn_Island: 529 (init) -> 529 (map).
[00:05:51] [Server thread/INFO] [FML/]: Injected new block/item OreSpawn:OreSpawn_FairySpawnBlock: 423 (init) -> 423 (map).
[00:05:51] [Server thread/INFO] [FML/]: Injected new block/item OreSpawn:OreSpawn_CrystalLeaves3: 523 (init) -> 523 (map).
[00:05:51] [Server thread/INFO] [FML/]: Injected new block/item OreSpawn:OreSpawn_MoleDirtBlock: 451 (init) -> 451 (map).
[00:05:51] [Server thread/INFO] [FML/]: Injected new block/item OreSpawn:OreSpawn_CrystalLeaves2: 522 (init) -> 522 (map).
[00:05:51] [Server thread/INFO] [FML/]: Injected new block/item OreSpawn:OreSpawn_ExperiencePlant: 509 (init) -> 509 (map).
[00:05:51] [Server thread/INFO] [FML/]: Injected new block/item OreSpawn:OreSpawn_RadishPlant: 480 (init) -> 480 (map).
[00:05:51] [Server thread/INFO] [FML/]: Injected new block/item OreSpawn:OreSpawn_CrystalPlant2: 511 (init) -> 511 (map).
[00:05:51] [Server thread/INFO] [FML/]: Injected new block/item OreSpawn:OreSpawn_CrystalPlant3: 512 (init) -> 512 (map).
[00:05:51] [Server thread/INFO] [FML/]: Injected new block/item OreSpawn:OreSpawn_CaterKillerSpawnBlock: 434 (init) -> 434 (map).
[00:05:51] [Server thread/INFO] [FML/]: Injected new block/item OreSpawn:OreSpawn_AloSpawnBlock: 200 (init) -> 200 (map).
[00:05:51] [Server thread/INFO] [FML/]: Injected new block/item OreSpawn:OreSpawn_TomatoPlant1: 494 (init) -> 494 (map).
[00:05:51] [Server thread/INFO] [FML/]: Injected new block/item OreSpawn:OreSpawn_TrooperBugSpawnBlock: 230 (init) -> 230 (map).
[00:05:51] [Server thread/INFO] [FML/]: Injected new block/item OreSpawn:OreSpawn_TomatoPlant3: 496 (init) -> 496 (map).
[00:05:51] [Server thread/INFO] [FML/]: Injected new block/item OreSpawn:OreSpawn_TomatoPlant2: 495 (init) -> 495 (map).
[00:05:51] [Server thread/INFO] [FML/]: Injected new block/item OreSpawn:OreSpawn_DungeonBeastSpawnBlock: 424 (init) -> 424 (map).
[00:05:51] [Server thread/INFO] [FML/]: Injected new block/item OreSpawn:OreSpawn_LeafMonsterSpawnBlock: 254 (init) -> 254 (map).
[00:05:51] [Server thread/INFO] [FML/]: Injected new block/item OreSpawn:OreSpawn_TomatoPlant4: 497 (init) -> 497 (map).
[00:05:51] [Server thread/INFO] [FML/]: Injected new block/item OreSpawn:OreSpawn_OreRubyBlock: 458 (init) -> 458 (map).
[00:05:51] [Server thread/INFO] [FML/]: Injected new block/item OreSpawn:OreSpawn_SlimeSpawnBlock: 180 (init) -> 180 (map).
[00:05:51] [Server thread/INFO] [FML/]: Injected new block/item OreSpawn:OreSpawn_NastysaurusSpawnBlock: 443 (init) -> 443 (map).
[00:05:51] [Server thread/INFO] [FML/]: Injected new block/item OreSpawn:OreSpawn_CryoSpawnBlock: 201 (init) -> 201 (map).
[00:05:51] [Server thread/INFO] [FML/]: Injected new block/item OreSpawn:OreSpawn_SnowGolemSpawnBlock: 217 (init) -> 217 (map).
[00:05:51] [Server thread/INFO] [FML/]: Injected new block/item OreSpawn:OreSpawn_SpitBugSpawnBlock: 231 (init) -> 231 (map).
[00:05:51] [Server thread/INFO] [FML/]: Injected new block/item OreSpawn:OreSpawn_BrutalflySpawnBlock: 442 (init) -> 442 (map).
[00:05:51] [Server thread/INFO] [FML/]: Injected new block/item OreSpawn:OreSpawn_CrystalFlowerBlue: 519 (init) -> 519 (map).
[00:05:51] [Server thread/INFO] [FML/]: Injected new block/item OreSpawn:OreSpawn_EyeOfEnderBlock: 534 (init) -> 534 (map).
[00:05:51] [Server thread/INFO] [FML/]: Injected new block/item OreSpawn:OreSpawn_GodzillaSpawnBlock: 243 (init) -> 243 (map).
[00:05:51] [Server thread/INFO] [FML/]: Injected new block/item OreSpawn:OreSpawn_GirlfriendSpawnBlock: 192 (init) -> 192 (map).
[00:05:51] [Server thread/INFO] [FML/]: Injected new block/item OreSpawn:OreSpawn_CriminalSpawnBlock: 441 (init) -> 441 (map).
[00:05:51] [Server thread/INFO] [FML/]: Injected new block/item OreSpawn:OreSpawn_HerculesSpawnBlock: 430 (init) -> 430 (map).
[00:05:51] [Server thread/INFO] [FML/]: Injected new block/item OreSpawn:OreSpawn_SquidSpawnBlock: 169 (init) -> 169 (map).
[00:05:51] [Server thread/INFO] [FML/]: Injected new block/item OreSpawn:OreSpawn_StinkySpawnBlock: 432 (init) -> 432 (map).
[00:05:51] [Server thread/INFO] [FML/]: Injected new block/item OreSpawn:OreSpawn_ScorpionSpawnBlock: 208 (init) -> 208 (map).
[00:05:51] [Server thread/INFO] [FML/]: Injected new block/item OreSpawn:OreSpawn_BlazeSpawnBlock: 221 (init) -> 221 (map).
[00:05:51] [Server thread/INFO] [FML/]: Injected new block/item OreSpawn:OreSpawn_ButterflyPlant: 482 (init) -> 482 (map).
[00:05:51] [Server thread/INFO] [FML/]: Injected new block/item OreSpawn:OreSpawn_CreepingHorrorSpawnBlock: 236 (init) -> 236 (map).
[00:05:51] [Server thread/INFO] [FML/]: Injected new block/item OreSpawn:OreSpawn_QuinoaPlant2: 491 (init) -> 491 (map).
[00:05:51] [Server thread/INFO] [FML/]: Injected new block/item OreSpawn:OreSpawn_QueenSpawner: 531 (init) -> 531 (map).
[00:05:51] [Server thread/INFO] [FML/]: Injected new block/item OreSpawn:OreSpawn_QuinoaPlant1: 490 (init) -> 490 (map).
[00:05:51] [Server thread/INFO] [FML/]: Injected new block/item OreSpawn:OreSpawn_StinkBugSpawnBlock: 232 (init) -> 232 (map).
[00:05:51] [Server thread/INFO] [FML/]: Injected new block/item OreSpawn:OreSpawn_QuinoaPlant4: 493 (init) -> 493 (map).
[00:05:51] [Server thread/INFO] [FML/]: Injected new block/item OreSpawn:OreSpawn_VillagerSpawnBlock: 196 (init) -> 196 (map).
[00:05:51] [Server thread/INFO] [FML/]: Injected new block/item OreSpawn:OreSpawn_QuinoaPlant3: 492 (init) -> 492 (map).
[00:05:51] [Server thread/INFO] [FML/]: Injected new block/item OreSpawn:OreSpawn_CloudSharkSpawnBlock: 252 (init) -> 252 (map).
[00:05:51] [Server thread/INFO] [FML/]: Injected new block/item OreSpawn:OreSpawn_ExperienceLeaves: 503 (init) -> 503 (map).
[00:05:51] [Server thread/INFO] [FML/]: Injected new block/item OreSpawn:OreSpawn_ZombiePigmanSpawnBlock: 182 (init) -> 182 (map).
[00:05:51] [Server thread/INFO] [FML/]: Injected new block/item OreSpawn:OreSpawn_AlienSpawnBlock: 215 (init) -> 215 (map).
[00:05:51] [Server thread/INFO] [FML/]: Injected new block/item OreSpawn:OreSpawn_RedAntBlock: 536 (init) -> 536 (map).
[00:05:51] [Server thread/INFO] [FML/]: Injected new block/item OreSpawn:OreSpawn_LargeWormSpawnBlock: 250 (init) -> 250 (map).
[00:05:51] [Server thread/INFO] [FML/]: Injected new block/item OreSpawn:OreSpawn_TermiteBlock: 537 (init) -> 537 (map).
[00:05:51] [Server thread/INFO] [FML/]: Injected new block/item OreSpawn:OreSpawn_PointysaurusSpawnBlock: 444 (init) -> 444 (map).
[00:05:51] [Server thread/INFO] [FML/]: Injected new block/item OreSpawn:OreSpawn_OreCrystalGrassBlock: 472 (init) -> 472 (map).
[00:05:51] [Server thread/INFO] [FML/]: Injected new block/item OreSpawn:OreSpawn_SkateSpawnBlock: 414 (init) -> 414 (map).
[00:05:51] [Server thread/INFO] [FML/]: Injected new block/item OreSpawn:OreSpawn_SilverfishSpawnBlock: 185 (init) -> 185 (map).
[00:05:51] [Server thread/INFO] [FML/]: Injected new block/item OreSpawn:OreSpawn_SpiderDriverSpawnBlock: 447 (init) -> 447 (map).
[00:05:51] [Server thread/INFO] [FML/]: Injected new block/item OreSpawn:OreSpawn_BoyfriendSpawnBlock: 193 (init) -> 193 (map).
[00:05:51] [Server thread/INFO] [FML/]: Injected new block/item OreSpawn:OreSpawn_CornPlant1: 486 (init) -> 486 (map).
[00:05:51] [Server thread/INFO] [FML/]: Injected new block/item OreSpawn:OreSpawn_MOTHRASpawnBlock: 199 (init) -> 199 (map).
[00:05:51] [Server thread/INFO] [FML/]: Injected new block/item OreSpawn:OreSpawn_TerribleTerrorSpawnBlock: 237 (init) -> 237 (map).
[00:05:51] [Server thread/INFO] [FML/]: Injected new block/item OreSpawn:OreSpawn_OstrichSpawnBlock: 233 (init) -> 233 (map).
[00:05:51] [Server thread/INFO] [FML/]: Injected new block/item OreSpawn:OreSpawn_CrystalFurnaceBlock: 477 (init) -> 477 (map).
[00:05:51] [Server thread/INFO] [FML/]: Injected new block/item OreSpawn:OreSpawn_CornPlant4: 489 (init) -> 489 (map).
[00:05:51] [Server thread/INFO] [FML/]: Injected new block/item OreSpawn:OreSpawn_EndermanSpawnBlock: 183 (init) -> 183 (map).
[00:05:51] [Server thread/INFO] [FML/]: Injected new block/item OreSpawn:OreSpawn_CornPlant2: 487 (init) -> 487 (map).
[00:05:51] [Server thread/INFO] [FML/]: Injected new block/item OreSpawn:OreSpawn_CornPlant3: 488 (init) -> 488 (map).
[00:05:51] [Server thread/INFO] [FML/]: Injected new block/item OreSpawn:OreSpawn_RTPBlock: 450 (init) -> 450 (map).
[00:05:51] [Server thread/INFO] [FML/]: Injected new block/item OreSpawn:OreSpawn_CrystalTreeLog: 524 (init) -> 524 (map).
[00:05:51] [Server thread/INFO] [FML/]: Injected new block/item OreSpawn:OreSpawn_WaterDragonSpawnBlock: 223 (init) -> 223 (map).
[00:05:51] [Server thread/INFO] [FML/]: Injected new block/item OreSpawn:OreSpawn_RubberDuckySpawnBlock: 440 (init) -> 440 (map).
[00:05:51] [Server thread/INFO] [FML/]: Injected new block/item OreSpawn:OreSpawn_SpyroSpawnBlock: 210 (init) -> 210 (map).
[00:05:51] [Server thread/INFO] [FML/]: Injected new block/item OreSpawn:OreSpawn_MooshroomSpawnBlock: 190 (init) -> 190 (map).
[00:05:51] [Server thread/INFO] [FML/]: Injected new block/item OreSpawn:OreSpawn_CrystalPlanksBlock: 475 (init) -> 475 (map).
[00:05:51] [Server thread/INFO] [FML/]: Injected new block/item OreSpawn:OreSpawn_UnstableAntBlock: 540 (init) -> 540 (map).
[00:05:51] [Server thread/INFO] [FML/]: Injected new block/item OreSpawn:OreSpawn_GoldCowSpawnBlock: 197 (init) -> 197 (map).
[00:05:51] [Server thread/INFO] [FML/]: Injected new block/item OreSpawn:OreSpawn_OcelotSpawnBlock: 219 (init) -> 219 (map).
[00:05:51] [Server thread/INFO] [FML/]: Injected new block/item OreSpawn:OreSpawn_TigersEyeBlock: 463 (init) -> 463 (map).
[00:05:51] [Server thread/INFO] [FML/]: Injected new block/item OreSpawn:OreSpawn_CrystalTermiteBlock: 538 (init) -> 538 (map).
[00:05:51] [Server thread/INFO] [FML/]: Injected new block/item OreSpawn:OreSpawn_FlowerPink: 513 (init) -> 513 (map).
[00:05:51] [Server thread/INFO] [FML/]: Injected new block/item OreSpawn:OreSpawn_TRexSpawnBlock: 429 (init) -> 429 (map).
[00:05:51] [Server thread/INFO] [FML/]: Injected new block/item OreSpawn:OreSpawn_MolenoidSpawnBlock: 435 (init) -> 435 (map).
[00:05:51] [Server thread/INFO] [FML/]: Injected new block/item OreSpawn:OreSpawn_EmperorScorpionSpawnBlock: 207 (init) -> 207 (map).
[00:05:51] [Server thread/INFO] [FML/]: Injected new block/item OreSpawn:OreSpawn_FlowerBlack: 515 (init) -> 515 (map).
[00:05:51] [Server thread/INFO] [FML/]: Injected new block/item OreSpawn:OreSpawn_DuctTapeBlock: 465 (init) -> 465 (map).
[00:05:51] [Server thread/INFO] [FML/]: Injected new block/item OreSpawn:OreSpawn_BlockMobzillaScaleBlock: 455 (init) -> 455 (map).
[00:05:51] [Server thread/INFO] [FML/]: Injected new block/item OreSpawn:OreSpawn_OreCrystalCrystalBlock: 473 (init) -> 473 (map).
[00:05:51] [Server thread/INFO] [FML/]: Injected new block/item OreSpawn:OreSpawn_RicePlant: 481 (init) -> 481 (map).
[00:05:51] [Server thread/INFO] [FML/]: Injected new block/item OreSpawn:OreSpawn_KrakenRepellent: 527 (init) -> 527 (map).
[00:05:51] [Server thread/INFO] [FML/]: Injected new block/item OreSpawn:OreSpawn_BatSpawnBlock: 166 (init) -> 166 (map).
[00:05:51] [Server thread/INFO] [FML/]: Injected new block/item OreSpawn:OreSpawn_ExtremeTorch: 525 (init) -> 525 (map).
[00:05:51] [Server thread/INFO] [FML/]: Injected new block/item OreSpawn:OreSpawn_EnchantedCowSpawnBlock: 198 (init) -> 198 (map).
[00:05:51] [Server thread/INFO] [FML/]: Injected new block/item OreSpawn:OreSpawn_BlockUraniumBlock: 456 (init) -> 456 (map).
[00:05:51] [Server thread/INFO] [FML/]: Injected new block/item OreSpawn:OreSpawn_CaveFisherSpawnBlock: 209 (init) -> 209 (map).
[00:05:51] [Server thread/INFO] [FML/]: Injected new block/item OreSpawn:OreSpawn_TshirtSpawnBlock: 255 (init) -> 255 (map).
[00:05:51] [Server thread/INFO] [FML/]: Injected new block/item OreSpawn:OreSpawn_FlounderSpawnBlock: 413 (init) -> 413 (map).
[00:05:51] [Server thread/INFO] [FML/]: Injected new block/item OreSpawn:OreSpawn_FlowerBlue: 514 (init) -> 514 (map).
[00:05:51] [Server thread/INFO] [FML/]: Injected new block/item OreSpawn:OreSpawn_ZombieSpawnBlock: 179 (init) -> 179 (map).
[00:05:51] [Server thread/INFO] [FML/]: Injected new block/item OreSpawn:OreSpawn_CockateilSpawnBlock: 213 (init) -> 213 (map).
[00:05:51] [Server thread/INFO] [FML/]: Injected new block/item OreSpawn:OreSpawn_TheKingSpawnBlock: 245 (init) -> 245 (map).
[00:05:51] [Server thread/INFO] [FML/]: Injected new block/item OreSpawn:OreSpawn_MagmaCubeSpawnBlock: 186 (init) -> 186 (map).
[00:05:51] [Server thread/INFO] [FML/]: Injected new block/item OreSpawn:OreSpawn_CrabSpawnBlock: 448 (init) -> 448 (map).
[00:05:51] [Server thread/INFO] [FML/]: Injected new block/item OreSpawn:OreSpawn_CrystalPlant: 510 (init) -> 510 (map).
[00:05:51] [Server thread/INFO] [FML/]: Injected new block/item OreSpawn:OreSpawn_CassowarySpawnBlock: 251 (init) -> 251 (map).
[00:05:51] [Server thread/INFO] [FML/]: Injected new block/item OreSpawn:OreSpawn_FrogSpawnBlock: 446 (init) -> 446 (map).
[00:05:51] [Server thread/INFO] [FML/]: Injected new block/item OreSpawn:OreSpawn_IronGolemSpawnBlock: 216 (init) -> 216 (map).
[00:05:51] [Server thread/INFO] [FML/]: Injected new block/item OreSpawn:OreSpawn_MediumWormSpawnBlock: 249 (init) -> 249 (map).
[00:05:51] [Server thread/INFO] [FML/]: Injected new block/item OreSpawn:OreSpawn_RotatorSpawnBlock: 415 (init) -> 415 (map).
[00:05:51] [Server thread/INFO] [FML/]: Injected new block/item OreSpawn:OreSpawn_BlockRubyBlock: 459 (init) -> 459 (map).
[00:05:51] [Server thread/INFO] [FML/]: Injected new block/item OreSpawn:OreSpawn_GhastSpawnBlock: 181 (init) -> 181 (map).
[00:05:51] [Server thread/INFO] [FML/]: Injected new block/item OreSpawn:OreSpawn_TheKingPartSpawnBlock: 244 (init) -> 244 (map).
[00:05:51] [Server thread/INFO] [FML/]: Injected new block/item OreSpawn:OreSpawn_KrakenSpawnBlock: 225 (init) -> 225 (map).
[00:05:51] [Server thread/INFO] [FML/]: Injected new block/item OreSpawn:OreSpawn_OreRedAntTrollBlock: 468 (init) -> 468 (map).
[00:05:51] [Server thread/INFO] [FML/]: Injected new block/item OreSpawn:OreSpawn_LeonSpawnBlock: 438 (init) -> 438 (map).
[00:05:51] [Server thread/INFO] [FML/]: Injected new block/item OreSpawn:OreSpawn_CreeperRepellent: 528 (init) -> 528 (map).
[00:05:51] [Server thread/INFO] [FML/]: Injected new block/item OreSpawn:OreSpawn_EnderDragonSpawnBlock: 218 (init) -> 218 (map).
[00:05:51] [Server thread/INFO] [FML/]: Injected new block/item OreSpawn:OreSpawn_TheQueenSpawnBlock: 247 (init) -> 247 (map).
[00:05:51] [Server thread/INFO] [FML/]: Injected new block/item OreSpawn:OreSpawn_RatSpawnBlock: 426 (init) -> 426 (map).
[00:05:51] [Server thread/INFO] [FML/]: Injected new block/item OreSpawn:OreSpawn_EnderKnightSpawnBlock: 409 (init) -> 409 (map).
[00:05:51] [Server thread/INFO] [FML/]: Injected new block/item OreSpawn:OreSpawn_RedCowSpawnBlock: 194 (init) -> 194 (map).
[00:05:51] [Server thread/INFO] [FML/]: Injected new block/item OreSpawn:OreSpawn_MantisSpawnBlock: 431 (init) -> 431 (map).
[00:05:51] [Server thread/INFO] [FML/]: Injected new block/item OreSpawn:OreSpawn_BaryonyxSpawnBlock: 211 (init) -> 211 (map).
[00:05:51] [Server thread/INFO] [FML/]: Injected new block/item OreSpawn:OreSpawn_SeaMonsterSpawnBlock: 436 (init) -> 436 (map).
[00:05:51] [Server thread/INFO] [FML/]: Injected new block/item OreSpawn:OreSpawn_BlockTitaniumBlock: 454 (init) -> 454 (map).
[00:05:51] [Server thread/INFO] [FML/]: Injected new block/item OreSpawn:OreSpawn_PizzaBlock: 464 (init) -> 464 (map).
[00:05:51] [Server thread/INFO] [FML/]: Injected new block/item OreSpawn:OreSpawn_EnderReaperSpawnBlock: 410 (init) -> 410 (map).
[00:05:51] [Server thread/INFO] [FML/]: Injected new block/item OreSpawn:OreSpawn_CrystalPinkBlock: 462 (init) -> 462 (map).
[00:05:51] [Server thread/INFO] [FML/]: Injected new block/item OreSpawn:OreSpawn_EasterBunnySpawnBlock: 433 (init) -> 433 (map).
[00:05:51] [Server thread/INFO] [FML/]: Injected new block/item OreSpawn:OreSpawn_CrystalCowSpawnBlock: 195 (init) -> 195 (map).
[00:05:51] [Server thread/INFO] [FML/]: Injected new block/item OreSpawn:OreSpawn_SheepSpawnBlock: 188 (init) -> 188 (map).
[00:05:51] [Server thread/INFO] [FML/]: Injected new block/item OreSpawn:OreSpawn_EnderPearlBlock: 533 (init) -> 533 (map).
[00:05:51] [Server thread/INFO] [FML/]: Injected new block/item OreSpawn:OreSpawn_KingSpawner: 530 (init) -> 530 (map).
[00:05:51] [Server thread/INFO] [FML/]: Injected new block/item OreSpawn:OreSpawn_FireflyPlant: 485 (init) -> 485 (map).
[00:05:51] [Server thread/INFO] [FML/]: Injected new block/item OreSpawn:OreSpawn_TriffidSpawnBlock: 239 (init) -> 239 (map).
[00:05:51] [Server thread/INFO] [FML/]: Injected new block/item OreSpawn:OreSpawn_LurkingTerrorSpawnBlock: 241 (init) -> 241 (map).
[00:05:51] [Server thread/INFO] [FML/]: Injected new block/item OreSpawn:OreSpawn_CamaSpawnBlock: 202 (init) -> 202 (map).
[00:05:51] [Server thread/INFO] [FML/]: Injected new block/item OreSpawn:OreSpawn_OreTitaniumBlock: 452 (init) -> 452 (map).
[00:05:51] [Server thread/INFO] [FML/]: Injected new block/item OreSpawn:OreSpawn_ScaryLeaves: 504 (init) -> 504 (map).
[00:05:51] [Server thread/INFO] [FML/]: Injected new block/item OreSpawn:OreSpawn_CherryLeaves: 505 (init) -> 505 (map).
[00:05:51] [Server thread/INFO] [FML/]: Injected new block/item OreSpawn:OreSpawn_CrystalTorch: 526 (init) -> 526 (map).
[00:05:51] [Server thread/INFO] [FML/]: Injected new block/item OreSpawn:OreSpawn_StrawberryPlant: 479 (init) -> 479 (map).
[00:05:51] [Server thread/INFO] [FML/]: Injected new block/item OreSpawn:OreSpawn_OreCrystalStoneBlock: 466 (init) -> 466 (map).
[00:05:51] [Server thread/INFO] [FML/]: Injected new block/item OreSpawn:OreSpawn_AntBlock: 535 (init) -> 535 (map).
[00:05:51] [Server thread/INFO] [FML/]: Injected new block/item OreSpawn:OreSpawn_OreAmethystBlock: 460 (init) -> 460 (map).
[00:05:51] [Server thread/INFO] [FML/]: Injected new block/item OreSpawn:OreSpawn_WitherBossSpawnBlock: 191 (init) -> 191 (map).
[00:05:51] [Server thread/INFO] [FML/]: Injected new block/item OreSpawn:OreSpawn_GoldFishSpawnBlock: 253 (init) -> 253 (map).
[00:05:51] [Server thread/INFO] [FML/]: Injected new block/item OreSpawn:OreSpawn_OreCrystalCoalBlock: 471 (init) -> 471 (map).
[00:05:51] [Server thread/INFO] [FML/]: Injected new block/item OreSpawn:OreSpawn_WitchSpawnBlock: 187 (init) -> 187 (map).
[00:05:51] [Server thread/INFO] [FML/]: Injected new block/item OreSpawn:OreSpawn_CephadromeSpawnBlock: 224 (init) -> 224 (map).
[00:05:51] [Server thread/INFO] [FML/]: Injected new block/item OreSpawn:OreSpawn_CrystalFlowerYellow: 520 (init) -> 520 (map).
[00:05:51] [Server thread/INFO] [FML/]: Injected new block/item OreSpawn:OreSpawn_CrystalFurnaceOnBlock: 478 (init) -> 478 (map).
[00:05:51] [Server thread/INFO] [FML/]: Injected new block/item OreSpawn:OreSpawn_HorseSpawnBlock: 229 (init) -> 229 (map).
[00:05:51] [Server thread/INFO] [FML/]: Injected new block/item OreSpawn:OreSpawn_OreTigersEyeBlock: 474 (init) -> 474 (map).
[00:05:51] [Server thread/INFO] [FML/]: Injected new block/item OreSpawn:OreSpawn_CrystalLeaves: 521 (init) -> 521 (map).
[00:05:51] [Server thread/INFO] [FML/]: Injected new block/item OreSpawn:OreSpawn_TheQueenPartSpawnBlock: 246 (init) -> 246 (map).
[00:05:51] [Server thread/INFO] [FML/]: Injected new block/item OreSpawn:OreSpawn_ChipmunkSpawnBlock: 235 (init) -> 235 (map).
[00:05:51] [Server thread/INFO] [FML/]: Injected new block/item OreSpawn:OreSpawn_SkeletonSpawnBlock: 178 (init) -> 178 (map).
[00:05:51] [Server thread/INFO] [FML/]: Injected new block/item OreSpawn:OreSpawn_WhaleSpawnBlock: 427 (init) -> 427 (map).
[00:05:51] [Server thread/INFO] [FML/]: Injected new block/item OreSpawn:OreSpawn_LizardSpawnBlock: 226 (init) -> 226 (map).
[00:05:51] [Server thread/INFO] [FML/]: Injected new block/item OreSpawn:OreSpawn_DungeonSpawner: 532 (init) -> 532 (map).
[00:05:51] [Server thread/INFO] [FML/]: Injected new block/item OreSpawn:OreSpawn_PitchBlackSpawnBlock: 240 (init) -> 240 (map).
[00:05:51] [Server thread/INFO] [FML/]: Injected new block/item OreSpawn:OreSpawn_CrystalWorkbenchBlock: 476 (init) -> 476 (map).
[00:05:51] [Server thread/INFO] [FML/]: Injected new block/item OreSpawn:OreSpawn_BlockAmethystBlock: 461 (init) -> 461 (map).
[00:05:51] [Server thread/INFO] [FML/]: Injected new block/item OreSpawn:OreSpawn_GammaMetroidSpawnBlock: 212 (init) -> 212 (map).
[00:05:51] [Server thread/INFO] [FML/]: Injected new block/item OreSpawn:OreSpawn_VeloSpawnBlock: 203 (init) -> 203 (map).
[00:05:51] [Server thread/INFO] [FML/]: Injected new block/item OreSpawn:OreSpawn_VortexSpawnBlock: 425 (init) -> 425 (map).
[00:05:51] [Server thread/INFO] [FML/]: Injected new block/item OreSpawn:OreSpawn_AttackSquidSpawnBlock: 222 (init) -> 222 (map).
[00:05:51] [Server thread/INFO] [FML/]: Injected new block/item OreSpawn:OreSpawn_BasilSpawnBlock: 205 (init) -> 205 (map).
[00:05:51] [Server thread/INFO] [FML/]: Injected new block/item OreSpawn:OreSpawn_PeachLeaves: 506 (init) -> 506 (map).
[00:05:51] [Server thread/INFO] [FML/]: Injected new block/item OreSpawn:OreSpawn_SmallWormSpawnBlock: 248 (init) -> 248 (map).
[00:05:51] [Server thread/INFO] [FML/]: Injected new block/item OreSpawn:OreSpawn_SpiderSpawnBlock: 165 (init) -> 165 (map).
[00:05:51] [Server thread/INFO] [FML/]: Injected new block/item OreSpawn:OreSpawn_OreCrystalFairyBlock: 470 (init) -> 470 (map).
[00:05:51] [Server thread/INFO] [FML/]: Injected new block/item OreSpawn:OreSpawn_DragonSpawnBlock: 227 (init) -> 227 (map).
[00:05:51] [Server thread/INFO] [FML/]: Injected new block/item OreSpawn:OreSpawn_PeacockSpawnBlock: 416 (init) -> 416 (map).
[00:05:51] [Server thread/INFO] [FML/]: Injected new block/item OreSpawn:OreSpawn_IrukandjiSpawnBlock: 428 (init) -> 428 (map).
[00:05:51] [Server thread/INFO] [FML/]: Injected new block/item OreSpawn:OreSpawn_UrchinSpawnBlock: 412 (init) -> 412 (map).
[00:05:51] [Server thread/INFO] [FML/]: Injected new block/item OreSpawn:OreSpawn_MediumWormEgg: 4301 (init) -> 4301 (map).
[00:05:51] [Server thread/INFO] [FML/]: Injected new block/item OreSpawn:OreSpawn_DragonflySpawnBlock: 206 (init) -> 206 (map).
[00:05:51] [Server thread/INFO] [FML/]: Injected new block/item OreSpawn:OreSpawn_CagedBasil: 4404 (init) -> 4404 (map).
[00:05:51] [Server thread/INFO] [FML/]: Injected new block/item OreSpawn:OreSpawn_MothPlant: 483 (init) -> 483 (map).
[00:05:51] [Server thread/INFO] [FML/]: Injected new block/item OreSpawn:OreSpawn_Boots: 4160 (init) -> 4160 (map).
[00:05:51] [Server thread/INFO] [FML/]: Injected new block/item OreSpawn:OreSpawn_MothEgg: 4334 (init) -> 4334 (map).
[00:05:51] [Server thread/INFO] [FML/]: Injected new block/item OreSpawn:OreSpawn_CagedCriminal: 4470 (init) -> 4470 (map).
[00:05:51] [Server thread/INFO] [FML/]: Injected new block/item OreSpawn:OreSpawn_ButterflySeed: 4490 (init) -> 4490 (map).
[00:05:51] [Server thread/INFO] [FML/]: Injected new block/item OreSpawn:OreSpawn_CowSpawnBlock: 167 (init) -> 167 (map).
[00:05:51] [Server thread/INFO] [FML/]: Injected new block/item OreSpawn:OreSpawn_CagedSquid: 4368 (init) -> 4368 (map).
[00:05:51] [Server thread/INFO] [FML/]: Injected new block/item OreSpawn:OreSpawn_ExperienceHelmet: 4522 (init) -> 4522 (map).
[00:05:51] [Server thread/INFO] [FML/]: Injected new block/item OreSpawn:OreSpawn_PigSpawnBlock: 168 (init) -> 168 (map).
[00:05:51] [Server thread/INFO] [FML/]: Injected new block/item OreSpawn:OreSpawn_AmethystAxe: 4156 (init) -> 4156 (map).
[00:05:51] [Server thread/INFO] [FML/]: Injected new block/item OreSpawn:OreSpawn_CagedBeaver: 4446 (init) -> 4446 (map).
[00:05:51] [Server thread/INFO] [FML/]: Injected new block/item OreSpawn:OreSpawn_CherrySeed: 4510 (init) -> 4510 (map).
[00:05:51] [Server thread/INFO] [FML/]: Injected new block/item OreSpawn:OreSpawn_RoyalLegs: 4559 (init) -> 4559 (map).
[00:05:51] [Server thread/INFO] [FML/]: Injected new block/item OreSpawn:OreSpawn_CagedSkate: 4449 (init) -> 4449 (map).
[00:05:51] [Server thread/INFO] [FML/]: Injected new block/item OreSpawn:OreSpawn_Robot1Egg: 4322 (init) -> 4322 (map).
[00:05:51] [Server thread/INFO] [FML/]: Injected new block/item OreSpawn:OreSpawn_MosquitoPlant: 484 (init) -> 484 (map).
[00:05:51] [Server thread/INFO] [FML/]: Injected new block/item OreSpawn:OreSpawn_OreTermiteTrollBlock: 469 (init) -> 469 (map).
[00:05:51] [Server thread/INFO] [FML/]: Injected new block/item OreSpawn:OreSpawn_CrystalWoodAxe: 4131 (init) -> 4131 (map).
[00:05:51] [Server thread/INFO] [FML/]: Injected new block/item OreSpawn:OreSpawn_LapisLegs: 4563 (init) -> 4563 (map).
[00:05:51] [Server thread/INFO] [FML/]: Injected new block/item OreSpawn:OreSpawn_AppleLeaves: 502 (init) -> 502 (map).
[00:05:51] [Server thread/INFO] [FML/]: Injected new block/item OreSpawn:OreSpawn_FireFish: 4165 (init) -> 4165 (map).
[00:05:51] [Server thread/INFO] [FML/]: Injected new block/item OreSpawn:OreSpawn_CagedCaveFisher: 4408 (init) -> 4408 (map).
[00:05:51] [Server thread/INFO] [FML/]: Injected new block/item OreSpawn:OreSpawn_QueenBody: 4566 (init) -> 4566 (map).
[00:05:51] [Server thread/INFO] [FML/]: Injected new block/item OreSpawn:OreSpawn_Quinoa: 4486 (init) -> 4486 (map).
[00:05:51] [Server thread/INFO] [FML/]: Injected new block/item OreSpawn:OreSpawn_CricketSpawnBlock: 445 (init) -> 445 (map).
[00:05:51] [Server thread/INFO] [FML/]: Injected new block/item OreSpawn:OreSpawn_LargeWormEgg: 4302 (init) -> 4302 (map).
[00:05:51] [Server thread/INFO] [FML/]: Injected new block/item OreSpawn:OreSpawn_CagedChipmunk: 4425 (init) -> 4425 (map).
[00:05:51] [Server thread/INFO] [FML/]: Injected new block/item OreSpawn:OreSpawn_VortexEye: 4248 (init) -> 4248 (map).
[00:05:51] [Server thread/INFO] [FML/]: Injected new block/item OreSpawn:OreSpawn_CaveSpiderSpawnBlock: 184 (init) -> 184 (map).
[00:05:51] [Server thread/INFO] [FML/]: Injected new block/item OreSpawn:OreSpawn_WhaleEgg: 4318 (init) -> 4318 (map).
[00:05:51] [Server thread/INFO] [FML/]: Injected new block/item OreSpawn:OreSpawn_GammaMetroidEgg: 4276 (init) -> 4276 (map).
[00:05:51] [Server thread/INFO] [FML/]: Injected new block/item OreSpawn:OreSpawn_OreUraniumBlock: 453 (init) -> 453 (map).
[00:05:51] [Server thread/INFO] [FML/]: Injected new block/item OreSpawn:OreSpawn_EnderKnightEgg: 4308 (init) -> 4308 (map).
[00:05:51] [Server thread/INFO] [FML/]: Injected new block/item OreSpawn:OreSpawn_EnderDragonEgg: 4250 (init) -> 4250 (map).
[00:05:51] [Server thread/INFO] [FML/]: Injected new block/item OreSpawn:OreSpawn_Cherry: 4481 (init) -> 4481 (map).
[00:05:51] [Server thread/INFO] [FML/]: Injected new block/item OreSpawn:OreSpawn_BaryonyxEgg: 4275 (init) -> 4275 (map).
[00:05:51] [Server thread/INFO] [FML/]: Injected new block/item OreSpawn:OreSpawn_CagedSheep: 4381 (init) -> 4381 (map).
[00:05:51] [Server thread/INFO] [FML/]: Injected new block/item OreSpawn:OreSpawn_SkyTreeLog: 507 (init) -> 507 (map).
[00:05:51] [Server thread/INFO] [FML/]: Injected new block/item OreSpawn:OreSpawn_TshirtEgg: 4307 (init) -> 4307 (map).
[00:05:51] [Server thread/INFO] [FML/]: Injected new block/item OreSpawn:OreSpawn_Slippers: 4159 (init) -> 4159 (map).
[00:05:51] [Server thread/INFO] [FML/]: Injected new block/item OreSpawn:OreSpawn_CagedWhale: 4456 (init) -> 4456 (map).
[00:05:51] [Server thread/INFO] [FML/]: Injected new block/item OreSpawn:OreSpawn_PeacockFeather: 4174 (init) -> 4174 (map).
[00:05:51] [Server thread/INFO] [FML/]: Injected new block/item OreSpawn:OreSpawn_HydroSpawnBlock: 204 (init) -> 204 (map).
[00:05:51] [Server thread/INFO] [FML/]: Injected new block/item OreSpawn:OreSpawn_CagedGirlfriend: 4386 (init) -> 4386 (map).
[00:05:51] [Server thread/INFO] [FML/]: Injected new block/item OreSpawn:OreSpawn_CagedMOTHRA: 4398 (init) -> 4398 (map).
[00:05:51] [Server thread/INFO] [FML/]: Injected new block/item OreSpawn:OreSpawn_CagedBaryonyx: 4410 (init) -> 4410 (map).
[00:05:51] [Server thread/INFO] [FML/]: Injected new block/item OreSpawn:OreSpawn_Acid: 4202 (init) -> 4202 (map).
[00:05:51] [Server thread/INFO] [FML/]: Injected new block/item OreSpawn:OreSpawn_MobzillaLegs: 4555 (init) -> 4555 (map).
[00:05:51] [Server thread/INFO] [FML/]: Injected new block/item OreSpawn:OreSpawn_BlueFish: 4231 (init) -> 4231 (map).
[00:05:51] [Server thread/INFO] [FML/]: Injected new block/item OreSpawn:OreSpawn_PeacockEgg: 4314 (init) -> 4314 (map).
[00:05:51] [Server thread/INFO] [FML/]: Injected new block/item OreSpawn:OreSpawn_Rice: 4484 (init) -> 4484 (map).
[00:05:51] [Server thread/INFO] [FML/]: Injected new block/item OreSpawn:OreSpawn_SeaViperSpawnBlock: 437 (init) -> 437 (map).
[00:05:51] [Server thread/INFO] [FML/]: Injected new block/item OreSpawn:OreSpawn_CrabbyPatty: 4238 (init) -> 4238 (map).
[00:05:51] [Server thread/INFO] [FML/]: Injected new block/item OreSpawn:OreSpawn_HammerheadSpawnBlock: 439 (init) -> 439 (map).
[00:05:51] [Server thread/INFO] [FML/]: Injected new block/item OreSpawn:OreSpawn_LavaEelLegs: 4503 (init) -> 4503 (map).
[00:05:51] [Server thread/INFO] [FML/]: Injected new block/item OreSpawn:OreSpawn_ButterCandy: 4227 (init) -> 4227 (map).
[00:05:51] [Server thread/INFO] [FML/]: Injected new block/item OreSpawn:OreSpawn_CagedOcelot: 4384 (init) -> 4384 (map).
[00:05:51] [Server thread/INFO] [FML/]: Injected new block/item OreSpawn:OreSpawn_FairySpawnBlock: 423 (init) -> 423 (map).
[00:05:51] [Server thread/INFO] [FML/]: Injected new block/item OreSpawn:OreSpawn_CrabMeat: 4226 (init) -> 4226 (map).
[00:05:51] [Server thread/INFO] [FML/]: Injected new block/item OreSpawn:OreSpawn_MoleDirtBlock: 451 (init) -> 451 (map).
[00:05:51] [Server thread/INFO] [FML/]: Injected new block/item OreSpawn:OreSpawn_Salad: 4236 (init) -> 4236 (map).
[00:05:51] [Server thread/INFO] [FML/]: Injected new block/item OreSpawn:OreSpawn_AntRobotKit: 4180 (init) -> 4180 (map).
[00:05:51] [Server thread/INFO] [FML/]: Injected new block/item OreSpawn:OreSpawn_ExperiencePlant: 509 (init) -> 509 (map).
[00:05:51] [Server thread/INFO] [FML/]: Injected new block/item OreSpawn:OreSpawn_EmeraldHoe: 4125 (init) -> 4125 (map).
[00:05:51] [Server thread/INFO] [FML/]: Injected new block/item OreSpawn:OreSpawn_RadishPlant: 480 (init) -> 480 (map).
[00:05:51] [Server thread/INFO] [FML/]: Injected new block/item OreSpawn:OreSpawn_MantisClaw: 4121 (init) -> 4121 (map).
[00:05:51] [Server thread/INFO] [FML/]: Injected new block/item OreSpawn:OreSpawn_CrystalPlant2: 511 (init) -> 511 (map).
[00:05:51] [Server thread/INFO] [FML/]: Injected new block/item OreSpawn:OreSpawn_CrystalPlant3: 512 (init) -> 512 (map).
[00:05:51] [Server thread/INFO] [FML/]: Injected new block/item OreSpawn:OreSpawn_CaterKillerSpawnBlock: 434 (init) -> 434 (map).
[00:05:51] [Server thread/INFO] [FML/]: Injected new block/item OreSpawn:OreSpawn_AloSpawnBlock: 200 (init) -> 200 (map).
[00:05:51] [Server thread/INFO] [FML/]: Injected new block/item OreSpawn:OreSpawn_CagedLeon: 4467 (init) -> 4467 (map).
[00:05:51] [Server thread/INFO] [FML/]: Injected new block/item OreSpawn:OreSpawn_CrystalStonePickaxe: 4143 (init) -> 4143 (map).
[00:05:51] [Server thread/INFO] [FML/]: Injected new block/item OreSpawn:OreSpawn_TrooperBugSpawnBlock: 230 (init) -> 230 (map).
[00:05:51] [Server thread/INFO] [FML/]: Injected new block/item OreSpawn:OreSpawn_CagedZombiePigman: 4375 (init) -> 4375 (map).
[00:05:51] [Server thread/INFO] [FML/]: Injected new block/item OreSpawn:OreSpawn_DungeonBeastSpawnBlock: 424 (init) -> 424 (map).
[00:05:51] [Server thread/INFO] [FML/]: Injected new block/item OreSpawn:OreSpawn_Wrench: 4222 (init) -> 4222 (map).
[00:05:51] [Server thread/INFO] [FML/]: Injected new block/item OreSpawn:OreSpawn_LeafMonsterSpawnBlock: 254 (init) -> 254 (map).
[00:05:51] [Server thread/INFO] [FML/]: Injected new block/item OreSpawn:OreSpawn_EnchantedCowEgg: 4262 (init) -> 4262 (map).
[00:05:51] [Server thread/INFO] [FML/]: Injected new block/item OreSpawn:OreSpawn_PeacockFeatherLegs: 4552 (init) -> 4552 (map).
[00:05:51] [Server thread/INFO] [FML/]: Injected new block/item OreSpawn:OreSpawn_CagedMantis: 4460 (init) -> 4460 (map).
[00:05:51] [Server thread/INFO] [FML/]: Injected new block/item OreSpawn:OreSpawn_SlimeSpawnBlock: 180 (init) -> 180 (map).
[00:05:51] [Server thread/INFO] [FML/]: Injected new block/item OreSpawn:OreSpawn_HammerheadEgg: 4349 (init) -> 4349 (map).
[00:05:51] [Server thread/INFO] [FML/]: Injected new block/item OreSpawn:OreSpawn_RedRock: 4192 (init) -> 4192 (map).
[00:05:51] [Server thread/INFO] [FML/]: Injected new block/item OreSpawn:OreSpawn_CagedSilverfish: 4378 (init) -> 4378 (map).
[00:05:51] [Server thread/INFO] [FML/]: Injected new block/item OreSpawn:OreSpawn_CagedTerribleTerror: 4432 (init) -> 4432 (map).
[00:05:51] [Server thread/INFO] [FML/]: Injected new block/item OreSpawn:OreSpawn_SparkFish: 4207 (init) -> 4207 (map).
[00:05:51] [Server thread/INFO] [FML/]: Injected new block/item OreSpawn:OreSpawn_CloudSharkEgg: 4304 (init) -> 4304 (map).
[00:05:51] [Server thread/INFO] [FML/]: Injected new block/item OreSpawn:OreSpawn_CagedCephadrome: 4418 (init) -> 4418 (map).
[00:05:51] [Server thread/INFO] [FML/]: Injected new block/item OreSpawn:OreSpawn_SnowGolemSpawnBlock: 217 (init) -> 217 (map).
[00:05:51] [Server thread/INFO] [FML/]: Injected new block/item OreSpawn:OreSpawn_SpitBugSpawnBlock: 231 (init) -> 231 (map).
[00:05:51] [Server thread/INFO] [FML/]: Injected new block/item OreSpawn:OreSpawn_SmallRock: 4190 (init) -> 4190 (map).
[00:05:51] [Server thread/INFO] [FML/]: Injected new block/item OreSpawn:OreSpawn_CrystalFlowerBlue: 519 (init) -> 519 (map).
[00:05:51] [Server thread/INFO] [FML/]: Injected new block/item OreSpawn:OreSpawn_Sifter: 4185 (init) -> 4185 (map).
[00:05:51] [Server thread/INFO] [FML/]: Injected new block/item OreSpawn:OreSpawn_ZooCage6: 4536 (init) -> 4536 (map).
[00:05:51] [Server thread/INFO] [FML/]: Injected new block/item OreSpawn:OreSpawn_HerculesSpawnBlock: 430 (init) -> 430 (map).
[00:05:51] [Server thread/INFO] [FML/]: Injected new block/item OreSpawn:OreSpawn_RubyAxe: 4151 (init) -> 4151 (map).
[00:05:51] [Server thread/INFO] [FML/]: Injected new block/item OreSpawn:OreSpawn_CagedHercules: 4459 (init) -> 4459 (map).
[00:05:51] [Server thread/INFO] [FML/]: Injected new block/item OreSpawn:OreSpawn_ZooCage8: 4537 (init) -> 4537 (map).
[00:05:51] [Server thread/INFO] [FML/]: Injected new block/item OreSpawn:OreSpawn_ZooCage2: 4534 (init) -> 4534 (map).
[00:05:51] [Server thread/INFO] [FML/]: Injected new block/item OreSpawn:OreSpawn_AppleSeed: 4509 (init) -> 4509 (map).
[00:05:51] [Server thread/INFO] [FML/]: Injected new block/item OreSpawn:OreSpawn_ZooCage4: 4535 (init) -> 4535 (map).
[00:05:51] [Server thread/INFO] [FML/]: Injected new block/item OreSpawn:OreSpawn_ScorpionSpawnBlock: 208 (init) -> 208 (map).
[00:05:51] [Server thread/INFO] [FML/]: Injected new block/item OreSpawn:OreSpawn_BlazeSpawnBlock: 221 (init) -> 221 (map).
[00:05:51] [Server thread/INFO] [FML/]: Injected new block/item OreSpawn:OreSpawn_ButterflyPlant: 482 (init) -> 482 (map).
[00:05:51] [Server thread/INFO] [FML/]: Injected new block/item OreSpawn:OreSpawn_CagedCrab: 4477 (init) -> 4477 (map).
[00:05:51] [Server thread/INFO] [FML/]: Injected new block/item OreSpawn:OreSpawn_StepAccross: 4514 (init) -> 4514 (map).
[00:05:51] [Server thread/INFO] [FML/]: Injected new block/item OreSpawn:OreSpawn_KrakenEgg: 4283 (init) -> 4283 (map).
[00:05:51] [Server thread/INFO] [FML/]: Injected new block/item OreSpawn:OreSpawn_QueenHelmet: 4565 (init) -> 4565 (map).
[00:05:51] [Server thread/INFO] [FML/]: Injected new block/item OreSpawn:OreSpawn_CagedVortex: 4454 (init) -> 4454 (map).
[00:05:51] [Server thread/INFO] [FML/]: Injected new block/item OreSpawn:OreSpawn_VillagerSpawnBlock: 196 (init) -> 196 (map).
[00:05:51] [Server thread/INFO] [FML/]: Injected new block/item OreSpawn:OreSpawn_AlienSpawnBlock: 215 (init) -> 215 (map).
[00:05:51] [Server thread/INFO] [FML/]: Injected new block/item OreSpawn:OreSpawn_IceBall: 4189 (init) -> 4189 (map).
[00:05:51] [Server thread/INFO] [FML/]: Injected new block/item OreSpawn:OreSpawn_TermiteBlock: 537 (init) -> 537 (map).
[00:05:51] [Server thread/INFO] [FML/]: Injected new block/item OreSpawn:OreSpawn_PeacockFeatherBoots: 4549 (init) -> 4549 (map).
[00:05:51] [Server thread/INFO] [FML/]: Injected new block/item OreSpawn:OreSpawn_CagedCaveSpider: 4377 (init) -> 4377 (map).
[00:05:51] [Server thread/INFO] [FML/]: Injected new block/item OreSpawn:OreSpawn_ScorpionEgg: 4272 (init) -> 4272 (map).
[00:05:51] [Server thread/INFO] [FML/]: Injected new block/item OreSpawn:OreSpawn_OreCrystalGrassBlock: 472 (init) -> 472 (map).
[00:05:51] [Server thread/INFO] [FML/]: Injected new block/item OreSpawn:OreSpawn_SmallWormEgg: 4300 (init) -> 4300 (map).
[00:05:51] [Server thread/INFO] [FML/]: Injected new block/item OreSpawn:OreSpawn_SkateSpawnBlock: 414 (init) -> 414 (map).
[00:05:51] [Server thread/INFO] [FML/]: Injected new block/item OreSpawn:OreSpawn_SilverfishSpawnBlock: 185 (init) -> 185 (map).
[00:05:51] [Server thread/INFO] [FML/]: Injected new block/item OreSpawn:OreSpawn_KrakenTooth: 4176 (init) -> 4176 (map).
[00:05:51] [Server thread/INFO] [FML/]: Injected new block/item OreSpawn:OreSpawn_SpiderDriverSpawnBlock: 447 (init) -> 447 (map).
[00:05:51] [Server thread/INFO] [FML/]: Injected new block/item OreSpawn:OreSpawn_CrystalStoneAxe: 4146 (init) -> 4146 (map).
[00:05:51] [Server thread/INFO] [FML/]: Injected new block/item OreSpawn:OreSpawn_Salt: 4208 (init) -> 4208 (map).
[00:05:51] [Server thread/INFO] [FML/]: Injected new block/item OreSpawn:OreSpawn_CagedStink: 4430 (init) -> 4430 (map).
[00:05:51] [Server thread/INFO] [FML/]: Injected new block/item OreSpawn:OreSpawn_PizzaItem: 4096 (init) -> 4096 (map).
[00:05:51] [Server thread/INFO] [FML/]: Injected new block/item OreSpawn:OreSpawn_BrutalflyEgg: 4352 (init) -> 4352 (map).
[00:05:51] [Server thread/INFO] [FML/]: Injected new block/item OreSpawn:OreSpawn_CornPlant1: 486 (init) -> 486 (map).
[00:05:51] [Server thread/INFO] [FML/]: Injected new block/item OreSpawn:OreSpawn_OstrichSpawnBlock: 233 (init) -> 233 (map).
[00:05:51] [Server thread/INFO] [FML/]: Injected new block/item OreSpawn:OreSpawn_CrystalFurnaceBlock: 477 (init) -> 477 (map).
[00:05:51] [Server thread/INFO] [FML/]: Injected new block/item OreSpawn:OreSpawn_CornPlant4: 489 (init) -> 489 (map).
[00:05:51] [Server thread/INFO] [FML/]: Injected new block/item OreSpawn:OreSpawn_CornPlant2: 487 (init) -> 487 (map).
[00:05:51] [Server thread/INFO] [FML/]: Injected new block/item OreSpawn:OreSpawn_CornPlant3: 488 (init) -> 488 (map).
[00:05:51] [Server thread/INFO] [FML/]: Injected new block/item OreSpawn:OreSpawn_CrystalTreeLog: 524 (init) -> 524 (map).
[00:05:51] [Server thread/INFO] [FML/]: Injected new block/item OreSpawn:OreSpawn_SkateBow: 4163 (init) -> 4163 (map).
[00:05:51] [Server thread/INFO] [FML/]: Injected new block/item OreSpawn:OreSpawn_CagePig: 4367 (init) -> 4367 (map).
[00:05:51] [Server thread/INFO] [FML/]: Injected new block/item OreSpawn:OreSpawn_PeacockFeatherHelmet: 4550 (init) -> 4550 (map).
[00:05:51] [Server thread/INFO] [FML/]: Injected new block/item OreSpawn:OreSpawn_WaterDragonSpawnBlock: 223 (init) -> 223 (map).
[00:05:51] [Server thread/INFO] [FML/]: Injected new block/item OreSpawn:OreSpawn_RubyLegs: 4528 (init) -> 4528 (map).
[00:05:51] [Server thread/INFO] [FML/]: Injected new block/item OreSpawn:OreSpawn_CagedMooshroom: 4383 (init) -> 4383 (map).
[00:05:51] [Server thread/INFO] [FML/]: Injected new block/item OreSpawn:OreSpawn_DeadStinkBug: 4520 (init) -> 4520 (map).
[00:05:51] [Server thread/INFO] [FML/]: Injected new block/item OreSpawn:OreSpawn_ExperienceCatcher: 4519 (init) -> 4519 (map).
[00:05:51] [Server thread/INFO] [FML/]: Injected new block/item OreSpawn:OreSpawn_CagedBoyfriend: 4387 (init) -> 4387 (map).
[00:05:51] [Server thread/INFO] [FML/]: Injected new block/item OreSpawn:OreSpawn_ZooCage10: 4538 (init) -> 4538 (map).
[00:05:51] [Server thread/INFO] [FML/]: Injected new block/item OreSpawn:OreSpawn_MOTHRAEgg: 4263 (init) -> 4263 (map).
[00:05:51] [Server thread/INFO] [FML/]: Injected new block/item OreSpawn:OreSpawn_BeeEgg: 4286 (init) -> 4286 (map).
[00:05:51] [Server thread/INFO] [FML/]: Injected new block/item OreSpawn:OreSpawn_ChipmunkEgg: 4292 (init) -> 4292 (map).
[00:05:51] [Server thread/INFO] [FML/]: Injected new block/item OreSpawn:OreSpawn_CrystalPlanksBlock: 475 (init) -> 475 (map).
[00:05:51] [Server thread/INFO] [FML/]: Injected new block/item OreSpawn:OreSpawn_GirlfriendEgg: 4254 (init) -> 4254 (map).
[00:05:51] [Server thread/INFO] [FML/]: Injected new block/item OreSpawn:OreSpawn_GoldCowSpawnBlock: 197 (init) -> 197 (map).
[00:05:51] [Server thread/INFO] [FML/]: Injected new block/item OreSpawn:OreSpawn_OcelotSpawnBlock: 219 (init) -> 219 (map).
[00:05:51] [Server thread/INFO] [FML/]: Injected new block/item OreSpawn:OreSpawn_CrystalTermiteBlock: 538 (init) -> 538 (map).
[00:05:51] [Server thread/INFO] [FML/]: Injected new block/item OreSpawn:OreSpawn_FlowerPink: 513 (init) -> 513 (map).
[00:05:51] [Server thread/INFO] [FML/]: Injected new block/item OreSpawn:OreSpawn_GreenRock: 4197 (init) -> 4197 (map).
[00:05:51] [Server thread/INFO] [FML/]: Injected new block/item OreSpawn:OreSpawn_TRexSpawnBlock: 429 (init) -> 429 (map).
[00:05:51] [Server thread/INFO] [FML/]: Injected new block/item OreSpawn:OreSpawn_ZooKeeper: 4181 (init) -> 4181 (map).
[00:05:51] [Server thread/INFO] [FML/]: Injected new block/item OreSpawn:OreSpawn_BigHammer: 4122 (init) -> 4122 (map).
[00:05:51] [Server thread/INFO] [FML/]: Injected new block/item OreSpawn:OreSpawn_StepDown: 4513 (init) -> 4513 (map).
[00:05:51] [Server thread/INFO] [FML/]: Injected new block/item OreSpawn:OreSpawn_CagedGoldCow: 4396 (init) -> 4396 (map).
[00:05:51] [Server thread/INFO] [FML/]: Injected new block/item OreSpawn:OreSpawn_EmperorScorpionSpawnBlock: 207 (init) -> 207 (map).
[00:05:51] [Server thread/INFO] [FML/]: Injected new block/item OreSpawn:OreSpawn_ExperienceSword: 4117 (init) -> 4117 (map).
[00:05:51] [Server thread/INFO] [FML/]: Injected new block/item OreSpawn:OreSpawn_TNTRock: 4201 (init) -> 4201 (map).
[00:05:51] [Server thread/INFO] [FML/]: Injected new block/item OreSpawn:OreSpawn_FlowerBlack: 515 (init) -> 515 (map).
[00:05:51] [Server thread/INFO] [FML/]: Injected new block/item OreSpawn:OreSpawn_BrownAntEgg: 4328 (init) -> 4328 (map).
[00:05:51] [Server thread/INFO] [FML/]: Injected new block/item OreSpawn:OreSpawn_UltimateBow: 4162 (init) -> 4162 (map).
[00:05:51] [Server thread/INFO] [FML/]: Injected new block/item OreSpawn:OreSpawn_IrukandjiEgg: 4319 (init) -> 4319 (map).
[00:05:51] [Server thread/INFO] [FML/]: Injected new block/item OreSpawn:OreSpawn_CagedStinky: 4461 (init) -> 4461 (map).
[00:05:51] [Server thread/INFO] [FML/]: Injected new block/item OreSpawn:OreSpawn_UltimatePickaxe: 4111 (init) -> 4111 (map).
[00:05:51] [Server thread/INFO] [FML/]: Injected new block/item OreSpawn:OreSpawn_CagedVelo: 4402 (init) -> 4402 (map).
[00:05:51] [Server thread/INFO] [FML/]: Injected new block/item OreSpawn:OreSpawn_OreCrystalCrystalBlock: 473 (init) -> 473 (map).
[00:05:51] [Server thread/INFO] [FML/]: Injected new block/item OreSpawn:OreSpawn_CrystalPinkIngot: 4099 (init) -> 4099 (map).
[00:05:51] [Server thread/INFO] [FML/]: Injected new block/item OreSpawn:OreSpawn_CrystalSticks: 4184 (init) -> 4184 (map).
[00:05:51] [Server thread/INFO] [FML/]: Injected new block/item OreSpawn:OreSpawn_BatSpawnBlock: 166 (init) -> 166 (map).
[00:05:51] [Server thread/INFO] [FML/]: Injected new block/item OreSpawn:OreSpawn_ExtremeTorch: 525 (init) -> 525 (map).
[00:05:51] [Server thread/INFO] [FML/]: Injected new block/item OreSpawn:OreSpawn_BlockUraniumBlock: 456 (init) -> 456 (map).
[00:05:51] [Server thread/INFO] [FML/]: Injected new block/item OreSpawn:OreSpawn_CornDog: 4214 (init) -> 4214 (map).
[00:05:51] [Server thread/INFO] [FML/]: Injected new block/item OreSpawn:OreSpawn_FlounderSpawnBlock: 413 (init) -> 413 (map).
[00:05:51] [Server thread/INFO] [FML/]: Injected new block/item OreSpawn:OreSpawn_LavaEel: 4167 (init) -> 4167 (map).
[00:05:51] [Server thread/INFO] [FML/]: Injected new block/item OreSpawn:OreSpawn_RawCornDog: 4216 (init) -> 4216 (map).
[00:05:51] [Server thread/INFO] [FML/]: Injected new block/item OreSpawn:OreSpawn_FlowerBlue: 514 (init) -> 514 (map).
[00:05:51] [Server thread/INFO] [FML/]: Injected new block/item OreSpawn:OreSpawn_Chainsaw: 4110 (init) -> 4110 (map).
[00:05:51] [Server thread/INFO] [FML/]: Injected new block/item OreSpawn:OreSpawn_QueenBoots: 4568 (init) -> 4568 (map).
[00:05:51] [Server thread/INFO] [FML/]: Injected new block/item OreSpawn:OreSpawn_CagedGoldFish: 4442 (init) -> 4442 (map).
[00:05:51] [Server thread/INFO] [FML/]: Injected new block/item OreSpawn:OreSpawn_CagedLizard: 4420 (init) -> 4420 (map).
[00:05:51] [Server thread/INFO] [FML/]: Injected new block/item OreSpawn:OreSpawn_AmethystSword: 4152 (init) -> 4152 (map).
[00:05:51] [Server thread/INFO] [FML/]: Injected new block/item OreSpawn:OreSpawn_RandomDungeon: 4495 (init) -> 4495 (map).
[00:05:51] [Server thread/INFO] [FML/]: Injected new block/item OreSpawn:OreSpawn_ZombieSpawnBlock: 179 (init) -> 179 (map).
[00:05:51] [Server thread/INFO] [FML/]: Injected new block/item OreSpawn:OreSpawn_LapisBoots: 4564 (init) -> 4564 (map).
[00:05:51] [Server thread/INFO] [FML/]: Injected new block/item OreSpawn:OreSpawn_TheKingSpawnBlock: 245 (init) -> 245 (map).
[00:05:51] [Server thread/INFO] [FML/]: Injected new block/item OreSpawn:OreSpawn_GodzillaScale: 4177 (init) -> 4177 (map).
[00:05:51] [Server thread/INFO] [FML/]: Injected new block/item OreSpawn:OreSpawn_MagmaCubeSpawnBlock: 186 (init) -> 186 (map).
[00:05:51] [Server thread/INFO] [FML/]: Injected new block/item OreSpawn:OreSpawn_CrabSpawnBlock: 448 (init) -> 448 (map).
[00:05:51] [Server thread/INFO] [FML/]: Injected new block/item OreSpawn:OreSpawn_CrystalPinkSword: 4132 (init) -> 4132 (map).
[00:05:51] [Server thread/INFO] [FML/]: Injected new block/item OreSpawn:OreSpawn_BerthaGuard: 4240 (init) -> 4240 (map).
[00:05:51] [Server thread/INFO] [FML/]: Injected new block/item OreSpawn:OreSpawn_Slice: 4106 (init) -> 4106 (map).
[00:05:51] [Server thread/INFO] [FML/]: Injected new block/item OreSpawn:OreSpawn_EmeraldSword: 4115 (init) -> 4115 (map).
[00:05:51] [Server thread/INFO] [FML/]: Injected new block/item OreSpawn:OreSpawn_RubyShovel: 4149 (init) -> 4149 (map).
[00:05:51] [Server thread/INFO] [FML/]: Injected new block/item OreSpawn:OreSpawn_FrogSpawnBlock: 446 (init) -> 446 (map).
[00:05:51] [Server thread/INFO] [FML/]: Injected new block/item OreSpawn:OreSpawn_RatSword: 4119 (init) -> 4119 (map).
[00:05:51] [Server thread/INFO] [FML/]: Injected new block/item OreSpawn:OreSpawn_CrystalWoodPickaxe: 4128 (init) -> 4128 (map).
[00:05:51] [Server thread/INFO] [FML/]: Injected new block/item OreSpawn:OreSpawn_CagedScorpion: 4407 (init) -> 4407 (map).
[00:05:51] [Server thread/INFO] [FML/]: Injected new block/item OreSpawn:OreSpawn_MothScaleBoots: 4508 (init) -> 4508 (map).
[00:05:51] [Server thread/INFO] [FML/]: Injected new block/item OreSpawn:OreSpawn_CagedIrukandji: 4457 (init) -> 4457 (map).
[00:05:51] [Server thread/INFO] [FML/]: Injected new block/item OreSpawn:OreSpawn_CagedAttackSquid: 4416 (init) -> 4416 (map).
[00:05:51] [Server thread/INFO] [FML/]: Injected new block/item OreSpawn:OreSpawn_MediumWormSpawnBlock: 249 (init) -> 249 (map).
[00:05:51] [Server thread/INFO] [FML/]: Injected new block/item OreSpawn:OreSpawn_MothScaleHelmet: 4505 (init) -> 4505 (map).
[00:05:51] [Server thread/INFO] [FML/]: Injected new block/item OreSpawn:OreSpawn_CagedBee: 4422 (init) -> 4422 (map).
[00:05:51] [Server thread/INFO] [FML/]: Injected new block/item OreSpawn:OreSpawn_Hammy: 4105 (init) -> 4105 (map).
[00:05:51] [Server thread/INFO] [FML/]: Injected new block/item OreSpawn:OreSpawn_CagedSpit: 4429 (init) -> 4429 (map).
[00:05:51] [Server thread/INFO] [FML/]: Injected new block/item OreSpawn:OreSpawn_GhastSpawnBlock: 181 (init) -> 181 (map).
[00:05:51] [Server thread/INFO] [FML/]: Injected new block/item OreSpawn:OreSpawn_RainbowAntEgg: 4330 (init) -> 4330 (map).
[00:05:51] [Server thread/INFO] [FML/]: Injected new block/item OreSpawn:OreSpawn_OreRedAntTrollBlock: 468 (init) -> 468 (map).
[00:05:51] [Server thread/INFO] [FML/]: Injected new block/item OreSpawn:OreSpawn_RawCrabMeat: 4225 (init) -> 4225 (map).
[00:05:51] [Server thread/INFO] [FML/]: Injected new block/item OreSpawn:OreSpawn_LeonSpawnBlock: 438 (init) -> 438 (map).
[00:05:51] [Server thread/INFO] [FML/]: Injected new block/item OreSpawn:OreSpawn_CephadromeEgg: 4282 (init) -> 4282 (map).
[00:05:51] [Server thread/INFO] [FML/]: Injected new block/item OreSpawn:OreSpawn_CagedMediumWorm: 4438 (init) -> 4438 (map).
[00:05:51] [Server thread/INFO] [FML/]: Injected new block/item OreSpawn:OreSpawn_CreeperRepellent: 528 (init) -> 528 (map).
[00:05:51] [Server thread/INFO] [FML/]: Injected new block/item OreSpawn:OreSpawn_Irukandji: 4203 (init) -> 4203 (map).
[00:05:51] [Server thread/INFO] [FML/]: Injected new block/item OreSpawn:OreSpawn_TheQueenSpawnBlock: 247 (init) -> 247 (map).
[00:05:51] [Server thread/INFO] [FML/]: Injected new block/item OreSpawn:OreSpawn_CaterKillerJaw: 4246 (init) -> 4246 (map).
[00:05:51] [Server thread/INFO] [FML/]: Injected new block/item OreSpawn:OreSpawn_OstrichEgg: 4290 (init) -> 4290 (map).
[00:05:51] [Server thread/INFO] [FML/]: Injected new block/item OreSpawn:OreSpawn_AntRobotEgg: 4359 (init) -> 4359 (map).
[00:05:51] [Server thread/INFO] [FML/]: Injected new block/item OreSpawn:OreSpawn_UltimateBody: 4498 (init) -> 4498 (map).
[00:05:51] [Server thread/INFO] [FML/]: Injected new block/item OreSpawn:OreSpawn_RatSpawnBlock: 426 (init) -> 426 (map).
[00:05:51] [Server thread/INFO] [FML/]: Injected new block/item OreSpawn:OreSpawn_EnderKnightSpawnBlock: 409 (init) -> 409 (map).
[00:05:51] [Server thread/INFO] [FML/]: Injected new block/item OreSpawn:OreSpawn_MantisSpawnBlock: 431 (init) -> 431 (map).
[00:05:51] [Server thread/INFO] [FML/]: Injected new block/item OreSpawn:OreSpawn_BaryonyxSpawnBlock: 211 (init) -> 211 (map).
[00:05:51] [Server thread/INFO] [FML/]: Injected new block/item OreSpawn:OreSpawn_SeaMonsterSpawnBlock: 436 (init) -> 436 (map).
[00:05:51] [Server thread/INFO] [FML/]: Injected new block/item OreSpawn:OreSpawn_BlockTitaniumBlock: 454 (init) -> 454 (map).
[00:05:51] [Server thread/INFO] [FML/]: Injected new block/item OreSpawn:OreSpawn_CagedEnderReaper: 4445 (init) -> 4445 (map).
[00:05:51] [Server thread/INFO] [FML/]: Injected new block/item OreSpawn:OreSpawn_CagedLargeWorm: 4439 (init) -> 4439 (map).
[00:05:51] [Server thread/INFO] [FML/]: Injected new block/item OreSpawn:OreSpawn_CagedRubberDucky: 4469 (init) -> 4469 (map).
[00:05:51] [Server thread/INFO] [FML/]: Injected new block/item OreSpawn:OreSpawn_CrystalTNTRock: 4196 (init) -> 4196 (map).
[00:05:51] [Server thread/INFO] [FML/]: Injected new block/item OreSpawn:OreSpawn_QueenBattleAxe: 4109 (init) -> 4109 (map).
[00:05:51] [Server thread/INFO] [FML/]: Injected new block/item OreSpawn:OreSpawn_CamaEgg: 4266 (init) -> 4266 (map).
[00:05:51] [Server thread/INFO] [FML/]: Injected new block/item OreSpawn:OreSpawn_BeaverEgg: 4310 (init) -> 4310 (map).
[00:05:51] [Server thread/INFO] [FML/]: Injected new block/item OreSpawn:OreSpawn_TigersEyeHoe: 4140 (init) -> 4140 (map).
[00:05:51] [Server thread/INFO] [FML/]: Injected new block/item OreSpawn:OreSpawn_CagedSpider: 4364 (init) -> 4364 (map).
[00:05:51] [Server thread/INFO] [FML/]: Injected new block/item OreSpawn:OreSpawn_CagedEasterBunny: 4462 (init) -> 4462 (map).
[00:05:51] [Server thread/INFO] [FML/]: Injected new block/item OreSpawn:OreSpawn_SheepSpawnBlock: 188 (init) -> 188 (map).
[00:05:51] [Server thread/INFO] [FML/]: Injected new block/item OreSpawn:OreSpawn_CagedWitherBoss: 4392 (init) -> 4392 (map).
[00:05:51] [Server thread/INFO] [FML/]: Injected new block/item OreSpawn:OreSpawn_EnderPearlBlock: 533 (init) -> 533 (map).
[00:05:51] [Server thread/INFO] [FML/]: Injected new block/item OreSpawn:OreSpawn_KingSpawner: 530 (init) -> 530 (map).
[00:05:51] [Server thread/INFO] [FML/]: Injected new block/item OreSpawn:OreSpawn_Strawberry: 4478 (init) -> 4478 (map).
[00:05:51] [Server thread/INFO] [FML/]: Injected new block/item OreSpawn:OreSpawn_NetherLost: 4183 (init) -> 4183 (map).
[00:05:51] [Server thread/INFO] [FML/]: Injected new block/item OreSpawn:OreSpawn_Cheese: 4215 (init) -> 4215 (map).
[00:05:51] [Server thread/INFO] [FML/]: Injected new block/item OreSpawn:OreSpawn_LurkingTerrorSpawnBlock: 241 (init) -> 241 (map).
[00:05:51] [Server thread/INFO] [FML/]: Injected new block/item OreSpawn:OreSpawn_CamaSpawnBlock: 202 (init) -> 202 (map).
[00:05:51] [Server thread/INFO] [FML/]: Injected new block/item OreSpawn:OreSpawn_SunspotUrchin: 4186 (init) -> 4186 (map).
[00:05:51] [Server thread/INFO] [FML/]: Injected new block/item OreSpawn:OreSpawn_OreTitaniumBlock: 452 (init) -> 452 (map).
[00:05:51] [Server thread/INFO] [FML/]: Injected new block/item OreSpawn:OreSpawn_ScaryLeaves: 504 (init) -> 504 (map).
[00:05:51] [Server thread/INFO] [FML/]: Injected new block/item OreSpawn:OreSpawn_CrystalTorch: 526 (init) -> 526 (map).
[00:05:51] [Server thread/INFO] [FML/]: Injected new block/item OreSpawn:OreSpawn_CagedGhast: 4374 (init) -> 4374 (map).
[00:05:51] [Server thread/INFO] [FML/]: Injected new block/item OreSpawn:OreSpawn_CagedLeafMonster: 4443 (init) -> 4443 (map).
[00:05:51] [Server thread/INFO] [FML/]: Injected new block/item OreSpawn:OreSpawn_TigersEyePickaxe: 4138 (init) -> 4138 (map).
[00:05:51] [Server thread/INFO] [FML/]: Injected new block/item OreSpawn:OreSpawn_RubyPickaxe: 4148 (init) -> 4148 (map).
[00:05:51] [Server thread/INFO] [FML/]: Injected new block/item OreSpawn:OreSpawn_MobzillaBoots: 4556 (init) -> 4556 (map).
[00:05:51] [Server thread/INFO] [FML/]: Injected new block/item OreSpawn:OreSpawn_GreenFish: 4230 (init) -> 4230 (map).
[00:05:51] [Server thread/INFO] [FML/]: Injected new block/item OreSpawn:OreSpawn_OreCrystalStoneBlock: 466 (init) -> 466 (map).
[00:05:51] [Server thread/INFO] [FML/]: Injected new block/item OreSpawn:OreSpawn_RoyalBody: 4558 (init) -> 4558 (map).
[00:05:51] [Server thread/INFO] [FML/]: Injected new block/item OreSpawn:OreSpawn_LapisBody: 4562 (init) -> 4562 (map).
[00:05:51] [Server thread/INFO] [FML/]: Injected new block/item OreSpawn:OreSpawn_AmethystBody: 4531 (init) -> 4531 (map).
[00:05:51] [Server thread/INFO] [FML/]: Injected new block/item OreSpawn:OreSpawn_CagedBat: 4365 (init) -> 4365 (map).
[00:05:51] [Server thread/INFO] [FML/]: Injected new block/item OreSpawn:OreSpawn_PitchBlackEgg: 4297 (init) -> 4297 (map).
[00:05:51] [Server thread/INFO] [FML/]: Injected new block/item OreSpawn:OreSpawn_WitchSpawnBlock: 187 (init) -> 187 (map).
[00:05:51] [Server thread/INFO] [FML/]: Injected new block/item OreSpawn:OreSpawn_UnstableAntEgg: 4331 (init) -> 4331 (map).
[00:05:51] [Server thread/INFO] [FML/]: Injected new block/item OreSpawn:OreSpawn_KyuubiEgg: 4278 (init) -> 4278 (map).
[00:05:51] [Server thread/INFO] [FML/]: Injected new block/item OreSpawn:OreSpawn_CagedWitherSkeleton: 4388 (init) -> 4388 (map).
[00:05:51] [Server thread/INFO] [FML/]: Injected new block/item OreSpawn:OreSpawn_EmeraldBoots: 4518 (init) -> 4518 (map).
[00:05:51] [Server thread/INFO] [FML/]: Injected new block/item OreSpawn:OreSpawn_CephadromeSpawnBlock: 224 (init) -> 224 (map).
[00:05:51] [Server thread/INFO] [FML/]: Injected new block/item OreSpawn:OreSpawn_UraniumNugget: 4228 (init) -> 4228 (map).
[00:05:51] [Server thread/INFO] [FML/]: Injected new block/item OreSpawn:OreSpawn_ButterflyEgg: 4333 (init) -> 4333 (map).
[00:05:51] [Server thread/INFO] [FML/]: Injected new block/item OreSpawn:OreSpawn_CrystalFlowerYellow: 520 (init) -> 520 (map).
[00:05:51] [Server thread/INFO] [FML/]: Injected new block/item OreSpawn:OreSpawn_Butter: 4213 (init) -> 4213 (map).
[00:05:51] [Server thread/INFO] [FML/]: Injected new block/item OreSpawn:OreSpawn_UltimateFishingRod: 4164 (init) -> 4164 (map).
[00:05:51] [Server thread/INFO] [FML/]: Injected new block/item OreSpawn:OreSpawn_HorseSpawnBlock: 229 (init) -> 229 (map).
[00:05:51] [Server thread/INFO] [FML/]: Injected new block/item OreSpawn:OreSpawn_DuctTapeItem: 4097 (init) -> 4097 (map).
[00:05:51] [Server thread/INFO] [FML/]: Injected new block/item OreSpawn:OreSpawn_LizardEgg: 4284 (init) -> 4284 (map).
[00:05:51] [Server thread/INFO] [FML/]: Injected new block/item OreSpawn:OreSpawn_ExperienceTreeSeed: 4521 (init) -> 4521 (map).
[00:05:51] [Server thread/INFO] [FML/]: Injected new block/item OreSpawn:OreSpawn_IronGolemEgg: 4252 (init) -> 4252 (map).
[00:05:51] [Server thread/INFO] [FML/]: Injected new block/item OreSpawn:OreSpawn_TheQueenPartSpawnBlock: 246 (init) -> 246 (map).
[00:05:51] [Server thread/INFO] [FML/]: Injected new block/item OreSpawn:OreSpawn_CagedTrooper: 4428 (init) -> 4428 (map).
[00:05:51] [Server thread/INFO] [FML/]: Injected new block/item OreSpawn:OreSpawn_WhaleSpawnBlock: 427 (init) -> 427 (map).
[00:05:51] [Server thread/INFO] [FML/]: Injected new block/item OreSpawn:OreSpawn_DungeonSpawner: 532 (init) -> 532 (map).
[00:05:51] [Server thread/INFO] [FML/]: Injected new block/item OreSpawn:OreSpawn_Rock: 4191 (init) -> 4191 (map).
[00:05:51] [Server thread/INFO] [FML/]: Injected new block/item OreSpawn:OreSpawn_GoldCowEgg: 4261 (init) -> 4261 (map).
[00:05:51] [Server thread/INFO] [FML/]: Injected new block/item OreSpawn:OreSpawn_CagedCryo: 4400 (init) -> 4400 (map).
[00:05:51] [Server thread/INFO] [FML/]: Injected new block/item OreSpawn:OreSpawn_Love: 4480 (init) -> 4480 (map).
[00:05:51] [Server thread/INFO] [FML/]: Injected new block/item OreSpawn:OreSpawn_CrystalWorkbenchBlock: 476 (init) -> 476 (map).
[00:05:51] [Server thread/INFO] [FML/]: Injected new block/item OreSpawn:OreSpawn_BlueRock: 4198 (init) -> 4198 (map).
[00:05:51] [Server thread/INFO] [FML/]: Injected new block/item OreSpawn:OreSpawn_Tomato: 4487 (init) -> 4487 (map).
[00:05:51] [Server thread/INFO] [FML/]: Injected new block/item OreSpawn:OreSpawn_TigersEyeIngot: 4100 (init) -> 4100 (map).
[00:05:51] [Server thread/INFO] [FML/]: Injected new block/item OreSpawn:OreSpawn_EmeraldLegs: 4517 (init) -> 4517 (map).
[00:05:51] [Server thread/INFO] [FML/]: Injected new block/item OreSpawn:OreSpawn_IngotUranium: 4098 (init) -> 4098 (map).
[00:05:51] [Server thread/INFO] [FML/]: Injected new block/item OreSpawn:OreSpawn_EnderReaperEgg: 4309 (init) -> 4309 (map).
[00:05:51] [Server thread/INFO] [FML/]: Injected new block/item OreSpawn:OreSpawn_CagedKraken: 4419 (init) -> 4419 (map).
[00:05:51] [Server thread/INFO] [FML/]: Injected new block/item OreSpawn:OreSpawn_CagedCloudShark: 4441 (init) -> 4441 (map).
[00:05:51] [Server thread/INFO] [FML/]: Injected new block/item OreSpawn:OreSpawn_BasilEgg: 4269 (init) -> 4269 (map).
[00:05:51] [Server thread/INFO] [FML/]: Injected new block/item OreSpawn:OreSpawn_CagedLurkingTerror: 4436 (init) -> 4436 (map).
[00:05:51] [Server thread/INFO] [FML/]: Injected new block/item OreSpawn:OreSpawn_PointysaurusEgg: 4354 (init) -> 4354 (map).
[00:05:51] [Server thread/INFO] [FML/]: Injected new block/item OreSpawn:OreSpawn_CagedPointysaurus: 4473 (init) -> 4473 (map).
[00:05:51] [Server thread/INFO] [FML/]: Injected new block/item OreSpawn:OreSpawn_MobzillaHelmet: 4553 (init) -> 4553 (map).
[00:05:51] [Server thread/INFO] [FML/]: Injected new block/item OreSpawn:OreSpawn_CagedSpyro: 4409 (init) -> 4409 (map).
[00:05:51] [Server thread/INFO] [FML/]: Injected new block/item OreSpawn:OreSpawn_Radish: 4483 (init) -> 4483 (map).
[00:05:51] [Server thread/INFO] [FML/]: Injected new block/item OreSpawn:OreSpawn_VeloSpawnBlock: 203 (init) -> 203 (map).
[00:05:51] [Server thread/INFO] [FML/]: Injected new block/item OreSpawn:OreSpawn_RedCowEgg: 4259 (init) -> 4259 (map).
[00:05:51] [Server thread/INFO] [FML/]: Injected new block/item OreSpawn:OreSpawn_VortexSpawnBlock: 425 (init) -> 425 (map).
[00:05:51] [Server thread/INFO] [FML/]: Injected new block/item OreSpawn:OreSpawn_CagedFrog: 4475 (init) -> 4475 (map).
[00:05:51] [Server thread/INFO] [FML/]: Injected new block/item OreSpawn:OreSpawn_MothSeed: 4491 (init) -> 4491 (map).
[00:05:51] [Server thread/INFO] [FML/]: Injected new block/item OreSpawn:OreSpawn_AttackSquidSpawnBlock: 222 (init) -> 222 (map).
[00:05:51] [Server thread/INFO] [FML/]: Injected new block/item OreSpawn:OreSpawn_TerribleTerrorEgg: 4294 (init) -> 4294 (map).
[00:05:51] [Server thread/INFO] [FML/]: Injected new block/item OreSpawn:OreSpawn_CornCob: 4485 (init) -> 4485 (map).
[00:05:51] [Server thread/INFO] [FML/]: Injected new block/item OreSpawn:OreSpawn_SmallWormSpawnBlock: 248 (init) -> 248 (map).
[00:05:51] [Server thread/INFO] [FML/]: Injected new block/item OreSpawn:OreSpawn_CliffRacerEgg: 4295 (init) -> 4295 (map).
[00:05:51] [Server thread/INFO] [FML/]: Injected new block/item OreSpawn:OreSpawn_SpiderSpawnBlock: 165 (init) -> 165 (map).
[00:05:51] [Server thread/INFO] [FML/]: Injected new block/item OreSpawn:OreSpawn_WaterDragonEgg: 4281 (init) -> 4281 (map).
[00:05:51] [Server thread/INFO] [FML/]: Injected new block/item OreSpawn:OreSpawn_HerculesEgg: 4338 (init) -> 4338 (map).
[00:05:51] [Server thread/INFO] [FML/]: Injected new block/item OreSpawn:OreSpawn_CagedTRex: 4458 (init) -> 4458 (map).
[00:05:51] [Server thread/INFO] [FML/]: Injected new block/item OreSpawn:OreSpawn_CriminalEgg: 4351 (init) -> 4351 (map).
[00:05:51] [Server thread/INFO] [FML/]: Injected new block/item OreSpawn:OreSpawn_CrystalWoodSword: 4127 (init) -> 4127 (map).
[00:05:51] [Server thread/INFO] [FML/]: Injected new block/item OreSpawn:OreSpawn_CrystalPinkShovel: 4134 (init) -> 4134 (map).
[00:05:51] [Server thread/INFO] [FML/]: Injected new block/item OreSpawn:OreSpawn_CagedRat: 4455 (init) -> 4455 (map).
[00:05:51] [Server thread/INFO] [FML/]: Injected new block/item OreSpawn:OreSpawn_WormTooth: 4244 (init) -> 4244 (map).
[00:05:51] [Server thread/INFO] [FML/]: Injected new block/item OreSpawn:OreSpawn_DungeonBeastEgg: 4311 (init) -> 4311 (map).
[00:05:51] [Server thread/INFO] [FML/]: Injected new block/item OreSpawn:OreSpawn_DragonSpawnBlock: 227 (init) -> 227 (map).
[00:05:51] [Server thread/INFO] [FML/]: Injected new block/item OreSpawn:OreSpawn_ExperienceLegs: 4524 (init) -> 4524 (map).
[00:05:51] [Server thread/INFO] [FML/]: Injected new block/item OreSpawn:OreSpawn_JumpyBugScale: 4175 (init) -> 4175 (map).
[00:05:51] [Server thread/INFO] [FML/]: Injected new block/item OreSpawn:OreSpawn_TrooperBugEgg: 4287 (init) -> 4287 (map).
[00:05:51] [Server thread/INFO] [FML/]: Injected new block/item OreSpawn:OreSpawn_CagedNastysaurus: 4472 (init) -> 4472 (map).
[00:05:51] [Server thread/INFO] [FML/]: Injected new block/item OreSpawn:OreSpawn_TRexTooth: 4245 (init) -> 4245 (map).
[00:05:51] [Server thread/INFO] [FML/]: Injected new block/item OreSpawn:OreSpawn_SquidZooka: 4206 (init) -> 4206 (map).
[00:05:51] [Server thread/INFO] [FML/]: Injected new block/item OreSpawn:OreSpawn_DragonEgg: 4285 (init) -> 4285 (map).
[00:05:51] [Server thread/INFO] [FML/]: Injected new block/item OreSpawn:OreSpawn_PeacockSpawnBlock: 416 (init) -> 416 (map).
[00:05:51] [Server thread/INFO] [FML/]: Injected new block/item OreSpawn:OreSpawn_AmethystBoots: 4533 (init) -> 4533 (map).
[00:05:51] [Server thread/INFO] [FML/]: Injected new block/item OreSpawn:OreSpawn_CagedFairy: 4452 (init) -> 4452 (map).
[00:05:51] [Server thread/INFO] [FML/]: Injected new block/item OreSpawn:OreSpawn_UrchinSpawnBlock: 412 (init) -> 412 (map).
[00:05:51] [Server thread/INFO] [FML/]: Injected new block/item OreSpawn:OreSpawn_IrukandjiArrow: 4204 (init) -> 4204 (map).
[00:05:51] [Server thread/INFO] [FML/]: Injected new block/item OreSpawn:OreSpawn_CrystalPinkLegs: 4543 (init) -> 4543 (map).
[00:05:51] [Server thread/INFO] [FML/]: Injected new block/item OreSpawn:OreSpawn_WitherSkeletonSpawnBlock: 220 (init) -> 220 (map).
[00:05:51] [Server thread/INFO] [FML/]: Injected new block/item OreSpawn:OreSpawn_AttackSquidEgg: 4280 (init) -> 4280 (map).
[00:05:51] [Server thread/INFO] [FML/]: Injected new block/item OreSpawn:OreSpawn_GoldFishEgg: 4305 (init) -> 4305 (map).
[00:05:51] [Server thread/INFO] [FML/]: Injected new block/item OreSpawn:OreSpawn_BattleAxe: 4108 (init) -> 4108 (map).
[00:05:51] [Server thread/INFO] [FML/]: Injected new block/item OreSpawn:OreSpawn_RainbowAntBlock: 539 (init) -> 539 (map).
[00:05:51] [Server thread/INFO] [FML/]: Injected new block/item OreSpawn:OreSpawn_CagedCow: 4366 (init) -> 4366 (map).
[00:05:51] [Server thread/INFO] [FML/]: Injected new block/item OreSpawn:OreSpawn_CagedEnderman: 4376 (init) -> 4376 (map).
[00:05:51] [Server thread/INFO] [FML/]: Injected new block/item OreSpawn:OreSpawn_Bertha: 4104 (init) -> 4104 (map).
[00:05:51] [Server thread/INFO] [FML/]: Injected new block/item OreSpawn:OreSpawn_AmethystLegs: 4532 (init) -> 4532 (map).
[00:05:51] [Server thread/INFO] [FML/]: Injected new block/item OreSpawn:OreSpawn_CreeperSpawnBlock: 177 (init) -> 177 (map).
[00:05:51] [Server thread/INFO] [FML/]: Injected new block/item OreSpawn:OreSpawn_BasiliskScale: 4172 (init) -> 4172 (map).
[00:05:51] [Server thread/INFO] [FML/]: Injected new block/item OreSpawn:OreSpawn_AlienEgg: 4279 (init) -> 4279 (map).
[00:05:51] [Server thread/INFO] [FML/]: Injected new block/item OreSpawn:OreSpawn_Peach: 4482 (init) -> 4482 (map).
[00:05:51] [Server thread/INFO] [FML/]: Injected new block/item OreSpawn:OreSpawn_CagedDungeonBeast: 4453 (init) -> 4453 (map).
[00:05:51] [Server thread/INFO] [FML/]: Injected new block/item OreSpawn:OreSpawn_TigersEyeBody: 4546 (init) -> 4546 (map).
[00:05:51] [Server thread/INFO] [FML/]: Injected new block/item OreSpawn:OreSpawn_TigersEyeSword: 4137 (init) -> 4137 (map).
[00:05:51] [Server thread/INFO] [FML/]: Injected new block/item OreSpawn:OreSpawn_MagicApple: 4494 (init) -> 4494 (map).
[00:05:51] [Server thread/INFO] [FML/]: Injected new block/item OreSpawn:OreSpawn_CliffRacerSpawnBlock: 238 (init) -> 238 (map).
[00:05:51] [Server thread/INFO] [FML/]: Injected new block/item OreSpawn:OreSpawn_LavafoamBlock: 457 (init) -> 457 (map).
[00:05:51] [Server thread/INFO] [FML/]: Injected new block/item OreSpawn:OreSpawn_RoyalBoots: 4560 (init) -> 4560 (map).
[00:05:51] [Server thread/INFO] [FML/]: Injected new block/item OreSpawn:OreSpawn_RayGun: 4205 (init) -> 4205 (map).
[00:05:51] [Server thread/INFO] [FML/]: Injected new block/item OreSpawn:OreSpawn_RoseSword: 4116 (init) -> 4116 (map).
[00:05:51] [Server thread/INFO] [FML/]: Injected new block/item OreSpawn:OreSpawn_WolfSpawnBlock: 189 (init) -> 189 (map).
[00:05:51] [Server thread/INFO] [FML/]: Injected new block/item OreSpawn:OreSpawn_FairyEgg: 4315 (init) -> 4315 (map).
[00:05:51] [Server thread/INFO] [FML/]: Injected new block/item OreSpawn:OreSpawn_DuplicatorLog: 508 (init) -> 508 (map).
[00:05:51] [Server thread/INFO] [FML/]: Injected new block/item OreSpawn:OreSpawn_RubySword: 4147 (init) -> 4147 (map).
[00:05:51] [Server thread/INFO] [FML/]: Injected new block/item OreSpawn:OreSpawn_EmeraldShovel: 4124 (init) -> 4124 (map).
[00:05:51] [Server thread/INFO] [FML/]: Injected new block/item OreSpawn:OreSpawn_CagedSpiderDriver: 4476 (init) -> 4476 (map).
[00:05:51] [Server thread/INFO] [FML/]: Injected new block/item OreSpawn:OreSpawn_BeaverSpawnBlock: 411 (init) -> 411 (map).
[00:05:51] [Server thread/INFO] [FML/]: Injected new block/item OreSpawn:OreSpawn_LettucePlant3: 500 (init) -> 500 (map).
[00:05:51] [Server thread/INFO] [FML/]: Injected new block/item OreSpawn:OreSpawn_CrystalFlowerRed: 517 (init) -> 517 (map).
[00:05:51] [Server thread/INFO] [FML/]: Injected new block/item OreSpawn:OreSpawn_LettucePlant2: 499 (init) -> 499 (map).
[00:05:51] [Server thread/INFO] [FML/]: Injected new block/item OreSpawn:OreSpawn_RawBacon: 4223 (init) -> 4223 (map).
[00:05:51] [Server thread/INFO] [FML/]: Injected new block/item OreSpawn:OreSpawn_LettucePlant4: 501 (init) -> 501 (map).
[00:05:51] [Server thread/INFO] [FML/]: Injected new block/item OreSpawn:OreSpawn_StinkBugEgg: 4289 (init) -> 4289 (map).
[00:05:51] [Server thread/INFO] [FML/]: Injected new block/item OreSpawn:OreSpawn_AmethystPickaxe: 4153 (init) -> 4153 (map).
[00:05:51] [Server thread/INFO] [FML/]: Injected new block/item OreSpawn:OreSpawn_EmperorScorpionScale: 4171 (init) -> 4171 (map).
[00:05:51] [Server thread/INFO] [FML/]: Injected new block/item OreSpawn:OreSpawn_MolenoidEgg: 4344 (init) -> 4344 (map).
[00:05:51] [Server thread/INFO] [FML/]: Injected new block/item OreSpawn:OreSpawn_SeaViperTongue: 4247 (init) -> 4247 (map).
[00:05:51] [Server thread/INFO] [FML/]: Injected new block/item OreSpawn:OreSpawn_FlowerScary: 516 (init) -> 516 (map).
[00:05:51] [Server thread/INFO] [FML/]: Injected new block/item OreSpawn:OreSpawn_TigersEyeAxe: 4141 (init) -> 4141 (map).
[00:05:51] [Server thread/INFO] [FML/]: Injected new block/item OreSpawn:OreSpawn_TRexEgg: 4337 (init) -> 4337 (map).
[00:05:51] [Server thread/INFO] [FML/]: Injected new block/item OreSpawn:OreSpawn_CrystalBlueRock: 4195 (init) -> 4195 (map).
[00:05:51] [Server thread/INFO] [FML/]: Injected new block/item OreSpawn:OreSpawn_MantisEgg: 4339 (init) -> 4339 (map).
[00:05:51] [Server thread/INFO] [FML/]: Injected new block/item OreSpawn:OreSpawn_LaserBall: 4188 (init) -> 4188 (map).
[00:05:51] [Server thread/INFO] [FML/]: Injected new block/item OreSpawn:OreSpawn_CagedZombie: 4372 (init) -> 4372 (map).
[00:05:51] [Server thread/INFO] [FML/]: Injected new block/item OreSpawn:OreSpawn_CagedCreepingHorror: 4431 (init) -> 4431 (map).
[00:05:51] [Server thread/INFO] [FML/]: Injected new block/item OreSpawn:OreSpawn_RawPeacock: 4218 (init) -> 4218 (map).
[00:05:51] [Server thread/INFO] [FML/]: Injected new block/item OreSpawn:OreSpawn_CagedVillager: 4395 (init) -> 4395 (map).
[00:05:51] [Server thread/INFO] [FML/]: Injected new block/item OreSpawn:OreSpawn_ChickenSpawnBlock: 176 (init) -> 176 (map).
[00:05:51] [Server thread/INFO] [FML/]: Injected new block/item OreSpawn:OreSpawn_GodzillaPartSpawnBlock: 242 (init) -> 242 (map).
[00:05:51] [Server thread/INFO] [FML/]: Injected new block/item OreSpawn:OreSpawn_ThePrinceEgg: 4258 (init) -> 4258 (map).
[00:05:51] [Server thread/INFO] [FML/]: Injected new block/item OreSpawn:OreSpawn_LavaEelBoots: 4504 (init) -> 4504 (map).
[00:05:51] [Server thread/INFO] [FML/]: Injected new block/item OreSpawn:OreSpawn_LettucePlant1: 498 (init) -> 498 (map).
[00:05:51] [Server thread/INFO] [FML/]: Injected new block/item OreSpawn:OreSpawn_UltimateAxe: 4114 (init) -> 4114 (map).
[00:05:51] [Server thread/INFO] [FML/]: Injected new block/item OreSpawn:OreSpawn_VortexEgg: 4313 (init) -> 4313 (map).
[00:05:51] [Server thread/INFO] [FML/]: Injected new block/item OreSpawn:OreSpawn_MothScaleBody: 4506 (init) -> 4506 (map).
[00:05:51] [Server thread/INFO] [FML/]: Injected new block/item OreSpawn:OreSpawn_WaterBall: 4187 (init) -> 4187 (map).
[00:05:51] [Server thread/INFO] [FML/]: Injected new block/item OreSpawn:OreSpawn_CagedGazelle: 4426 (init) -> 4426 (map).
[00:05:51] [Server thread/INFO] [FML/]: Injected new block/item OreSpawn:OreSpawn_BerthaHandle: 4239 (init) -> 4239 (map).
[00:05:51] [Server thread/INFO] [FML/]: Injected new block/item OreSpawn:OreSpawn_CrystalPinkBoots: 4544 (init) -> 4544 (map).
[00:05:51] [Server thread/INFO] [FML/]: Injected new block/item OreSpawn:OreSpawn_KyuubiSpawnBlock: 214 (init) -> 214 (map).
[00:05:51] [Server thread/INFO] [FML/]: Injected new block/item OreSpawn:OreSpawn_CagedIronGolem: 4391 (init) -> 4391 (map).
[00:05:51] [Server thread/INFO] [FML/]: Injected new block/item OreSpawn:OreSpawn_RubyBody: 4527 (init) -> 4527 (map).
[00:05:51] [Server thread/INFO] [FML/]: Injected new block/item OreSpawn:OreSpawn_CrystalFlowerGreen: 518 (init) -> 518 (map).
[00:05:51] [Server thread/INFO] [FML/]: Injected new block/item OreSpawn:OreSpawn_OreSaltBlock: 449 (init) -> 449 (map).
[00:05:51] [Server thread/INFO] [FML/]: Injected new block/item OreSpawn:OreSpawn_OreCrystalRatBlock: 467 (init) -> 467 (map).
[00:05:51] [Server thread/INFO] [FML/]: Injected new block/item OreSpawn:OreSpawn_BeeSpawnBlock: 228 (init) -> 228 (map).
[00:05:51] [Server thread/INFO] [FML/]: Injected new block/item OreSpawn:OreSpawn_GazelleSpawnBlock: 234 (init) -> 234 (map).
[00:05:51] [Server thread/INFO] [FML/]: Injected new block/item OreSpawn:OreSpawn_Island: 529 (init) -> 529 (map).
[00:05:51] [Server thread/INFO] [FML/]: Injected new block/item OreSpawn:OreSpawn_CrystalLeaves3: 523 (init) -> 523 (map).
[00:05:51] [Server thread/INFO] [FML/]: Injected new block/item OreSpawn:OreSpawn_CrystalLeaves2: 522 (init) -> 522 (map).
[00:05:51] [Server thread/INFO] [FML/]: Injected new block/item OreSpawn:OreSpawn_CagedAlo: 4399 (init) -> 4399 (map).
[00:05:51] [Server thread/INFO] [FML/]: Injected new block/item OreSpawn:OreSpawn_CagedPeacock: 4451 (init) -> 4451 (map).
[00:05:51] [Server thread/INFO] [FML/]: Injected new block/item OreSpawn:OreSpawn_HydroEgg: 4268 (init) -> 4268 (map).
[00:05:51] [Server thread/INFO] [FML/]: Injected new block/item OreSpawn:OreSpawn_ExperienceBody: 4523 (init) -> 4523 (map).
[00:05:51] [Server thread/INFO] [FML/]: Injected new block/item OreSpawn:OreSpawn_CrystalPinkHoe: 4135 (init) -> 4135 (map).
[00:05:51] [Server thread/INFO] [FML/]: Injected new block/item OreSpawn:OreSpawn_TomatoPlant1: 494 (init) -> 494 (map).
[00:05:51] [Server thread/INFO] [FML/]: Injected new block/item OreSpawn:OreSpawn_TomatoPlant3: 496 (init) -> 496 (map).
[00:05:51] [Server thread/INFO] [FML/]: Injected new block/item OreSpawn:OreSpawn_TomatoPlant2: 495 (init) -> 495 (map).
[00:05:51] [Server thread/INFO] [FML/]: Injected new block/item OreSpawn:OreSpawn_Popcorn: 4209 (init) -> 4209 (map).
[00:05:51] [Server thread/INFO] [FML/]: Injected new block/item OreSpawn:OreSpawn_TitaniumNugget: 4229 (init) -> 4229 (map).
[00:05:51] [Server thread/INFO] [FML/]: Injected new block/item OreSpawn:OreSpawn_EmeraldPickaxe: 4123 (init) -> 4123 (map).
[00:05:51] [Server thread/INFO] [FML/]: Injected new block/item OreSpawn:OreSpawn_SpiderRobotKit: 4179 (init) -> 4179 (map).
[00:05:51] [Server thread/INFO] [FML/]: Injected new block/item OreSpawn:OreSpawn_RubyHelmet: 4526 (init) -> 4526 (map).
[00:05:51] [Server thread/INFO] [FML/]: Injected new block/item OreSpawn:OreSpawn_ButteredPopcorn: 4210 (init) -> 4210 (map).
[00:05:51] [Server thread/INFO] [FML/]: Injected new block/item OreSpawn:OreSpawn_TomatoPlant4: 497 (init) -> 497 (map).
[00:05:51] [Server thread/INFO] [FML/]: Injected new block/item OreSpawn:OreSpawn_CrystalStoneShovel: 4144 (init) -> 4144 (map).
[00:05:51] [Server thread/INFO] [FML/]: Injected new block/item OreSpawn:OreSpawn_OreRubyBlock: 458 (init) -> 458 (map).
[00:05:51] [Server thread/INFO] [FML/]: Injected new block/item OreSpawn:OreSpawn_DragonflyEgg: 4270 (init) -> 4270 (map).
[00:05:51] [Server thread/INFO] [FML/]: Injected new block/item OreSpawn:OreSpawn_Elevator: 4415 (init) -> 4415 (map).
[00:05:51] [Server thread/INFO] [FML/]: Injected new block/item OreSpawn:OreSpawn_NightmareSword: 4103 (init) -> 4103 (map).
[00:05:51] [Server thread/INFO] [FML/]: Injected new block/item OreSpawn:OreSpawn_NastysaurusSpawnBlock: 443 (init) -> 443 (map).
[00:05:51] [Server thread/INFO] [FML/]: Injected new block/item OreSpawn:OreSpawn_CryoSpawnBlock: 201 (init) -> 201 (map).
[00:05:51] [Server thread/INFO] [FML/]: Injected new block/item OreSpawn:OreSpawn_CagedCricket: 4474 (init) -> 4474 (map).
[00:05:51] [Server thread/INFO] [FML/]: Injected new block/item OreSpawn:OreSpawn_BrutalflySpawnBlock: 442 (init) -> 442 (map).
[00:05:51] [Server thread/INFO] [FML/]: Injected new block/item OreSpawn:OreSpawn_CagedBlaze: 4385 (init) -> 4385 (map).
[00:05:51] [Server thread/INFO] [FML/]: Injected new block/item OreSpawn:OreSpawn_ButteredSaltedPopcorn: 4211 (init) -> 4211 (map).
[00:05:51] [Server thread/INFO] [FML/]: Injected new block/item OreSpawn:OreSpawn_EyeOfEnderBlock: 534 (init) -> 534 (map).
[00:05:51] [Server thread/INFO] [FML/]: Injected new block/item OreSpawn:OreSpawn_GodzillaSpawnBlock: 243 (init) -> 243 (map).
[00:05:51] [Server thread/INFO] [FML/]: Injected new block/item OreSpawn:OreSpawn_FireflySeed: 4493 (init) -> 4493 (map).
[00:05:51] [Server thread/INFO] [FML/]: Injected new block/item OreSpawn:OreSpawn_GirlfriendSpawnBlock: 192 (init) -> 192 (map).
[00:05:51] [Server thread/INFO] [FML/]: Injected new block/item OreSpawn:OreSpawn_CagedMolenoid: 4464 (init) -> 4464 (map).
[00:05:51] [Server thread/INFO] [FML/]: Injected new block/item OreSpawn:OreSpawn_CriminalSpawnBlock: 441 (init) -> 441 (map).
[00:05:51] [Server thread/INFO] [FML/]: Injected new block/item OreSpawn:OreSpawn_CaveFisherEgg: 4273 (init) -> 4273 (map).
[00:05:51] [Server thread/INFO] [FML/]: Injected new block/item OreSpawn:OreSpawn_CagedDragonfly: 4405 (init) -> 4405 (map).
[00:05:51] [Server thread/INFO] [FML/]: Injected new block/item OreSpawn:OreSpawn_InstantGarden: 4540 (init) -> 4540 (map).
[00:05:51] [Server thread/INFO] [FML/]: Injected new block/item OreSpawn:OreSpawn_Royal: 4107 (init) -> 4107 (map).
[00:05:51] [Server thread/INFO] [FML/]: Injected new block/item OreSpawn:OreSpawn_Robot5Egg: 4341 (init) -> 4341 (map).
[00:05:51] [Server thread/INFO] [FML/]: Injected new block/item OreSpawn:OreSpawn_CreepingHorrorEgg: 4293 (init) -> 4293 (map).
[00:05:51] [Server thread/INFO] [FML/]: Injected new block/item OreSpawn:OreSpawn_SkateEgg: 4320 (init) -> 4320 (map).
[00:05:51] [Server thread/INFO] [FML/]: Injected new block/item OreSpawn:OreSpawn_SquidSpawnBlock: 169 (init) -> 169 (map).
[00:05:51] [Server thread/INFO] [FML/]: Injected new block/item OreSpawn:OreSpawn_StinkySpawnBlock: 432 (init) -> 432 (map).
[00:05:51] [Server thread/INFO] [FML/]: Injected new block/item OreSpawn:OreSpawn_CrystalWoodShovel: 4129 (init) -> 4129 (map).
[00:05:51] [Server thread/INFO] [FML/]: Injected new block/item OreSpawn:OreSpawn_CagedWitch: 4380 (init) -> 4380 (map).
[00:05:51] [Server thread/INFO] [FML/]: Injected new block/item OreSpawn:OreSpawn_QueenLegs: 4567 (init) -> 4567 (map).
[00:05:51] [Server thread/INFO] [FML/]: Injected new block/item OreSpawn:OreSpawn_WaterDragonScale: 4173 (init) -> 4173 (map).
[00:05:51] [Server thread/INFO] [FML/]: Injected new block/item OreSpawn:OreSpawn_GhostSkellyEgg: 4327 (init) -> 4327 (map).
[00:05:51] [Server thread/INFO] [FML/]: Injected new block/item OreSpawn:OreSpawn_CagedHydro: 4403 (init) -> 4403 (map).
[00:05:51] [Server thread/INFO] [FML/]: Injected new block/item OreSpawn:OreSpawn_CagedAlien: 4414 (init) -> 4414 (map).
[00:05:51] [Server thread/INFO] [FML/]: Injected new block/item OreSpawn:OreSpawn_CreepingHorrorSpawnBlock: 236 (init) -> 236 (map).
[00:05:51] [Server thread/INFO] [FML/]: Injected new block/item OreSpawn:OreSpawn_QuinoaPlant2: 491 (init) -> 491 (map).
[00:05:51] [Server thread/INFO] [FML/]: Injected new block/item OreSpawn:OreSpawn_QueenSpawner: 531 (init) -> 531 (map).
[00:05:51] [Server thread/INFO] [FML/]: Injected new block/item OreSpawn:OreSpawn_ThunderStaff: 4221 (init) -> 4221 (map).
[00:05:51] [Server thread/INFO] [FML/]: Injected new block/item OreSpawn:OreSpawn_CagedChicken: 4369 (init) -> 4369 (map).
[00:05:51] [Server thread/INFO] [FML/]: Injected new block/item OreSpawn:OreSpawn_QuinoaPlant1: 490 (init) -> 490 (map).
[00:05:51] [Server thread/INFO] [FML/]: Injected new block/item OreSpawn:OreSpawn_FrogEgg: 4357 (init) -> 4357 (map).
[00:05:51] [Server thread/INFO] [FML/]: Injected new block/item OreSpawn:OreSpawn_StinkBugSpawnBlock: 232 (init) -> 232 (map).
[00:05:51] [Server thread/INFO] [FML/]: Injected new block/item OreSpawn:OreSpawn_QuinoaPlant4: 493 (init) -> 493 (map).
[00:05:51] [Server thread/INFO] [FML/]: Injected new block/item OreSpawn:OreSpawn_BerthaBlade: 4241 (init) -> 4241 (map).
[00:05:51] [Server thread/INFO] [FML/]: Injected new block/item OreSpawn:OreSpawn_QuinoaPlant3: 492 (init) -> 492 (map).
[00:05:51] [Server thread/INFO] [FML/]: Injected new block/item OreSpawn:OreSpawn_CrystalPinkPickaxe: 4133 (init) -> 4133 (map).
[00:05:51] [Server thread/INFO] [FML/]: Injected new block/item OreSpawn:OreSpawn_LavaEelHelmet: 4501 (init) -> 4501 (map).
[00:05:51] [Server thread/INFO] [FML/]: Injected new block/item OreSpawn:OreSpawn_CloudSharkSpawnBlock: 252 (init) -> 252 (map).
[00:05:51] [Server thread/INFO] [FML/]: Injected new block/item OreSpawn:OreSpawn_ExperienceLeaves: 503 (init) -> 503 (map).
[00:05:51] [Server thread/INFO] [FML/]: Injected new block/item OreSpawn:OreSpawn_CrystalGreenRock: 4194 (init) -> 4194 (map).
[00:05:51] [Server thread/INFO] [FML/]: Injected new block/item OreSpawn:OreSpawn_CrystalPinkHelmet: 4541 (init) -> 4541 (map).
[00:05:51] [Server thread/INFO] [FML/]: Injected new block/item OreSpawn:OreSpawn_ZombiePigmanSpawnBlock: 182 (init) -> 182 (map).
[00:05:51] [Server thread/INFO] [FML/]: Injected new block/item OreSpawn:OreSpawn_RedAntBlock: 536 (init) -> 536 (map).
[00:05:51] [Server thread/INFO] [FML/]: Injected new block/item OreSpawn:OreSpawn_CrabEgg: 4362 (init) -> 4362 (map).
[00:05:51] [Server thread/INFO] [FML/]: Injected new block/item OreSpawn:OreSpawn_LargeWormSpawnBlock: 250 (init) -> 250 (map).
[00:05:51] [Server thread/INFO] [FML/]: Injected new block/item OreSpawn:OreSpawn_PointysaurusSpawnBlock: 444 (init) -> 444 (map).
[00:05:51] [Server thread/INFO] [FML/]: Injected new block/item OreSpawn:OreSpawn_CrystalStoneSword: 4142 (init) -> 4142 (map).
[00:05:51] [Server thread/INFO] [FML/]: Injected new block/item OreSpawn:OreSpawn_TermiteEgg: 4332 (init) -> 4332 (map).
[00:05:51] [Server thread/INFO] [FML/]: Injected new block/item OreSpawn:OreSpawn_SnowGolemEgg: 4251 (init) -> 4251 (map).
[00:05:51] [Server thread/INFO] [FML/]: Injected new block/item OreSpawn:OreSpawn_UltimateSword: 4102 (init) -> 4102 (map).
[00:05:51] [Server thread/INFO] [FML/]: Injected new block/item OreSpawn:OreSpawn_UltimateShovel: 4112 (init) -> 4112 (map).
[00:05:51] [Server thread/INFO] [FML/]: Injected new block/item OreSpawn:OreSpawn_WitherSkeletonEgg: 4249 (init) -> 4249 (map).
[00:05:51] [Server thread/INFO] [FML/]: Injected new block/item OreSpawn:OreSpawn_AloEgg: 4264 (init) -> 4264 (map).
[00:05:51] [Server thread/INFO] [FML/]: Injected new block/item OreSpawn:OreSpawn_TheKingEgg: 4256 (init) -> 4256 (map).
[00:05:51] [Server thread/INFO] [FML/]: Injected new block/item OreSpawn:OreSpawn_ExperienceBoots: 4525 (init) -> 4525 (map).
[00:05:51] [Server thread/INFO] [FML/]: Injected new block/item OreSpawn:OreSpawn_CagedFirefly: 4424 (init) -> 4424 (map).
[00:05:51] [Server thread/INFO] [FML/]: Injected new block/item OreSpawn:OreSpawn_UrchinEgg: 4321 (init) -> 4321 (map).
[00:05:51] [Server thread/INFO] [FML/]: Injected new block/item OreSpawn:OreSpawn_SpitBugEgg: 4288 (init) -> 4288 (map).
[00:05:51] [Server thread/INFO] [FML/]: Injected new block/item OreSpawn:OreSpawn_BoyfriendSpawnBlock: 193 (init) -> 193 (map).
[00:05:51] [Server thread/INFO] [FML/]: Injected new block/item OreSpawn:OreSpawn_IngotTitanium: 4101 (init) -> 4101 (map).
[00:05:51] [Server thread/INFO] [FML/]: Injected new block/item OreSpawn:OreSpawn_QueenScale: 4169 (init) -> 4169 (map).
[00:05:51] [Server thread/INFO] [FML/]: Injected new block/item OreSpawn:OreSpawn_StepUp: 4512 (init) -> 4512 (map).
[00:05:51] [Server thread/INFO] [FML/]: Injected new block/item OreSpawn:OreSpawn_MOTHRASpawnBlock: 199 (init) -> 199 (map).
[00:05:51] [Server thread/INFO] [FML/]: Injected new block/item OreSpawn:OreSpawn_TerribleTerrorSpawnBlock: 237 (init) -> 237 (map).
[00:05:51] [Server thread/INFO] [FML/]: Injected new block/item OreSpawn:OreSpawn_LavaEelBody: 4502 (init) -> 4502 (map).
[00:05:51] [Server thread/INFO] [FML/]: Injected new block/item OreSpawn:OreSpawn_EndermanSpawnBlock: 183 (init) -> 183 (map).
[00:05:51] [Server thread/INFO] [FML/]: Injected new block/item OreSpawn:OreSpawn_RTPBlock: 450 (init) -> 450 (map).
[00:05:51] [Server thread/INFO] [FML/]: Injected new block/item OreSpawn:OreSpawn_TigersEyeShovel: 4139 (init) -> 4139 (map).
[00:05:51] [Server thread/INFO] [FML/]: Injected new block/item OreSpawn:OreSpawn_SpikeyRock: 4200 (init) -> 4200 (map).
[00:05:51] [Server thread/INFO] [FML/]: Injected new block/item OreSpawn:OreSpawn_BLT: 4237 (init) -> 4237 (map).
[00:05:51] [Server thread/INFO] [FML/]: Injected new block/item OreSpawn:OreSpawn_CrystalCowEgg: 4260 (init) -> 4260 (map).
[00:05:51] [Server thread/INFO] [FML/]: Injected new block/item OreSpawn:OreSpawn_NastysaurusEgg: 4353 (init) -> 4353 (map).
[00:05:51] [Server thread/INFO] [FML/]: Injected new block/item OreSpawn:OreSpawn_PopcornBag: 4212 (init) -> 4212 (map).
[00:05:51] [Server thread/INFO] [FML/]: Injected new block/item OreSpawn:OreSpawn_PeachSeed: 4511 (init) -> 4511 (map).
[00:05:51] [Server thread/INFO] [FML/]: Injected new block/item OreSpawn:OreSpawn_RubberDuckySpawnBlock: 440 (init) -> 440 (map).
[00:05:51] [Server thread/INFO] [FML/]: Injected new block/item OreSpawn:OreSpawn_InstantShelter: 4539 (init) -> 4539 (map).
[00:05:51] [Server thread/INFO] [FML/]: Injected new block/item OreSpawn:OreSpawn_CagedCassowary: 4440 (init) -> 4440 (map).
[00:05:51] [Server thread/INFO] [FML/]: Injected new block/item OreSpawn:OreSpawn_PeacockFeatherBody: 4551 (init) -> 4551 (map).
[00:05:51] [Server thread/INFO] [FML/]: Injected new block/item OreSpawn:OreSpawn_SpyroSpawnBlock: 210 (init) -> 210 (map).
[00:05:51] [Server thread/INFO] [FML/]: Injected new block/item OreSpawn:OreSpawn_GreenGoo: 4178 (init) -> 4178 (map).
[00:05:51] [Server thread/INFO] [FML/]: Injected new block/item OreSpawn:OreSpawn_Amethyst: 4220 (init) -> 4220 (map).
[00:05:51] [Server thread/INFO] [FML/]: Injected new block/item OreSpawn:OreSpawn_MooshroomSpawnBlock: 190 (init) -> 190 (map).
[00:05:51] [Server thread/INFO] [FML/]: Injected new block/item OreSpawn:OreSpawn_SeaMonsterScale: 4243 (init) -> 4243 (map).
[00:05:51] [Server thread/INFO] [FML/]: Injected new block/item OreSpawn:OreSpawn_FireflyEgg: 4336 (init) -> 4336 (map).
[00:05:51] [Server thread/INFO] [FML/]: Injected new block/item OreSpawn:OreSpawn_TriffidEgg: 4296 (init) -> 4296 (map).
[00:05:51] [Server thread/INFO] [FML/]: Injected new block/item OreSpawn:OreSpawn_UnstableAntBlock: 540 (init) -> 540 (map).
[00:05:51] [Server thread/INFO] [FML/]: Injected new block/item OreSpawn:OreSpawn_BoyfriendEgg: 4255 (init) -> 4255 (map).
[00:05:51] [Server thread/INFO] [FML/]: Injected new block/item OreSpawn:OreSpawn_MosquitoEgg: 4335 (init) -> 4335 (map).
[00:05:51] [Server thread/INFO] [FML/]: Injected new block/item OreSpawn:OreSpawn_TigersEyeBlock: 463 (init) -> 463 (map).
[00:05:51] [Server thread/INFO] [FML/]: Injected new block/item OreSpawn:OreSpawn_RotatorEgg: 4312 (init) -> 4312 (map).
[00:05:51] [Server thread/INFO] [FML/]: Injected new block/item OreSpawn:OreSpawn_MolenoidSpawnBlock: 435 (init) -> 435 (map).
[00:05:51] [Server thread/INFO] [FML/]: Injected new block/item OreSpawn:OreSpawn_CricketEgg: 4355 (init) -> 4355 (map).
[00:05:51] [Server thread/INFO] [FML/]: Injected new block/item OreSpawn:OreSpawn_CryoEgg: 4265 (init) -> 4265 (map).
[00:05:51] [Server thread/INFO] [FML/]: Injected new block/item OreSpawn:OreSpawn_CagedCama: 4401 (init) -> 4401 (map).
[00:05:51] [Server thread/INFO] [FML/]: Injected new block/item OreSpawn:OreSpawn_CagedCockateil: 4412 (init) -> 4412 (map).
[00:05:51] [Server thread/INFO] [FML/]: Injected new block/item OreSpawn:OreSpawn_DuctTapeBlock: 465 (init) -> 465 (map).
[00:05:51] [Server thread/INFO] [FML/]: Injected new block/item OreSpawn:OreSpawn_VeloEgg: 4267 (init) -> 4267 (map).
[00:05:51] [Server thread/INFO] [FML/]: Injected new block/item OreSpawn:OreSpawn_RatEgg: 4316 (init) -> 4316 (map).
[00:05:51] [Server thread/INFO] [FML/]: Injected new block/item OreSpawn:OreSpawn_BlockMobzillaScaleBlock: 455 (init) -> 455 (map).
[00:05:51] [Server thread/INFO] [FML/]: Injected new block/item OreSpawn:OreSpawn_WitherBossEgg: 4253 (init) -> 4253 (map).
[00:05:51] [Server thread/INFO] [FML/]: Injected new block/item OreSpawn:OreSpawn_CagedWaterDragon: 4417 (init) -> 4417 (map).
[00:05:51] [Server thread/INFO] [FML/]: Injected new block/item OreSpawn:OreSpawn_RicePlant: 481 (init) -> 481 (map).
[00:05:51] [Server thread/INFO] [FML/]: Injected new block/item OreSpawn:OreSpawn_KrakenRepellent: 527 (init) -> 527 (map).
[00:05:51] [Server thread/INFO] [FML/]: Injected new block/item OreSpawn:OreSpawn_CagedBrutalfly: 4471 (init) -> 4471 (map).
[00:05:51] [Server thread/INFO] [FML/]: Injected new block/item OreSpawn:OreSpawn_RubberDuckyEgg: 4348 (init) -> 4348 (map).
[00:05:51] [Server thread/INFO] [FML/]: Injected new block/item OreSpawn:OreSpawn_EnchantedCowSpawnBlock: 198 (init) -> 198 (map).
[00:05:51] [Server thread/INFO] [FML/]: Injected new block/item OreSpawn:OreSpawn_CagedSkeleton: 4371 (init) -> 4371 (map).
[00:05:51] [Server thread/INFO] [FML/]: Injected new block/item OreSpawn:OreSpawn_CaveFisherSpawnBlock: 209 (init) -> 209 (map).
[00:05:51] [Server thread/INFO] [FML/]: Injected new block/item OreSpawn:OreSpawn_TshirtSpawnBlock: 255 (init) -> 255 (map).
[00:05:51] [Server thread/INFO] [FML/]: Injected new block/item OreSpawn:OreSpawn_BlackHeels: 4158 (init) -> 4158 (map).
[00:05:51] [Server thread/INFO] [FML/]: Injected new block/item OreSpawn:OreSpawn_SpyroEgg: 4274 (init) -> 4274 (map).
[00:05:51] [Server thread/INFO] [FML/]: Injected new block/item OreSpawn:OreSpawn_CagedSmallWorm: 4437 (init) -> 4437 (map).
[00:05:51] [Server thread/INFO] [FML/]: Injected new block/item OreSpawn:OreSpawn_CagedSeaMonster: 4465 (init) -> 4465 (map).
[00:05:51] [Server thread/INFO] [FML/]: Injected new block/item OreSpawn:OreSpawn_RockFish: 4233 (init) -> 4233 (map).
[00:05:51] [Server thread/INFO] [FML/]: Injected new block/item OreSpawn:OreSpawn_RubyBoots: 4529 (init) -> 4529 (map).
[00:05:51] [Server thread/INFO] [FML/]: Injected new block/item OreSpawn:OreSpawn_PurpleRock: 4199 (init) -> 4199 (map).
[00:05:51] [Server thread/INFO] [FML/]: Injected new block/item OreSpawn:OreSpawn_CockateilSpawnBlock: 213 (init) -> 213 (map).
[00:05:51] [Server thread/INFO] [FML/]: Injected new block/item OreSpawn:OreSpawn_SeaMonsterEgg: 4345 (init) -> 4345 (map).
[00:05:51] [Server thread/INFO] [FML/]: Injected new block/item OreSpawn:OreSpawn_CrystalPlant: 510 (init) -> 510 (map).
[00:05:51] [Server thread/INFO] [FML/]: Injected new block/item OreSpawn:OreSpawn_GreyFish: 4235 (init) -> 4235 (map).
[00:05:51] [Server thread/INFO] [FML/]: Injected new block/item OreSpawn:OreSpawn_SpiderRobotEgg: 4360 (init) -> 4360 (map).
[00:05:51] [Server thread/INFO] [FML/]: Injected new block/item OreSpawn:OreSpawn_CassowarySpawnBlock: 251 (init) -> 251 (map).
[00:05:51] [Server thread/INFO] [FML/]: Injected new block/item OreSpawn:OreSpawn_PinkFish: 4232 (init) -> 4232 (map).
[00:05:51] [Server thread/INFO] [FML/]: Injected new block/item OreSpawn:OreSpawn_CagedWolf: 4382 (init) -> 4382 (map).
[00:05:51] [Server thread/INFO] [FML/]: Injected new block/item OreSpawn:OreSpawn_NightmareScale: 4170 (init) -> 4170 (map).
[00:05:51] [Server thread/INFO] [FML/]: Injected new block/item OreSpawn:OreSpawn_GazelleEgg: 4291 (init) -> 4291 (map).
[00:05:51] [Server thread/INFO] [FML/]: Injected new block/item OreSpawn:OreSpawn_IronGolemSpawnBlock: 216 (init) -> 216 (map).
[00:05:51] [Server thread/INFO] [FML/]: Injected new block/item OreSpawn:OreSpawn_RedAntEgg: 4329 (init) -> 4329 (map).
[00:05:51] [Server thread/INFO] [FML/]: Injected new block/item OreSpawn:OreSpawn_EasterBunnyEgg: 4343 (init) -> 4343 (map).
[00:05:51] [Server thread/INFO] [FML/]: Injected new block/item OreSpawn:OreSpawn_RotatorSpawnBlock: 415 (init) -> 415 (map).
[00:05:51] [Server thread/INFO] [FML/]: Injected new block/item OreSpawn:OreSpawn_BlockRubyBlock: 459 (init) -> 459 (map).
[00:05:51] [Server thread/INFO] [FML/]: Injected new block/item OreSpawn:OreSpawn_ThePrincessEgg: 4356 (init) -> 4356 (map).
[00:05:51] [Server thread/INFO] [FML/]: Injected new block/item OreSpawn:OreSpawn_CagedFlounder: 4448 (init) -> 4448 (map).
[00:05:51] [Server thread/INFO] [FML/]: Injected new block/item OreSpawn:OreSpawn_AmethystShovel: 4154 (init) -> 4154 (map).
[00:05:51] [Server thread/INFO] [FML/]: Injected new block/item OreSpawn:OreSpawn_EmeraldBody: 4516 (init) -> 4516 (map).
[00:05:51] [Server thread/INFO] [FML/]: Injected new block/item OreSpawn:OreSpawn_TheKingPartSpawnBlock: 244 (init) -> 244 (map).
[00:05:51] [Server thread/INFO] [FML/]: Injected new block/item OreSpawn:OreSpawn_KrakenSpawnBlock: 225 (init) -> 225 (map).
[00:05:51] [Server thread/INFO] [FML/]: Injected new block/item OreSpawn:OreSpawn_CagedRotator: 4450 (init) -> 4450 (map).
[00:05:51] [Server thread/INFO] [FML/]: Injected new block/item OreSpawn:OreSpawn_CrystalWoodHoe: 4130 (init) -> 4130 (map).
[00:05:51] [Server thread/INFO] [FML/]: Injected new block/item OreSpawn:OreSpawn_Ruby: 4219 (init) -> 4219 (map).
[00:05:51] [Server thread/INFO] [FML/]: Injected new block/item OreSpawn:OreSpawn_CagedCaterKiller: 4463 (init) -> 4463 (map).
[00:05:51] [Server thread/INFO] [FML/]: Injected new block/item OreSpawn:OreSpawn_EnderDragonSpawnBlock: 218 (init) -> 218 (map).
[00:05:51] [Server thread/INFO] [FML/]: Injected new block/item OreSpawn:OreSpawn_MothScale: 4168 (init) -> 4168 (map).
[00:05:51] [Server thread/INFO] [FML/]: Injected new block/item OreSpawn:OreSpawn_WoodFish: 4234 (init) -> 4234 (map).
[00:05:51] [Server thread/INFO] [FML/]: Injected new block/item OreSpawn:OreSpawn_CoinEgg: 4342 (init) -> 4342 (map).
[00:05:51] [Server thread/INFO] [FML/]: Injected new block/item OreSpawn:OreSpawn_AmethystHoe: 4155 (init) -> 4155 (map).
[00:05:51] [Server thread/INFO] [FML/]: Injected new block/item OreSpawn:OreSpawn_RedHeels: 4157 (init) -> 4157 (map).
[00:05:51] [Server thread/INFO] [FML/]: Injected new block/item OreSpawn:OreSpawn_RedCowSpawnBlock: 194 (init) -> 194 (map).
[00:05:51] [Server thread/INFO] [FML/]: Injected new block/item OreSpawn:OreSpawn_CagedCrystalCow: 4394 (init) -> 4394 (map).
[00:05:51] [Server thread/INFO] [FML/]: Injected new block/item OreSpawn:OreSpawn_CrystalPinkAxe: 4136 (init) -> 4136 (map).
[00:05:51] [Server thread/INFO] [FML/]: Injected new block/item OreSpawn:OreSpawn_CrystalRedRock: 4193 (init) -> 4193 (map).
[00:05:51] [Server thread/INFO] [FML/]: Injected new block/item OreSpawn:OreSpawn_FairySword: 4120 (init) -> 4120 (map).
[00:05:51] [Server thread/INFO] [FML/]: Injected new block/item OreSpawn:OreSpawn_CageEmpty: 4363 (init) -> 4363 (map).
[00:05:51] [Server thread/INFO] [FML/]: Injected new block/item OreSpawn:OreSpawn_LeafMonsterEgg: 4306 (init) -> 4306 (map).
[00:05:51] [Server thread/INFO] [FML/]: Injected new block/item OreSpawn:OreSpawn_CagedUrchin: 4447 (init) -> 4447 (map).
[00:05:51] [Server thread/INFO] [FML/]: Injected new block/item OreSpawn:OreSpawn_PizzaBlock: 464 (init) -> 464 (map).
[00:05:51] [Server thread/INFO] [FML/]: Injected new block/item OreSpawn:OreSpawn_CrystalApple: 4479 (init) -> 4479 (map).
[00:05:51] [Server thread/INFO] [FML/]: Injected new block/item OreSpawn:OreSpawn_EnderReaperSpawnBlock: 410 (init) -> 410 (map).
[00:05:51] [Server thread/INFO] [FML/]: Injected new block/item OreSpawn:OreSpawn_CrystalPinkBlock: 462 (init) -> 462 (map).
[00:05:51] [Server thread/INFO] [FML/]: Injected new block/item OreSpawn:OreSpawn_EasterBunnySpawnBlock: 433 (init) -> 433 (map).
[00:05:51] [Server thread/INFO] [FML/]: Injected new block/item OreSpawn:OreSpawn_EmperorScorpionEgg: 4271 (init) -> 4271 (map).
[00:05:51] [Server thread/INFO] [FML/]: Injected new block/item OreSpawn:OreSpawn_CrystalCowSpawnBlock: 195 (init) -> 195 (map).
[00:05:51] [Server thread/INFO] [FML/]: Injected new block/item OreSpawn:OreSpawn_SunFish: 4166 (init) -> 4166 (map).
[00:05:51] [Server thread/INFO] [FML/]: Injected new block/item OreSpawn:OreSpawn_MosquitoSeed: 4492 (init) -> 4492 (map).
[00:05:51] [Server thread/INFO] [FML/]: Injected new block/item OreSpawn:OreSpawn_FireflyPlant: 485 (init) -> 485 (map).
[00:05:51] [Server thread/INFO] [FML/]: Injected new block/item OreSpawn:OreSpawn_TriffidSpawnBlock: 239 (init) -> 239 (map).
[00:05:51] [Server thread/INFO] [FML/]: Injected new block/item OreSpawn:OreSpawn_CockateilEgg: 4277 (init) -> 4277 (map).
[00:05:51] [Server thread/INFO] [FML/]: Injected new block/item OreSpawn:OreSpawn_Robot4Egg: 4325 (init) -> 4325 (map).
[00:05:51] [Server thread/INFO] [FML/]: Injected new block/item OreSpawn:OreSpawn_CaterKillerEgg: 4347 (init) -> 4347 (map).
[00:05:51] [Server thread/INFO] [FML/]: Injected new block/item OreSpawn:OreSpawn_AmethystHelmet: 4530 (init) -> 4530 (map).
[00:05:51] [Server thread/INFO] [FML/]: Injected new block/item OreSpawn:OreSpawn_RoyalHelmet: 4557 (init) -> 4557 (map).
[00:05:51] [Server thread/INFO] [FML/]: Injected new block/item OreSpawn:OreSpawn_StrawberrySeed: 4489 (init) -> 4489 (map).
[00:05:51] [Server thread/INFO] [FML/]: Injected new block/item OreSpawn:OreSpawn_CherryLeaves: 505 (init) -> 505 (map).
[00:05:51] [Server thread/INFO] [FML/]: Injected new block/item OreSpawn:OreSpawn_StrawberryPlant: 479 (init) -> 479 (map).
[00:05:51] [Server thread/INFO] [FML/]: Injected new block/item OreSpawn:OreSpawn_CagedRedCow: 4393 (init) -> 4393 (map).
[00:05:51] [Server thread/INFO] [FML/]: Injected new block/item OreSpawn:OreSpawn_CrystalPinkBody: 4542 (init) -> 4542 (map).
[00:05:51] [Server thread/INFO] [FML/]: Injected new block/item OreSpawn:OreSpawn_TigersEyeLegs: 4547 (init) -> 4547 (map).
[00:05:51] [Server thread/INFO] [FML/]: Injected new block/item OreSpawn:OreSpawn_CagedDragon: 4421 (init) -> 4421 (map).
[00:05:51] [Server thread/INFO] [FML/]: Injected new block/item OreSpawn:OreSpawn_CagedEnderDragon: 4389 (init) -> 4389 (map).
[00:05:51] [Server thread/INFO] [FML/]: Injected new block/item OreSpawn:OreSpawn_AntBlock: 535 (init) -> 535 (map).
[00:05:51] [Server thread/INFO] [FML/]: Injected new block/item OreSpawn:OreSpawn_OreAmethystBlock: 460 (init) -> 460 (map).
[00:05:51] [Server thread/INFO] [FML/]: Injected new block/item OreSpawn:OreSpawn_CrystalStoneHoe: 4145 (init) -> 4145 (map).
[00:05:51] [Server thread/INFO] [FML/]: Injected new block/item OreSpawn:OreSpawn_MolenoidNose: 4242 (init) -> 4242 (map).
[00:05:51] [Server thread/INFO] [FML/]: Injected new block/item OreSpawn:OreSpawn_JefferyEgg: 4358 (init) -> 4358 (map).
[00:05:51] [Server thread/INFO] [FML/]: Injected new block/item OreSpawn:OreSpawn_LapisHelmet: 4561 (init) -> 4561 (map).
[00:05:51] [Server thread/INFO] [FML/]: Injected new block/item OreSpawn:OreSpawn_WitherBossSpawnBlock: 191 (init) -> 191 (map).
[00:05:51] [Server thread/INFO] [FML/]: Injected new block/item OreSpawn:OreSpawn_EmeraldAxe: 4126 (init) -> 4126 (map).
[00:05:51] [Server thread/INFO] [FML/]: Injected new block/item OreSpawn:OreSpawn_GameController: 4161 (init) -> 4161 (map).
[00:05:51] [Server thread/INFO] [FML/]: Injected new block/item OreSpawn:OreSpawn_UltimateHelmet: 4497 (init) -> 4497 (map).
[00:05:51] [Server thread/INFO] [FML/]: Injected new block/item OreSpawn:OreSpawn_GoldFishSpawnBlock: 253 (init) -> 253 (map).
[00:05:51] [Server thread/INFO] [FML/]: Injected new block/item OreSpawn:OreSpawn_OreCrystalCoalBlock: 471 (init) -> 471 (map).
[00:05:51] [Server thread/INFO] [FML/]: Injected new block/item OreSpawn:OreSpawn_UltimateHoe: 4113 (init) -> 4113 (map).
[00:05:51] [Server thread/INFO] [FML/]: Injected new block/item OreSpawn:OreSpawn_LeonEgg: 4350 (init) -> 4350 (map).
[00:05:51] [Server thread/INFO] [FML/]: Injected new block/item OreSpawn:OreSpawn_CagedEnchantedCow: 4397 (init) -> 4397 (map).
[00:05:51] [Server thread/INFO] [FML/]: Injected new block/item OreSpawn:OreSpawn_CreeperLauncher: 4182 (init) -> 4182 (map).
[00:05:51] [Server thread/INFO] [FML/]: Injected new block/item OreSpawn:OreSpawn_MinersDream: 4496 (init) -> 4496 (map).
[00:05:51] [Server thread/INFO] [FML/]: Injected new block/item OreSpawn:OreSpawn_CagedSlime: 4373 (init) -> 4373 (map).
[00:05:51] [Server thread/INFO] [FML/]: Injected new block/item OreSpawn:OreSpawn_CagedOstrich: 4427 (init) -> 4427 (map).
[00:05:51] [Server thread/INFO] [FML/]: Injected new block/item OreSpawn:OreSpawn_TigersEyeBoots: 4548 (init) -> 4548 (map).
[00:05:51] [Server thread/INFO] [FML/]: Injected new block/item OreSpawn:OreSpawn_CagedSeaViper: 4466 (init) -> 4466 (map).
[00:05:51] [Server thread/INFO] [FML/]: Injected new block/item OreSpawn:OreSpawn_CassowaryEgg: 4303 (init) -> 4303 (map).
[00:05:51] [Server thread/INFO] [FML/]: Injected new block/item OreSpawn:OreSpawn_CagedEmperorScorpion: 4406 (init) -> 4406 (map).
[00:05:51] [Server thread/INFO] [FML/]: Injected new block/item OreSpawn:OreSpawn_Lettuce: 4488 (init) -> 4488 (map).
[00:05:51] [Server thread/INFO] [FML/]: Injected new block/item OreSpawn:OreSpawn_RubyHoe: 4150 (init) -> 4150 (map).
[00:05:51] [Server thread/INFO] [FML/]: Injected new block/item OreSpawn:OreSpawn_CrystalFurnaceOnBlock: 478 (init) -> 478 (map).
[00:05:51] [Server thread/INFO] [FML/]: Injected new block/item OreSpawn:OreSpawn_OreTigersEyeBlock: 474 (init) -> 474 (map).
[00:05:51] [Server thread/INFO] [FML/]: Injected new block/item OreSpawn:OreSpawn_CrystalLeaves: 521 (init) -> 521 (map).
[00:05:51] [Server thread/INFO] [FML/]: Injected new block/item OreSpawn:OreSpawn_GhostEgg: 4326 (init) -> 4326 (map).
[00:05:51] [Server thread/INFO] [FML/]: Injected new block/item OreSpawn:OreSpawn_CagedSnowGolem: 4390 (init) -> 4390 (map).
[00:05:51] [Server thread/INFO] [FML/]: Injected new block/item OreSpawn:OreSpawn_ChipmunkSpawnBlock: 235 (init) -> 235 (map).
[00:05:51] [Server thread/INFO] [FML/]: Injected new block/item OreSpawn:OreSpawn_Robot2Egg: 4323 (init) -> 4323 (map).
[00:05:51] [Server thread/INFO] [FML/]: Injected new block/item OreSpawn:OreSpawn_SkeletonSpawnBlock: 178 (init) -> 178 (map).
[00:05:51] [Server thread/INFO] [FML/]: Injected new block/item OreSpawn:OreSpawn_LizardSpawnBlock: 226 (init) -> 226 (map).
[00:05:51] [Server thread/INFO] [FML/]: Injected new block/item OreSpawn:OreSpawn_TheQueenEgg: 4257 (init) -> 4257 (map).
[00:05:51] [Server thread/INFO] [FML/]: Injected new block/item OreSpawn:OreSpawn_PitchBlackSpawnBlock: 240 (init) -> 240 (map).
[00:05:51] [Server thread/INFO] [FML/]: Injected new block/item OreSpawn:OreSpawn_CagedKyuubi: 4413 (init) -> 4413 (map).
[00:05:51] [Server thread/INFO] [FML/]: Injected new block/item OreSpawn:OreSpawn_GodzillaEgg: 4299 (init) -> 4299 (map).
[00:05:51] [Server thread/INFO] [FML/]: Injected new block/item OreSpawn:OreSpawn_CagedHammerhead: 4468 (init) -> 4468 (map).
[00:05:51] [Server thread/INFO] [FML/]: Injected new block/item OreSpawn:OreSpawn_UltimateBoots: 4500 (init) -> 4500 (map).
[00:05:51] [Server thread/INFO] [FML/]: Injected new block/item OreSpawn:OreSpawn_CagedCreeper: 4370 (init) -> 4370 (map).
[00:05:51] [Server thread/INFO] [FML/]: Injected new block/item OreSpawn:OreSpawn_FlounderEgg: 4317 (init) -> 4317 (map).
[00:05:51] [Server thread/INFO] [FML/]: Injected new block/item OreSpawn:OreSpawn_SeaViperEgg: 4346 (init) -> 4346 (map).
[00:05:51] [Server thread/INFO] [FML/]: Injected new block/item OreSpawn:OreSpawn_UltimateLegs: 4499 (init) -> 4499 (map).
[00:05:51] [Server thread/INFO] [FML/]: Injected new block/item OreSpawn:OreSpawn_CagedCliffRacer: 4433 (init) -> 4433 (map).
[00:05:51] [Server thread/INFO] [FML/]: Injected new block/item OreSpawn:OreSpawn_BlockAmethystBlock: 461 (init) -> 461 (map).
[00:05:51] [Server thread/INFO] [FML/]: Injected new block/item OreSpawn:OreSpawn_GammaMetroidSpawnBlock: 212 (init) -> 212 (map).
[00:05:51] [Server thread/INFO] [FML/]: Injected new block/item OreSpawn:OreSpawn_CagedHorse: 4423 (init) -> 4423 (map).
[00:05:51] [Server thread/INFO] [FML/]: Injected new block/item OreSpawn:OreSpawn_SpiderDriverEgg: 4361 (init) -> 4361 (map).
[00:05:51] [Server thread/INFO] [FML/]: Injected new block/item OreSpawn:OreSpawn_CagedEnderKnight: 4444 (init) -> 4444 (map).
[00:05:51] [Server thread/INFO] [FML/]: Injected new block/item OreSpawn:OreSpawn_MobzillaBody: 4554 (init) -> 4554 (map).
[00:05:51] [Server thread/INFO] [FML/]: Injected new block/item OreSpawn:OreSpawn_BasilSpawnBlock: 205 (init) -> 205 (map).
[00:05:51] [Server thread/INFO] [FML/]: Injected new block/item OreSpawn:OreSpawn_Robot3Egg: 4324 (init) -> 4324 (map).
[00:05:51] [Server thread/INFO] [FML/]: Injected new block/item OreSpawn:OreSpawn_CagedMagmaCube: 4379 (init) -> 4379 (map).
[00:05:51] [Server thread/INFO] [FML/]: Injected new block/item OreSpawn:OreSpawn_PeachLeaves: 506 (init) -> 506 (map).
[00:05:51] [Server thread/INFO] [FML/]: Injected new block/item OreSpawn:OreSpawn_CagedPitchBlack: 4435 (init) -> 4435 (map).
[00:05:51] [Server thread/INFO] [FML/]: Injected new block/item OreSpawn:OreSpawn_LurkingTerrorEgg: 4298 (init) -> 4298 (map).
[00:05:51] [Server thread/INFO] [FML/]: Injected new block/item OreSpawn:OreSpawn_OreCrystalFairyBlock: 470 (init) -> 470 (map).
[00:05:51] [Server thread/INFO] [FML/]: Injected new block/item OreSpawn:OreSpawn_CagedGammaMetroid: 4411 (init) -> 4411 (map).
[00:05:51] [Server thread/INFO] [FML/]: Injected new block/item OreSpawn:OreSpawn_Bacon: 4224 (init) -> 4224 (map).
[00:05:51] [Server thread/INFO] [FML/]: Injected new block/item OreSpawn:OreSpawn_CagedTriffid: 4434 (init) -> 4434 (map).
[00:05:51] [Server thread/INFO] [FML/]: Injected new block/item OreSpawn:OreSpawn_TigersEyeHelmet: 4545 (init) -> 4545 (map).
[00:05:51] [Server thread/INFO] [FML/]: Injected new block/item OreSpawn:OreSpawn_PoisonSword: 4118 (init) -> 4118 (map).
[00:05:51] [Server thread/INFO] [FML/]: Injected new block/item OreSpawn:OreSpawn_MothScaleLegs: 4507 (init) -> 4507 (map).
[00:05:51] [Server thread/INFO] [FML/]: Injected new block/item OreSpawn:OreSpawn_EmeraldHelmet: 4515 (init) -> 4515 (map).
[00:05:51] [Server thread/INFO] [FML/]: Injected new block/item OreSpawn:OreSpawn_IrukandjiSpawnBlock: 428 (init) -> 428 (map).
[00:05:51] [Server thread/INFO] [FML/]: Injected new block/item OreSpawn:OreSpawn_Peacock: 4217 (init) -> 4217 (map).
[00:05:51] [Server thread/INFO] [FML/]: Injected new block/item OreSpawn:OreSpawn_StinkyEgg: 4340 (init) -> 4340 (map).
[00:05:51] [Server thread/DEBUG] [FML/]: Registry consistency check successful
[00:05:51] [Server thread/TRACE] [mcp/mcp]: Sending event FMLModIdMappingEvent to mod mcp
[00:05:51] [Server thread/TRACE] [mcp/mcp]: Sent event FMLModIdMappingEvent to mod mcp
[00:05:51] [Server thread/DEBUG] [FML/]: Bar Step: ModIdMapping - Minecraft Coder Pack took 0.003s
[00:05:51] [Server thread/TRACE] [FML/FML]: Sending event FMLModIdMappingEvent to mod FML
[00:05:51] [Server thread/TRACE] [FML/FML]: Sent event FMLModIdMappingEvent to mod FML
[00:05:51] [Server thread/DEBUG] [FML/]: Bar Step: ModIdMapping - Forge Mod Loader took 0.001s
[00:05:51] [Server thread/TRACE] [Forge/Forge]: Sending event FMLModIdMappingEvent to mod Forge
[00:05:51] [Server thread/TRACE] [Forge/Forge]: Sent event FMLModIdMappingEvent to mod Forge
[00:05:51] [Server thread/DEBUG] [FML/]: Bar Step: ModIdMapping - Minecraft Forge took 0.004s
[00:05:51] [Server thread/TRACE] [OreSpawn/OreSpawn]: Sending event FMLModIdMappingEvent to mod OreSpawn
[00:05:51] [Server thread/TRACE] [OreSpawn/OreSpawn]: Sent event FMLModIdMappingEvent to mod OreSpawn
[00:05:51] [Server thread/DEBUG] [FML/]: Bar Step: ModIdMapping - OreSpawn took 0.001s
[00:05:51] [Server thread/DEBUG] [FML/]: Bar Finished: ModIdMapping took 0.008s
[00:05:51] [Server thread/INFO] [FML/]: Applying holder lookups
[00:05:51] [Server thread/INFO] [FML/]: Holder lookups applied
[00:05:51] [Server thread/DEBUG] [FML/]: Loading persistent fluid defaults from world
[00:05:51] [Server thread/DEBUG] [FML/]: The fluid minecraft:lava has been selected as the default fluid for lava
[00:05:51] [Server thread/DEBUG] [FML/]: The fluid minecraft:water has been selected as the default fluid for water
[00:05:52] [Server thread/INFO] [FML/]: Loading dimension 0 (world) (net.minecraft.server.dedicated.DedicatedServer@4f28c636)
[00:05:52] [Server thread/INFO] [FML/]: Loading dimension 85 (world) (net.minecraft.server.dedicated.DedicatedServer@4f28c636)
[00:05:52] [Server thread/INFO] [FML/]: Loading dimension 84 (world) (net.minecraft.server.dedicated.DedicatedServer@4f28c636)
[00:05:52] [Server thread/INFO] [FML/]: Loading dimension 83 (world) (net.minecraft.server.dedicated.DedicatedServer@4f28c636)
[00:05:52] [Server thread/INFO] [FML/]: Loading dimension 82 (world) (net.minecraft.server.dedicated.DedicatedServer@4f28c636)
[00:05:52] [Server thread/INFO] [FML/]: Loading dimension 81 (world) (net.minecraft.server.dedicated.DedicatedServer@4f28c636)
[00:05:52] [Server thread/INFO] [FML/]: Loading dimension 80 (world) (net.minecraft.server.dedicated.DedicatedServer@4f28c636)
[00:05:52] [Server thread/INFO] [FML/]: Loading dimension -1 (world) (net.minecraft.server.dedicated.DedicatedServer@4f28c636)
[00:05:52] [Server thread/INFO] [FML/]: Loading dimension 1 (world) (net.minecraft.server.dedicated.DedicatedServer@4f28c636)
[00:05:53] [Server thread/TRACE] [mcp/mcp]: Sending event FMLServerStartingEvent to mod mcp
[00:05:53] [Server thread/TRACE] [mcp/mcp]: Sent event FMLServerStartingEvent to mod mcp
[00:05:53] [Server thread/DEBUG] [FML/]: Bar Step: ServerStarting - Minecraft Coder Pack took 0.000s
[00:05:53] [Server thread/TRACE] [FML/FML]: Sending event FMLServerStartingEvent to mod FML
[00:05:53] [Server thread/TRACE] [FML/FML]: Sent event FMLServerStartingEvent to mod FML
[00:05:53] [Server thread/DEBUG] [FML/]: Bar Step: ServerStarting - Forge Mod Loader took 0.000s
[00:05:53] [Server thread/TRACE] [Forge/Forge]: Sending event FMLServerStartingEvent to mod Forge
[00:05:53] [Server thread/TRACE] [Forge/Forge]: Sent event FMLServerStartingEvent to mod Forge
[00:05:53] [Server thread/DEBUG] [FML/]: Bar Step: ServerStarting - Minecraft Forge took 0.005s
[00:05:53] [Server thread/TRACE] [OreSpawn/OreSpawn]: Sending event FMLServerStartingEvent to mod OreSpawn
[00:05:53] [Server thread/TRACE] [OreSpawn/OreSpawn]: Sent event FMLServerStartingEvent to mod OreSpawn
[00:05:53] [Server thread/DEBUG] [FML/]: Bar Step: ServerStarting - OreSpawn took 0.000s
[00:05:53] [Server thread/DEBUG] [FML/]: Bar Finished: ServerStarting took 0.006s
[00:05:53] [Server thread/TRACE] [mcp/mcp]: Sending event FMLServerStartedEvent to mod mcp
[00:05:53] [Server thread/TRACE] [mcp/mcp]: Sent event FMLServerStartedEvent to mod mcp
[00:05:53] [Server thread/DEBUG] [FML/]: Bar Step: ServerStarted - Minecraft Coder Pack took 0.000s
[00:05:53] [Server thread/TRACE] [FML/FML]: Sending event FMLServerStartedEvent to mod FML
[00:05:53] [Server thread/TRACE] [FML/FML]: Sent event FMLServerStartedEvent to mod FML
[00:05:53] [Server thread/DEBUG] [FML/]: Bar Step: ServerStarted - Forge Mod Loader took 0.000s
[00:05:53] [Server thread/TRACE] [Forge/Forge]: Sending event FMLServerStartedEvent to mod Forge
[00:05:53] [Server thread/TRACE] [Forge/Forge]: Sent event FMLServerStartedEvent to mod Forge
[00:05:53] [Server thread/DEBUG] [FML/]: Bar Step: ServerStarted - Minecraft Forge took 0.000s
[00:05:53] [Server thread/TRACE] [OreSpawn/OreSpawn]: Sending event FMLServerStartedEvent to mod OreSpawn
[00:05:53] [Server thread/TRACE] [OreSpawn/OreSpawn]: Sent event FMLServerStartedEvent to mod OreSpawn
[00:05:53] [Server thread/DEBUG] [FML/]: Bar Step: ServerStarted - OreSpawn took 0.000s
[00:05:53] [Server thread/DEBUG] [FML/]: Bar Finished: ServerStarted took 0.001s
[00:06:38] [Server thread/DEBUG] [FML/]: Gathering id map for writing to world save world
[00:07:23] [Server thread/DEBUG] [FML/]: Gathering id map for writing to world save world
[00:08:08] [Server thread/DEBUG] [FML/]: Gathering id map for writing to world save world
[00:08:53] [Server thread/DEBUG] [FML/]: Gathering id map for writing to world save world
