[00:13:36] [main/DEBUG] [FML/]: Injecting tracing printstreams for STDOUT/STDERR.
[00:13:36] [main/INFO] [FML/]: Forge Mod Loader version 7.99.40.1614 for Minecraft 1.7.10 loading
[00:13:36] [main/INFO] [FML/]: Java is OpenJDK 64-Bit Server VM, version 1.8.0_482, running on Linux:amd64:6.17.0-19-generic, installed at /usr/lib/jvm/java-8-openjdk-amd64/jre
[00:13:36] [main/DEBUG] [FML/]: Java classpath at launch is forge-1.7.10-10.13.4.1614-1.7.10-universal.jar
[00:13:36] [main/DEBUG] [FML/]: Java library path at launch is /usr/java/packages/lib/amd64:/usr/lib/x86_64-linux-gnu/jni:/lib/x86_64-linux-gnu:/usr/lib/x86_64-linux-gnu:/usr/lib/jni:/lib:/usr/lib
[00:13:36] [main/DEBUG] [FML/]: Enabling runtime deobfuscation
[00:13:36] [main/DEBUG] [FML/]: Instantiating coremod class FMLCorePlugin
[00:13:36] [main/DEBUG] [FML/]: Added access transformer class cpw.mods.fml.common.asm.transformers.AccessTransformer to enqueued access transformers
[00:13:36] [main/DEBUG] [FML/]: Enqueued coremod FMLCorePlugin
[00:13:36] [main/DEBUG] [FML/]: Instantiating coremod class FMLForgePlugin
[00:13:36] [main/DEBUG] [FML/]: Added access transformer class net.minecraftforge.transformers.ForgeAccessTransformer to enqueued access transformers
[00:13:36] [main/DEBUG] [FML/]: Enqueued coremod FMLForgePlugin
[00:13:36] [main/DEBUG] [FML/]: All fundamental core mods are successfully located
[00:13:36] [main/DEBUG] [FML/]: Attempting to load commandline specified mods, relative to /home/pit/Programas/Servers/PitCraft/instances/orespawn/.
[00:13:36] [main/DEBUG] [FML/]: Discovering coremods
[00:13:36] [main/DEBUG] [FML/]: Examining for coremod candidacy +unimixins-all-1.7.10-0.2.1.jar
[00:13:36] [main/INFO] [FML/]: Loading tweaker org.spongepowered.asm.launch.MixinTweaker from +unimixins-all-1.7.10-0.2.1.jar
[00:13:36] [main/DEBUG] [FML/]: Examining for coremod candidacy AIImprovements-1.7.10-0.0.1b8.jar
[00:13:36] [main/DEBUG] [FML/]: Not found coremod data in AIImprovements-1.7.10-0.0.1b8.jar
[00:13:36] [main/DEBUG] [FML/]: Examining for coremod candidacy archaicfix-0.7.9.jar
[00:13:36] [main/INFO] [FML/]: Loading tweaker org.spongepowered.asm.launch.MixinTweaker from archaicfix-0.7.9.jar
[00:13:36] [main/DEBUG] [FML/]: Examining for coremod candidacy BetterFps-1.0.1.jar
[00:13:36] [main/INFO] [FML/]: Loading tweaker me.guichaguri.betterfps.tweaker.BetterFpsTweaker from BetterFps-1.0.1.jar
[00:13:36] [main/DEBUG] [FML/]: Examining for coremod candidacy CarbonConfig-1.7.10-1.2.4.jar
[00:13:36] [main/TRACE] [FML/]: Found FMLCorePluginContainsFMLMod marker in CarbonConfig-1.7.10-1.2.4.jar, it will be examined later for regular @Mod instances
[00:13:36] [main/DEBUG] [FML/]: Instantiating coremod class CarbonConfigHooks
[00:13:36] [main/TRACE] [FML/]: coremod named CarbonConfigHooks is loading
[00:13:36] [main/WARN] [FML/]: The coremod carbonconfiglib.impl.internal.CarbonConfigHooks does not have a MCVersion annotation, it may cause issues with this version of Minecraft
[00:13:36] [main/DEBUG] [FML/]: Enqueued coremod CarbonConfigHooks
[00:13:36] [main/DEBUG] [FML/]: Examining for coremod candidacy Chunk-Pregenerator-1.7.10-4.4.9.1.jar
[00:13:36] [main/TRACE] [FML/]: Found FMLCorePluginContainsFMLMod marker in Chunk-Pregenerator-1.7.10-4.4.9.1.jar, it will be examined later for regular @Mod instances
[00:13:36] [main/DEBUG] [FML/]: Instantiating coremod class PregenHooks
[00:13:36] [main/TRACE] [FML/]: coremod named PregenHooks is loading
[00:13:36] [main/WARN] [FML/]: The coremod pregenerator.base.hooks.PregenHooks does not have a MCVersion annotation, it may cause issues with this version of Minecraft
[00:13:36] [main/DEBUG] [FML/]: Enqueued coremod PregenHooks
[00:13:36] [main/DEBUG] [FML/]: Examining for coremod candidacy ChunkPurge-1.7.10-2.1.jar
[00:13:36] [main/DEBUG] [FML/]: Not found coremod data in ChunkPurge-1.7.10-2.1.jar
[00:13:36] [main/DEBUG] [FML/]: Examining for coremod candidacy CodeChickenCore-1.4.12.jar
[00:13:36] [main/TRACE] [FML/]: Adding CodeChickenCore-1.4.12.jar to the list of known coremods, it will not be examined again
[00:13:36] [main/DEBUG] [FML/]: Instantiating coremod class CodeChickenCorePlugin
[00:13:37] [main/DEBUG] [FML/]: The coremod codechicken.core.launch.CodeChickenCorePlugin requested minecraft version 1.7.10 and minecraft is 1.7.10. It will be loaded.
[00:13:37] [main/DEBUG] [FML/]: Enqueued coremod CodeChickenCorePlugin
[00:13:37] [main/DEBUG] [FML/]: Examining for coremod candidacy denseores-1.6.2.jar
[00:13:37] [main/DEBUG] [FML/]: Not found coremod data in denseores-1.6.2.jar
[00:13:37] [main/DEBUG] [FML/]: Examining for coremod candidacy fastcraft-1.25.jar
[00:13:37] [main/INFO] [FML/]: Loading tweaker fastcraft.Tweaker from fastcraft-1.25.jar
[00:13:37] [main/DEBUG] [FML/]: Examining for coremod candidacy FoamFix-1.7.10-universal-1.0.4.jar
[00:13:37] [main/TRACE] [FML/]: Found FMLCorePluginContainsFMLMod marker in FoamFix-1.7.10-universal-1.0.4.jar, it will be examined later for regular @Mod instances
[00:13:37] [main/DEBUG] [FML/]: Instantiating coremod class FoamFixCore
[00:13:37] [main/TRACE] [FML/]: coremod named FoamFix/1.7 (Do not report to Forge!) is loading
[00:13:37] [main/WARN] [FML/]: The coremod pl.asie.foamfix.coremod.FoamFixCore does not have a MCVersion annotation, it may cause issues with this version of Minecraft
[00:13:37] [main/DEBUG] [FML/]: Enqueued coremod FoamFix/1.7 (Do not report to Forge!)
[00:13:37] [main/DEBUG] [FML/]: Examining for coremod candidacy GlibysVC-1.7.10-0.6.2a.jar
[00:13:37] [main/DEBUG] [FML/]: Not found coremod data in GlibysVC-1.7.10-0.6.2a.jar
[00:13:37] [main/DEBUG] [FML/]: Examining for coremod candidacy gtnhlib-0.9.45.jar
[00:13:37] [main/INFO] [FML/]: Loading tweaker org.spongepowered.asm.launch.MixinTweaker from gtnhlib-0.9.45.jar
[00:13:37] [main/DEBUG] [FML/]: Examining for coremod candidacy Hats-4.0.1.jar
[00:13:37] [main/DEBUG] [FML/]: Not found coremod data in Hats-4.0.1.jar
[00:13:37] [main/DEBUG] [FML/]: Examining for coremod candidacy iChunUtil-4.2.3.jar
[00:13:37] [main/DEBUG] [FML/]: Not found coremod data in iChunUtil-4.2.3.jar
[00:13:37] [main/DEBUG] [FML/]: Examining for coremod candidacy inventorypets-1.7.10-1.5.2.jar
[00:13:37] [main/DEBUG] [FML/]: Not found coremod data in inventorypets-1.7.10-1.5.2.jar
[00:13:37] [main/DEBUG] [FML/]: Examining for coremod candidacy IronBackpacks-1.7.10-1.2.20.jar
[00:13:37] [main/DEBUG] [FML/]: Not found coremod data in IronBackpacks-1.7.10-1.2.20.jar
[00:13:37] [main/DEBUG] [FML/]: Examining for coremod candidacy IronChest-6.1.11.jar
[00:13:37] [main/DEBUG] [FML/]: Not found coremod data in IronChest-6.1.11.jar
[00:13:37] [main/DEBUG] [FML/]: Examining for coremod candidacy lucky-block-forge-1.7.10-1.0.jar
[00:13:37] [main/DEBUG] [FML/]: Not found coremod data in lucky-block-forge-1.7.10-1.0.jar
[00:13:37] [main/DEBUG] [FML/]: Examining for coremod candidacy MoreFurnaces-1.3.9-MC1.7.10.jar
[00:13:37] [main/DEBUG] [FML/]: Not found coremod data in MoreFurnaces-1.3.9-MC1.7.10.jar
[00:13:37] [main/DEBUG] [FML/]: Examining for coremod candidacy NotEnoughItems-2.8.81-GTNH.jar
[00:13:37] [main/TRACE] [FML/]: Adding NotEnoughItems-2.8.81-GTNH.jar to the list of known coremods, it will not be examined again
[00:13:37] [main/DEBUG] [FML/]: Instantiating coremod class NEICorePlugin
[00:13:37] [main/DEBUG] [FML/]: The coremod codechicken.nei.asm.NEICorePlugin requested minecraft version 1.7.10 and minecraft is 1.7.10. It will be loaded.
[00:13:37] [main/DEBUG] [FML/]: Enqueued coremod NEICorePlugin
[00:13:37] [main/DEBUG] [FML/]: Examining for coremod candidacy orespawn-1.7.10-20.3.jar
[00:13:37] [main/DEBUG] [FML/]: Not found coremod data in orespawn-1.7.10-20.3.jar
[00:13:37] [main/DEBUG] [FML/]: Examining for coremod candidacy PortalGun-4.0.0-beta-6-fix-1.jar
[00:13:37] [main/DEBUG] [FML/]: Not found coremod data in PortalGun-4.0.0-beta-6-fix-1.jar
[00:13:37] [main/INFO] [LaunchWrapper/]: Loading tweak class name cpw.mods.fml.common.launcher.FMLInjectionAndSortingTweaker
[00:13:37] [main/INFO] [LaunchWrapper/]: Loading tweak class name org.spongepowered.asm.launch.MixinTweaker
[00:13:37] [main/DEBUG] [mixin/]: MixinService [LaunchWrapper] was successfully booted in sun.misc.Launcher$AppClassLoader@b4c966a
[00:13:37] [main/INFO] [mixin/]: SpongePowered MIXIN Subsystem Version=0.8.7 Source=file:/home/pit/Programas/Servers/PitCraft/instances/orespawn/mods/+unimixins-all-1.7.10-0.2.1.jar Service=LaunchWrapper Env=SERVER
[00:13:37] [main/DEBUG] [mixin/]: Adding new mixin transformer proxy #1
[00:13:37] [main/DEBUG] [mixin/]: Initialising Mixin Platform Manager
[00:13:37] [main/DEBUG] [mixin/]: Adding mixin platform agents for container ContainerHandleURI(file:/home/pit/Programas/Servers/PitCraft/instances/orespawn/mods/+unimixins-all-1.7.10-0.2.1.jar)
[00:13:37] [main/DEBUG] [mixin/]: Instancing new MixinPlatformAgentFMLLegacy for ContainerHandleURI(file:/home/pit/Programas/Servers/PitCraft/instances/orespawn/mods/+unimixins-all-1.7.10-0.2.1.jar)
[00:13:37] [main/DEBUG] [mixin/]: ForceLoadAsMod was specified for +unimixins-all-1.7.10-0.2.1.jar, attempting force-load
[00:13:37] [main/DEBUG] [mixin/]: Adding +unimixins-all-1.7.10-0.2.1.jar to reparseable coremod collection
[00:13:37] [main/DEBUG] [mixin/]: +unimixins-all-1.7.10-0.2.1.jar has core plugin io.github.legacymoddingmc.unimixins.all.AllCore. Injecting it into FML for co-initialisation:
[00:13:37] [main/DEBUG] [FML/]: Instantiating coremod class AllCore
[00:13:37] [main/DEBUG] [mixin/]: Preparing mixins for MixinEnvironment[PREINIT]
[00:13:37] [main/DEBUG] [unimixins/]: Name of jar containing MixinCore: +unimixins-all-1.7.10-0.2.1.jar
[00:13:37] [main/DEBUG] [unimixins/]: Name of jar containing MixinTweaker: +unimixins-all-1.7.10-0.2.1.jar
[00:13:37] [main/INFO] [MixinBooter/]: MixinBootstrap Initializing...
[00:13:37] [main/DEBUG] [mixin/]: Registering new injector for @Inject with org.spongepowered.asm.mixin.injection.struct.CallbackInjectionInfo
[00:13:37] [main/DEBUG] [mixin/]: Registering new injector for @ModifyArg with org.spongepowered.asm.mixin.injection.struct.ModifyArgInjectionInfo
[00:13:37] [main/DEBUG] [mixin/]: Registering new injector for @ModifyArgs with org.spongepowered.asm.mixin.injection.struct.ModifyArgsInjectionInfo
[00:13:37] [main/DEBUG] [mixin/]: Registering new injector for @Redirect with org.spongepowered.asm.mixin.injection.struct.RedirectInjectionInfo
[00:13:37] [main/DEBUG] [mixin/]: Registering new injector for @ModifyVariable with org.spongepowered.asm.mixin.injection.struct.ModifyVariableInjectionInfo
[00:13:37] [main/DEBUG] [mixin/]: Registering new injector for @ModifyConstant with org.spongepowered.asm.mixin.injection.struct.ModifyConstantInjectionInfo
[00:13:37] [main/DEBUG] [mixin/]: Registering new injector for @ModifyExpressionValue with io.github.tox1cozz.mixinextras.injector.ModifyExpressionValueInjectionInfo
[00:13:37] [main/DEBUG] [mixin/]: Registering new injector for @ModifyReceiver with io.github.tox1cozz.mixinextras.injector.ModifyReceiverInjectionInfo
[00:13:37] [main/DEBUG] [mixin/]: Registering new injector for @ModifyReturnValue with io.github.tox1cozz.mixinextras.injector.ModifyReturnValueInjectionInfo
[00:13:37] [main/DEBUG] [mixin/]: Registering new injector for @WrapWithCondition with io.github.tox1cozz.mixinextras.injector.WrapWithConditionInjectionInfo
[00:13:37] [main/INFO] [mixin/]: Compatibility level set to JAVA_8
[00:13:37] [main/DEBUG] [mixin/]: Checking for additional mixins for MixinEnvironment[PREINIT]
[00:13:37] [main/DEBUG] [mixin/]: Selecting config mixin.mixinbooterlegacy.json
[00:13:37] [main/DEBUG] [mixin/]: Preparing mixin.mixinbooterlegacy.json (1)
[00:13:37] [main/DEBUG] [org.spongepowered.asm.service.mojang.MixinServiceLaunchWrapper/]: Rebuilding transformer delegation list:
[00:13:37] [main/DEBUG] [org.spongepowered.asm.service.mojang.MixinServiceLaunchWrapper/]:   Adding:    cpw.mods.fml.common.asm.transformers.PatchingTransformer
[00:13:37] [main/DEBUG] [org.spongepowered.asm.service.mojang.MixinServiceLaunchWrapper/]:   Excluding: org.spongepowered.asm.mixin.transformer.Proxy
[00:13:37] [main/DEBUG] [org.spongepowered.asm.service.mojang.MixinServiceLaunchWrapper/]: Transformer delegation list created with 1 entries
[00:13:37] [main/TRACE] [mixin/]: Added class metadata for cpw/mods/fml/common/LoadController to metadata cache
[00:13:37] [main/TRACE] [mixin/]: Added class metadata for cpw/mods/fml/common/discovery/ASMDataTable$ASMData to metadata cache
[00:13:37] [main/TRACE] [mixin/]: Added class metadata for java/lang/invoke/MethodHandles$Lookup to metadata cache
[00:13:37] [main/DEBUG] [GTNHMixins/]: Initializing GTNHMixins Core
[00:13:37] [main/DEBUG] [FML/]: The coremod io.github.legacymoddingmc.unimixins.all.AllCore requested minecraft version 1.7.10 and minecraft is 1.7.10. It will be loaded.
[00:13:37] [main/INFO] [unimixins/]: Instantiating AllCore
[00:13:37] [main/INFO] [unimixins/]: Instantiating CompatCore
[00:13:37] [main/INFO] [unimixins-mixinextras/]: Instantiating MixinExtrasCore
[00:13:37] [main/DEBUG] [unimixins/]: Resolved real package prefix to: org/spongepowered/asm/lib/
[00:13:37] [main/DEBUG] [MixinExtras|Service/]: com.llamalad7.mixinextras.service.MixinExtrasServiceImpl(version=0.5.0) is taking over from null
[00:13:37] [main/DEBUG] [FML/]: Added access transformer class io.github.legacymoddingmc.unimixins.all.AllCore$CombinedAccessTransformer to enqueued access transformers
[00:13:37] [main/DEBUG] [FML/]: Enqueued coremod AllCore
[00:13:37] [main/DEBUG] [mixin/]: MixinPlatformAgentFMLLegacy accepted container ContainerHandleURI(file:/home/pit/Programas/Servers/PitCraft/instances/orespawn/mods/+unimixins-all-1.7.10-0.2.1.jar)
[00:13:37] [main/DEBUG] [mixin/]: Instancing new MixinPlatformAgentLiteLoaderLegacy for ContainerHandleURI(file:/home/pit/Programas/Servers/PitCraft/instances/orespawn/mods/+unimixins-all-1.7.10-0.2.1.jar)
[00:13:37] [main/DEBUG] [mixin/]: MixinPlatformAgentLiteLoaderLegacy rejected container ContainerHandleURI(file:/home/pit/Programas/Servers/PitCraft/instances/orespawn/mods/+unimixins-all-1.7.10-0.2.1.jar)
[00:13:37] [main/DEBUG] [mixin/]: Instancing new MixinPlatformAgentDefault for ContainerHandleURI(file:/home/pit/Programas/Servers/PitCraft/instances/orespawn/mods/+unimixins-all-1.7.10-0.2.1.jar)
[00:13:37] [main/DEBUG] [mixin/]: MixinPlatformAgentDefault accepted container ContainerHandleURI(file:/home/pit/Programas/Servers/PitCraft/instances/orespawn/mods/+unimixins-all-1.7.10-0.2.1.jar)
[00:13:37] [main/DEBUG] [org.spongepowered.asm.service.mojang.MixinServiceLaunchWrapper/]: Scanning file:/home/pit/Programas/Servers/PitCraft/instances/orespawn/forge-1.7.10-10.13.4.1614-1.7.10-universal.jar for mixin tweaker
[00:13:37] [main/DEBUG] [org.spongepowered.asm.service.mojang.MixinServiceLaunchWrapper/]: Scanning file:/home/pit/Programas/Servers/PitCraft/instances/orespawn/mods/+unimixins-all-1.7.10-0.2.1.jar for mixin tweaker
[00:13:37] [main/DEBUG] [org.spongepowered.asm.service.mojang.MixinServiceLaunchWrapper/]: Scanning file:/home/pit/Programas/Servers/PitCraft/instances/orespawn/mods/archaicfix-0.7.9.jar for mixin tweaker
[00:13:37] [main/DEBUG] [org.spongepowered.asm.service.mojang.MixinServiceLaunchWrapper/]: Scanning file:/home/pit/Programas/Servers/PitCraft/instances/orespawn/mods/BetterFps-1.0.1.jar for mixin tweaker
[00:13:37] [main/DEBUG] [org.spongepowered.asm.service.mojang.MixinServiceLaunchWrapper/]: Scanning file:/home/pit/Programas/Servers/PitCraft/instances/orespawn/mods/CarbonConfig-1.7.10-1.2.4.jar for mixin tweaker
[00:13:37] [main/DEBUG] [org.spongepowered.asm.service.mojang.MixinServiceLaunchWrapper/]: Scanning file:/home/pit/Programas/Servers/PitCraft/instances/orespawn/mods/Chunk-Pregenerator-1.7.10-4.4.9.1.jar for mixin tweaker
[00:13:37] [main/DEBUG] [org.spongepowered.asm.service.mojang.MixinServiceLaunchWrapper/]: Scanning file:/home/pit/Programas/Servers/PitCraft/instances/orespawn/mods/CodeChickenCore-1.4.12.jar for mixin tweaker
[00:13:37] [main/DEBUG] [org.spongepowered.asm.service.mojang.MixinServiceLaunchWrapper/]: Scanning file:/home/pit/Programas/Servers/PitCraft/instances/orespawn/mods/fastcraft-1.25.jar for mixin tweaker
[00:13:37] [main/DEBUG] [org.spongepowered.asm.service.mojang.MixinServiceLaunchWrapper/]: Scanning file:/home/pit/Programas/Servers/PitCraft/instances/orespawn/mods/FoamFix-1.7.10-universal-1.0.4.jar for mixin tweaker
[00:13:37] [main/DEBUG] [org.spongepowered.asm.service.mojang.MixinServiceLaunchWrapper/]: Scanning file:/home/pit/Programas/Servers/PitCraft/instances/orespawn/mods/gtnhlib-0.9.45.jar for mixin tweaker
[00:13:37] [main/DEBUG] [org.spongepowered.asm.service.mojang.MixinServiceLaunchWrapper/]: Scanning file:/home/pit/Programas/Servers/PitCraft/instances/orespawn/mods/NotEnoughItems-2.8.81-GTNH.jar for mixin tweaker
[00:13:37] [main/DEBUG] [mixin/]: Adding agents for Mixin Container ContainerHandleURI(file:/home/pit/Programas/Servers/PitCraft/instances/orespawn/mods/+unimixins-all-1.7.10-0.2.1.jar)
[00:13:37] [main/DEBUG] [mixin/]: Adding agents for Mixin Container ContainerHandleURI(file:/home/pit/Programas/Servers/PitCraft/instances/orespawn/mods/archaicfix-0.7.9.jar)
[00:13:37] [main/DEBUG] [mixin/]: Adding mixin platform agents for container ContainerHandleURI(file:/home/pit/Programas/Servers/PitCraft/instances/orespawn/mods/archaicfix-0.7.9.jar)
[00:13:37] [main/DEBUG] [mixin/]: Instancing new MixinPlatformAgentFMLLegacy for ContainerHandleURI(file:/home/pit/Programas/Servers/PitCraft/instances/orespawn/mods/archaicfix-0.7.9.jar)
[00:13:37] [main/DEBUG] [mixin/]: ForceLoadAsMod was specified for archaicfix-0.7.9.jar, attempting force-load
[00:13:37] [main/DEBUG] [mixin/]: Adding archaicfix-0.7.9.jar to reparseable coremod collection
[00:13:37] [main/DEBUG] [mixin/]: archaicfix-0.7.9.jar has core plugin org.embeddedt.archaicfix.ArchaicCore. Injecting it into FML for co-initialisation:
[00:13:37] [main/DEBUG] [FML/]: Instantiating coremod class ArchaicCore
[00:13:37] [main/TRACE] [FML/]: coremod named ArchaicCore is loading
[00:13:37] [main/DEBUG] [FML/]: The coremod org.embeddedt.archaicfix.ArchaicCore requested minecraft version 1.7.10 and minecraft is 1.7.10. It will be loaded.
[00:13:37] [main/DEBUG] [FML/]: Enqueued coremod ArchaicCore
[00:13:37] [main/DEBUG] [mixin/]: MixinPlatformAgentFMLLegacy accepted container ContainerHandleURI(file:/home/pit/Programas/Servers/PitCraft/instances/orespawn/mods/archaicfix-0.7.9.jar)
[00:13:37] [main/DEBUG] [mixin/]: Instancing new MixinPlatformAgentLiteLoaderLegacy for ContainerHandleURI(file:/home/pit/Programas/Servers/PitCraft/instances/orespawn/mods/archaicfix-0.7.9.jar)
[00:13:37] [main/DEBUG] [mixin/]: MixinPlatformAgentLiteLoaderLegacy rejected container ContainerHandleURI(file:/home/pit/Programas/Servers/PitCraft/instances/orespawn/mods/archaicfix-0.7.9.jar)
[00:13:37] [main/DEBUG] [mixin/]: Instancing new MixinPlatformAgentDefault for ContainerHandleURI(file:/home/pit/Programas/Servers/PitCraft/instances/orespawn/mods/archaicfix-0.7.9.jar)
[00:13:37] [main/DEBUG] [mixin/]: MixinPlatformAgentDefault accepted container ContainerHandleURI(file:/home/pit/Programas/Servers/PitCraft/instances/orespawn/mods/archaicfix-0.7.9.jar)
[00:13:37] [main/DEBUG] [mixin/]: Adding agents for Mixin Container ContainerHandleURI(file:/home/pit/Programas/Servers/PitCraft/instances/orespawn/mods/gtnhlib-0.9.45.jar)
[00:13:37] [main/DEBUG] [mixin/]: Adding mixin platform agents for container ContainerHandleURI(file:/home/pit/Programas/Servers/PitCraft/instances/orespawn/mods/gtnhlib-0.9.45.jar)
[00:13:37] [main/DEBUG] [mixin/]: Instancing new MixinPlatformAgentFMLLegacy for ContainerHandleURI(file:/home/pit/Programas/Servers/PitCraft/instances/orespawn/mods/gtnhlib-0.9.45.jar)
[00:13:37] [main/DEBUG] [mixin/]: ForceLoadAsMod was specified for gtnhlib-0.9.45.jar, attempting force-load
[00:13:37] [main/DEBUG] [mixin/]: Adding gtnhlib-0.9.45.jar to reparseable coremod collection
[00:13:37] [main/DEBUG] [mixin/]: gtnhlib-0.9.45.jar has core plugin com.gtnewhorizon.gtnhlib.core.GTNHLibCore. Injecting it into FML for co-initialisation:
[00:13:37] [main/DEBUG] [FML/]: Instantiating coremod class GTNHLibCore
[00:13:37] [main/DEBUG] [FML/]: The coremod com.gtnewhorizon.gtnhlib.core.GTNHLibCore requested minecraft version 1.7.10 and minecraft is 1.7.10. It will be loaded.
[00:13:37] [main/DEBUG] [FML/]: Enqueued coremod GTNHLibCore
[00:13:37] [main/DEBUG] [mixin/]: MixinPlatformAgentFMLLegacy accepted container ContainerHandleURI(file:/home/pit/Programas/Servers/PitCraft/instances/orespawn/mods/gtnhlib-0.9.45.jar)
[00:13:37] [main/DEBUG] [mixin/]: Instancing new MixinPlatformAgentLiteLoaderLegacy for ContainerHandleURI(file:/home/pit/Programas/Servers/PitCraft/instances/orespawn/mods/gtnhlib-0.9.45.jar)
[00:13:37] [main/DEBUG] [mixin/]: MixinPlatformAgentLiteLoaderLegacy rejected container ContainerHandleURI(file:/home/pit/Programas/Servers/PitCraft/instances/orespawn/mods/gtnhlib-0.9.45.jar)
[00:13:37] [main/DEBUG] [mixin/]: Instancing new MixinPlatformAgentDefault for ContainerHandleURI(file:/home/pit/Programas/Servers/PitCraft/instances/orespawn/mods/gtnhlib-0.9.45.jar)
[00:13:37] [main/DEBUG] [mixin/]: MixinPlatformAgentDefault accepted container ContainerHandleURI(file:/home/pit/Programas/Servers/PitCraft/instances/orespawn/mods/gtnhlib-0.9.45.jar)
[00:13:37] [main/WARN] [LaunchWrapper/]: Tweak class name org.spongepowered.asm.launch.MixinTweaker has already been visited -- skipping
[00:13:37] [main/INFO] [LaunchWrapper/]: Loading tweak class name me.guichaguri.betterfps.tweaker.BetterFpsTweaker
[00:13:37] [main/INFO] [LaunchWrapper/]: Loading tweak class name fastcraft.Tweaker
[00:13:37] [main/WARN] [LaunchWrapper/]: Tweak class name org.spongepowered.asm.launch.MixinTweaker has already been visited -- skipping
[00:13:37] [main/INFO] [LaunchWrapper/]: Loading tweak class name cpw.mods.fml.common.launcher.FMLDeobfTweaker
[00:13:37] [main/INFO] [LaunchWrapper/]: Calling tweak class cpw.mods.fml.common.launcher.FMLInjectionAndSortingTweaker
[00:13:37] [main/INFO] [LaunchWrapper/]: Calling tweak class cpw.mods.fml.common.launcher.FMLInjectionAndSortingTweaker
[00:13:37] [main/INFO] [LaunchWrapper/]: Calling tweak class cpw.mods.fml.relauncher.CoreModManager$FMLPluginWrapper
[00:13:37] [main/DEBUG] [FML/]: Injecting coremod FMLCorePlugin {cpw.mods.fml.relauncher.FMLCorePlugin} class transformers
[00:13:37] [main/TRACE] [FML/]: Registering transformer cpw.mods.fml.common.asm.transformers.MarkerTransformer
[00:13:37] [main/TRACE] [FML/]: Registering transformer cpw.mods.fml.common.asm.transformers.SideTransformer
[00:13:37] [main/TRACE] [FML/]: Registering transformer cpw.mods.fml.common.asm.transformers.EventSubscriptionTransformer
[00:13:37] [main/DEBUG] [FML/]: Injection complete
[00:13:37] [main/DEBUG] [FML/]: Running coremod plugin for FMLCorePlugin {cpw.mods.fml.relauncher.FMLCorePlugin}
[00:13:37] [main/DEBUG] [FML/]: Running coremod plugin FMLCorePlugin
[00:13:37] [main/DEBUG] [FML/]: Read 527 binary patches
[00:13:38] [main/ERROR] [FML/]: FML appears to be missing any signature data. This is not a good thing
[00:13:38] [main/DEBUG] [FML/]: Coremod plugin class FMLCorePlugin run successfully
[00:13:38] [main/INFO] [LaunchWrapper/]: Calling tweak class cpw.mods.fml.relauncher.CoreModManager$FMLPluginWrapper
[00:13:38] [main/DEBUG] [FML/]: Injecting coremod FMLForgePlugin {net.minecraftforge.classloading.FMLForgePlugin} class transformers
[00:13:38] [main/TRACE] [FML/]: Registering transformer net.minecraftforge.classloading.FluidIdTransformer
[00:13:38] [main/DEBUG] [FML/]: Injection complete
[00:13:38] [main/DEBUG] [FML/]: Running coremod plugin for FMLForgePlugin {net.minecraftforge.classloading.FMLForgePlugin}
[00:13:38] [main/DEBUG] [FML/]: Running coremod plugin FMLForgePlugin
[00:13:38] [main/DEBUG] [FML/]: Coremod plugin class FMLForgePlugin run successfully
[00:13:38] [main/INFO] [LaunchWrapper/]: Calling tweak class cpw.mods.fml.relauncher.CoreModManager$FMLPluginWrapper
[00:13:38] [main/DEBUG] [FML/]: Injecting coremod CodeChickenCorePlugin {codechicken.core.launch.CodeChickenCorePlugin} class transformers
[00:13:38] [main/TRACE] [FML/]: Registering transformer codechicken.lib.asm.ClassHeirachyManager
[00:13:38] [main/TRACE] [FML/]: Registering transformer codechicken.lib.asm.RedirectorTransformer
[00:13:38] [main/DEBUG] [FML/]: Injection complete
[00:13:38] [main/DEBUG] [FML/]: Running coremod plugin for CodeChickenCorePlugin {codechicken.core.launch.CodeChickenCorePlugin}
[00:13:38] [main/DEBUG] [FML/]: Running coremod plugin CodeChickenCorePlugin
[00:13:38] [main/TRACE] [FML/]: Registering transformer codechicken.core.asm.TweakTransformer
[00:13:38] [main/DEBUG] [CodeChickenCore/]: No delegated transformer found, skipping registration of main DelegatedTransformer.
[00:13:38] [main/DEBUG] [FML/]: Coremod plugin class CodeChickenCorePlugin run successfully
[00:13:38] [main/INFO] [LaunchWrapper/]: Calling tweak class cpw.mods.fml.relauncher.CoreModManager$FMLPluginWrapper
[00:13:38] [main/DEBUG] [FML/]: Injecting coremod NEICorePlugin {codechicken.nei.asm.NEICorePlugin} class transformers
[00:13:38] [main/TRACE] [FML/]: Registering transformer codechicken.nei.asm.NEITransformer
[00:13:38] [main/DEBUG] [FML/]: Injection complete
[00:13:38] [main/DEBUG] [FML/]: Running coremod plugin for NEICorePlugin {codechicken.nei.asm.NEICorePlugin}
[00:13:38] [main/DEBUG] [FML/]: Running coremod plugin NEICorePlugin
[00:13:38] [main/DEBUG] [FML/]: Coremod plugin class NEICorePlugin run successfully
[00:13:38] [main/INFO] [LaunchWrapper/]: Calling tweak class org.spongepowered.asm.launch.MixinTweaker
[00:13:38] [main/DEBUG] [mixin/]: Processing prepare() for PlatformAgent[MixinPlatformAgentFMLLegacy:ContainerHandleURI(file:/home/pit/Programas/Servers/PitCraft/instances/orespawn/mods/+unimixins-all-1.7.10-0.2.1.jar)]
[00:13:38] [main/DEBUG] [mixin/]: Processing prepare() for PlatformAgent[MixinPlatformAgentDefault:ContainerHandleURI(file:/home/pit/Programas/Servers/PitCraft/instances/orespawn/mods/+unimixins-all-1.7.10-0.2.1.jar)]
[00:13:38] [main/DEBUG] [mixin/]: Registering mixin config: mixins.gtnhmixins.json source=ContainerHandleURI(file:/home/pit/Programas/Servers/PitCraft/instances/orespawn/mods/+unimixins-all-1.7.10-0.2.1.jar)
[00:13:38] [main/DEBUG] [mixin/]: Registering mixin config: mixingasm.mixin.json source=ContainerHandleURI(file:/home/pit/Programas/Servers/PitCraft/instances/orespawn/mods/+unimixins-all-1.7.10-0.2.1.jar)
[00:13:38] [main/DEBUG] [mixin/]: Processing prepare() for PlatformAgent[MixinPlatformAgentFMLLegacy:ContainerHandleURI(file:/home/pit/Programas/Servers/PitCraft/instances/orespawn/mods/archaicfix-0.7.9.jar)]
[00:13:38] [main/DEBUG] [mixin/]: Processing prepare() for PlatformAgent[MixinPlatformAgentDefault:ContainerHandleURI(file:/home/pit/Programas/Servers/PitCraft/instances/orespawn/mods/archaicfix-0.7.9.jar)]
[00:13:38] [main/DEBUG] [mixin/]: Registering mixin config: mixins.archaicfix.json source=ContainerHandleURI(file:/home/pit/Programas/Servers/PitCraft/instances/orespawn/mods/archaicfix-0.7.9.jar)
[00:13:38] [main/DEBUG] [mixin/]: Processing prepare() for PlatformAgent[MixinPlatformAgentFMLLegacy:ContainerHandleURI(file:/home/pit/Programas/Servers/PitCraft/instances/orespawn/mods/gtnhlib-0.9.45.jar)]
[00:13:38] [main/DEBUG] [mixin/]: Processing prepare() for PlatformAgent[MixinPlatformAgentDefault:ContainerHandleURI(file:/home/pit/Programas/Servers/PitCraft/instances/orespawn/mods/gtnhlib-0.9.45.jar)]
[00:13:38] [main/DEBUG] [mixin/]: Registering mixin config: mixins.gtnhlib.json source=ContainerHandleURI(file:/home/pit/Programas/Servers/PitCraft/instances/orespawn/mods/gtnhlib-0.9.45.jar)
[00:13:38] [main/DEBUG] [mixin/]: Creating FML remapper adapter: org.spongepowered.asm.bridge.RemapperAdapterFML
[00:13:38] [main/DEBUG] [mixin/]: Checking for additional mixins for MixinEnvironment[PREINIT]
[00:13:38] [main/DEBUG] [mixin/]: Selecting config mixins.gtnhmixins.json
[00:13:38] [main/DEBUG] [mixin/]: Preparing mixins.gtnhmixins.json (1)
[00:13:38] [main/TRACE] [mixin/]: Added class metadata for java/util/Map$Entry to metadata cache
[00:13:38] [main/INFO] [mixin/]: Initialised Mixin FML Remapper Adapter with cpw.mods.fml.common.asm.transformers.deobf.FMLDeobfuscatingRemapper@303e3593
[00:13:38] [main/DEBUG] [mixin/]: Processing launch tasks for PlatformAgent[MixinPlatformAgentFMLLegacy:ContainerHandleURI(file:/home/pit/Programas/Servers/PitCraft/instances/orespawn/mods/+unimixins-all-1.7.10-0.2.1.jar)]
[00:13:38] [main/DEBUG] [mixin/]: Processing launch tasks for PlatformAgent[MixinPlatformAgentDefault:ContainerHandleURI(file:/home/pit/Programas/Servers/PitCraft/instances/orespawn/mods/+unimixins-all-1.7.10-0.2.1.jar)]
[00:13:38] [main/DEBUG] [org.spongepowered.asm.service.mojang.MixinServiceLaunchWrapper/]: Scanning file:/home/pit/Programas/Servers/PitCraft/instances/orespawn/forge-1.7.10-10.13.4.1614-1.7.10-universal.jar for mixin tweaker
[00:13:38] [main/DEBUG] [org.spongepowered.asm.service.mojang.MixinServiceLaunchWrapper/]: Scanning file:/home/pit/Programas/Servers/PitCraft/instances/orespawn/mods/+unimixins-all-1.7.10-0.2.1.jar for mixin tweaker
[00:13:38] [main/DEBUG] [org.spongepowered.asm.service.mojang.MixinServiceLaunchWrapper/]: Scanning file:/home/pit/Programas/Servers/PitCraft/instances/orespawn/mods/archaicfix-0.7.9.jar for mixin tweaker
[00:13:38] [main/DEBUG] [org.spongepowered.asm.service.mojang.MixinServiceLaunchWrapper/]: Scanning file:/home/pit/Programas/Servers/PitCraft/instances/orespawn/mods/BetterFps-1.0.1.jar for mixin tweaker
[00:13:38] [main/DEBUG] [org.spongepowered.asm.service.mojang.MixinServiceLaunchWrapper/]: Scanning file:/home/pit/Programas/Servers/PitCraft/instances/orespawn/mods/CarbonConfig-1.7.10-1.2.4.jar for mixin tweaker
[00:13:38] [main/DEBUG] [org.spongepowered.asm.service.mojang.MixinServiceLaunchWrapper/]: Scanning file:/home/pit/Programas/Servers/PitCraft/instances/orespawn/mods/Chunk-Pregenerator-1.7.10-4.4.9.1.jar for mixin tweaker
[00:13:38] [main/DEBUG] [org.spongepowered.asm.service.mojang.MixinServiceLaunchWrapper/]: Scanning file:/home/pit/Programas/Servers/PitCraft/instances/orespawn/mods/CodeChickenCore-1.4.12.jar for mixin tweaker
[00:13:38] [main/DEBUG] [org.spongepowered.asm.service.mojang.MixinServiceLaunchWrapper/]: Scanning file:/home/pit/Programas/Servers/PitCraft/instances/orespawn/mods/fastcraft-1.25.jar for mixin tweaker
[00:13:38] [main/DEBUG] [org.spongepowered.asm.service.mojang.MixinServiceLaunchWrapper/]: Scanning file:/home/pit/Programas/Servers/PitCraft/instances/orespawn/mods/FoamFix-1.7.10-universal-1.0.4.jar for mixin tweaker
[00:13:38] [main/DEBUG] [org.spongepowered.asm.service.mojang.MixinServiceLaunchWrapper/]: Scanning file:/home/pit/Programas/Servers/PitCraft/instances/orespawn/mods/gtnhlib-0.9.45.jar for mixin tweaker
[00:13:38] [main/DEBUG] [org.spongepowered.asm.service.mojang.MixinServiceLaunchWrapper/]: Scanning file:/home/pit/Programas/Servers/PitCraft/instances/orespawn/mods/NotEnoughItems-2.8.81-GTNH.jar for mixin tweaker
[00:13:38] [main/DEBUG] [mixin/]: Adding agents for Mixin Container ContainerHandleURI(file:/home/pit/Programas/Servers/PitCraft/instances/orespawn/mods/+unimixins-all-1.7.10-0.2.1.jar)
[00:13:38] [main/DEBUG] [mixin/]: Adding agents for Mixin Container ContainerHandleURI(file:/home/pit/Programas/Servers/PitCraft/instances/orespawn/mods/archaicfix-0.7.9.jar)
[00:13:38] [main/DEBUG] [mixin/]: Adding agents for Mixin Container ContainerHandleURI(file:/home/pit/Programas/Servers/PitCraft/instances/orespawn/mods/gtnhlib-0.9.45.jar)
[00:13:38] [main/DEBUG] [mixin/]: inject() running with 3 agents
[00:13:38] [main/DEBUG] [mixin/]: Processing inject() for PlatformAgent[MixinPlatformAgentFMLLegacy:ContainerHandleURI(file:/home/pit/Programas/Servers/PitCraft/instances/orespawn/mods/+unimixins-all-1.7.10-0.2.1.jar)]
[00:13:38] [main/DEBUG] [mixin/]: FML agent is co-initiralising coremod instance AllCore {[]} for ContainerHandleURI(file:/home/pit/Programas/Servers/PitCraft/instances/orespawn/mods/+unimixins-all-1.7.10-0.2.1.jar)
[00:13:38] [main/DEBUG] [FML/]: Injecting coremod AllCore {io.github.legacymoddingmc.unimixins.all.AllCore} class transformers
[00:13:38] [main/TRACE] [FML/]: Registering transformer io.github.legacymoddingmc.unimixins.compat.asm.EnhanceCrashReportsTransformer
[00:13:38] [main/DEBUG] [FML/]: Injection complete
[00:13:38] [main/DEBUG] [FML/]: Running coremod plugin for AllCore {io.github.legacymoddingmc.unimixins.all.AllCore}
[00:13:38] [main/DEBUG] [FML/]: Running coremod plugin AllCore
[00:13:38] [main/DEBUG] [GTNHMixins/]: Searching coremodList for IEarlyMixinLoaders
[00:13:38] [main/DEBUG] [GTNHMixins/]: LoadedCoreMods [codechicken.nei.asm.NEICorePlugin, cpw.mods.fml.relauncher.FMLCorePlugin, pregenerator.base.hooks.PregenHooks, org.spongepowered.asm.launch.MixinTweaker, fastcraft.Tweaker, codechicken.core.launch.CodeChickenCorePlugin, pl.asie.foamfix.coremod.FoamFixCore, net.minecraftforge.classloading.FMLForgePlugin, codechicken.lib, carbonconfiglib.impl.internal.CarbonConfigHooks, io.github.legacymoddingmc.unimixins.all.AllCore, GTNHLib Core, me.guichaguri.betterfps.tweaker.BetterFpsTweaker, cpw.mods.fml.common.launcher.FMLDeobfTweaker, org.embeddedt.archaicfix.ArchaicCore]
[00:13:38] [main/DEBUG] [GTNHMixins/]: Loading mixins from IEarlyMixinLoader [org.embeddedt.archaicfix.ArchaicCore]
[00:13:38] [main/DEBUG] [GTNHMixins/]: ITargetMods found during Phase EARLY: [FASTCRAFT]
[00:13:38] [main/DEBUG] [GTNHMixins/]: ITargetMods not found during Phase EARLY: [OPTIFINE, HODGEPODGE, SHIPSMOD, COFHCORE]
[00:13:38] [main/DEBUG] [GTNHMixins/]: Not loading the following EARLY mixins: [common.core.MixinCraftingManager, common.renderdistance.MixinPlayerManager, client.renderdistance.MixinGameSettings, client.renderdistance.MixinRenderGlobal, client.core.MixinRenderItem, client.core.MixinThreadDownloadImageData, client.core.MixinBlockFence, client.core.MixinEntityRenderer, client.core.MixinGuiBeaconButton, client.core.MixinGuiButton, client.core.MixinGuiContainerCreative, client.core.MixinIntegratedServer, client.core.MixinChunkProviderClient, client.core.MixinMinecraft, client.core.MixinNetHandlerPlayClient, client.core.MixinGuiCreateWorld, client.core.MixinGuiIngameForge, client.core.MixinFMLClientHandler, client.core.MixinSplashProgress, client.core.AccessorSplashProgress, client.lighting.MixinMinecraft, client.lighting.MixinWorld, client.lighting.MixinChunkCache, client.core.MixinNetHandlerLoginClient, client.core.MixinSkinManager, client.core.MixinWorldRenderer, client.optifine.MixinVersionCheckThread]
[00:13:38] [main/DEBUG] [GTNHMixins/]: Loading [mixins.archaicfix.early.json] common.core.AccessorEntityLiving
[00:13:38] [main/DEBUG] [GTNHMixins/]: Loading [mixins.archaicfix.early.json] common.core.MixinEntityPlayerMP
[00:13:38] [main/DEBUG] [GTNHMixins/]: Loading [mixins.archaicfix.early.json] common.core.MixinWorldServer
[00:13:38] [main/DEBUG] [GTNHMixins/]: Loading [mixins.archaicfix.early.json] common.core.MixinMapGenStructure
[00:13:38] [main/DEBUG] [GTNHMixins/]: Loading [mixins.archaicfix.early.json] common.core.MixinEntityVillager
[00:13:38] [main/DEBUG] [GTNHMixins/]: Loading [mixins.archaicfix.early.json] common.core.MixinMerchantRecipe
[00:13:38] [main/DEBUG] [GTNHMixins/]: Loading [mixins.archaicfix.early.json] common.core.MixinAxisAlignedBB
[00:13:38] [main/DEBUG] [GTNHMixins/]: Loading [mixins.archaicfix.early.json] common.core.MixinMaterialLiquid
[00:13:38] [main/DEBUG] [GTNHMixins/]: Loading [mixins.archaicfix.early.json] common.core.MixinChunkProviderServer
[00:13:38] [main/DEBUG] [GTNHMixins/]: Loading [mixins.archaicfix.early.json] common.core.MixinChunkIOProvider
[00:13:38] [main/DEBUG] [GTNHMixins/]: Loading [mixins.archaicfix.early.json] common.core.MixinSpawnerAnimals
[00:13:38] [main/DEBUG] [GTNHMixins/]: Loading [mixins.archaicfix.early.json] common.core.MixinShapedOreRecipe
[00:13:38] [main/DEBUG] [GTNHMixins/]: Loading [mixins.archaicfix.early.json] common.core.MixinLongHashMap
[00:13:38] [main/DEBUG] [GTNHMixins/]: Loading [mixins.archaicfix.early.json] common.core.MixinBlock
[00:13:38] [main/DEBUG] [GTNHMixins/]: Loading [mixins.archaicfix.early.json] common.core.MixinBlock_Late
[00:13:38] [main/DEBUG] [GTNHMixins/]: Loading [mixins.archaicfix.early.json] common.core.MixinEnchantmentHelper
[00:13:38] [main/DEBUG] [GTNHMixins/]: Loading [mixins.archaicfix.early.json] common.core.MixinWorldChunkManager
[00:13:38] [main/DEBUG] [GTNHMixins/]: Loading [mixins.archaicfix.early.json] common.core.MixinShapedRecipes
[00:13:38] [main/DEBUG] [GTNHMixins/]: Loading [mixins.archaicfix.early.json] common.core.MixinShapelessOreRecipe
[00:13:38] [main/DEBUG] [GTNHMixins/]: Loading [mixins.archaicfix.early.json] common.core.MixinShapelessRecipes
[00:13:38] [main/DEBUG] [GTNHMixins/]: Loading [mixins.archaicfix.early.json] common.core.MixinEntityLiving
[00:13:38] [main/DEBUG] [GTNHMixins/]: Loading [mixins.archaicfix.early.json] common.core.MixinWorld
[00:13:38] [main/DEBUG] [GTNHMixins/]: Loading [mixins.archaicfix.early.json] common.core.MixinEntityTrackerEntry
[00:13:38] [main/DEBUG] [GTNHMixins/]: Loading [mixins.archaicfix.early.json] common.core.MixinEntityXPOrb
[00:13:38] [main/DEBUG] [GTNHMixins/]: Loading [mixins.archaicfix.early.json] common.core.MixinEntity
[00:13:38] [main/DEBUG] [GTNHMixins/]: Loading [mixins.archaicfix.early.json] common.core.MixinForgeChunkManager
[00:13:38] [main/DEBUG] [GTNHMixins/]: Loading [mixins.archaicfix.early.json] common.core.MixinChunk
[00:13:38] [main/DEBUG] [GTNHMixins/]: Loading [mixins.archaicfix.early.json] common.core.MixinStructureStart
[00:13:38] [main/DEBUG] [GTNHMixins/]: Loading [mixins.archaicfix.early.json] common.core.MixinOreDictionary
[00:13:38] [main/DEBUG] [GTNHMixins/]: Loading [mixins.archaicfix.early.json] common.core.MixinChunkProviderHell
[00:13:38] [main/DEBUG] [GTNHMixins/]: Loading [mixins.archaicfix.early.json] common.core.MixinASMData
[00:13:38] [main/DEBUG] [GTNHMixins/]: Loading [mixins.archaicfix.early.json] common.core.MixinNetHandlerPlayServer
[00:13:38] [main/DEBUG] [GTNHMixins/]: Loading [mixins.archaicfix.early.json] common.lighting.MixinAnvilChunkLoader
[00:13:38] [main/DEBUG] [GTNHMixins/]: Loading [mixins.archaicfix.early.json] common.lighting.MixinChunk
[00:13:38] [main/DEBUG] [GTNHMixins/]: Loading [mixins.archaicfix.early.json] common.lighting.MixinChunkProviderServer
[00:13:38] [main/DEBUG] [GTNHMixins/]: Loading [mixins.archaicfix.early.json] common.lighting.MixinChunkVanilla
[00:13:38] [main/DEBUG] [GTNHMixins/]: Loading [mixins.archaicfix.early.json] common.lighting.MixinExtendedBlockStorage
[00:13:38] [main/DEBUG] [GTNHMixins/]: Loading [mixins.archaicfix.early.json] common.lighting.MixinSPacketChunkData
[00:13:38] [main/DEBUG] [GTNHMixins/]: Loading [mixins.archaicfix.early.json] common.lighting.MixinWorld_Lighting
[00:13:38] [main/DEBUG] [GTNHMixins/]: Loading [mixins.archaicfix.early.json] common.lighting.fastcraft.MixinChunk
[00:13:38] [main/DEBUG] [GTNHMixins/]: Loading [mixins.archaicfix.early.json] common.lighting.fastcraft.MixinChunkProviderServer
[00:13:38] [main/DEBUG] [GTNHMixins/]: Loading [mixins.archaicfix.early.json] common.lighting.fastcraft.MixinWorld
[00:13:38] [main/DEBUG] [GTNHMixins/]: Loading [mixins.archaicfix.early.json] common.core.MixinNetworkDispatcher
[00:13:38] [main/DEBUG] [GTNHMixins/]: Loading [mixins.archaicfix.early.json] common.core.MixinNetworkManager
[00:13:38] [main/DEBUG] [GTNHMixins/]: Loading [mixins.archaicfix.early.json] common.core.MixinEmbeddedChannel
[00:13:38] [main/DEBUG] [GTNHMixins/]: Loading [mixins.archaicfix.early.json] common.core.MixinWorld_UpdateEntities
[00:13:38] [main/DEBUG] [GTNHMixins/]: Loading [mixins.archaicfix.early.json] common.core.MixinEntityItem
[00:13:38] [main/DEBUG] [GTNHMixins/]: Loading [mixins.archaicfix.early.json] common.core.MixinModCandidate
[00:13:38] [main/DEBUG] [GTNHMixins/]: Loading [mixins.archaicfix.early.json] common.core.MixinEntityLivingBase_EarlyXpDrop
[00:13:38] [main/DEBUG] [GTNHMixins/]: Loading [mixins.archaicfix.early.json] common.core.MixinSwampHut
[00:13:38] [main/DEBUG] [GTNHMixins/]: Loading mixins from IEarlyMixinLoader [com.gtnewhorizon.gtnhlib.core.GTNHLibCore]
[00:13:38] [main/DEBUG] [mixin/]: Checking for additional mixins for MixinEnvironment[PREINIT]
[00:13:38] [main/DEBUG] [GTNHMixins/]: ITargetMods found during Phase EARLY: []
[00:13:38] [main/DEBUG] [GTNHMixins/]: ITargetMods not found during Phase EARLY: [LWJGL3IFY]
[00:13:38] [main/DEBUG] [GTNHMixins/]: Not loading the following EARLY mixins: [MixinTessellator, MixinWavefrontObject, fml.MixinGuiModList, MixinGuiScreen, MixinFontRenderer, models.FRMAccessor, models.MixinEffectRenderer_FixParticleIcons, models.MixinFileResourcePack, models.MixinFolderResourcePack, models.MixinRenderBlocks, models.SRRMAccessor, models.MixinModelFHC, block_sounds.MixinPlayerControllerMP, block_sounds.MixinRenderGlobal, EntityRendererAccessor, MixinItemRenderer_Translucency, MixinRenderItem_Translucency, MixinMinecraft_PickBlockTrap, fml.MixinGuiConfig]
[00:13:38] [main/DEBUG] [GTNHMixins/]: Loading [mixins.gtnhlib.early.json] fml.EventBusAccessor
[00:13:38] [main/DEBUG] [GTNHMixins/]: Loading [mixins.gtnhlib.early.json] fml.EnumHolderAccessor
[00:13:38] [main/DEBUG] [GTNHMixins/]: Loading [mixins.gtnhlib.early.json] MixinEntityLivingBase
[00:13:38] [main/DEBUG] [GTNHMixins/]: Loading [mixins.gtnhlib.early.json] MixinMinecraftServer
[00:13:38] [main/DEBUG] [GTNHMixins/]: Loading [mixins.gtnhlib.early.json] MixinGameRules
[00:13:38] [main/DEBUG] [GTNHMixins/]: Loading [mixins.gtnhlib.early.json] MixinCommandHandler
[00:13:38] [main/DEBUG] [GTNHMixins/]: Loading [mixins.gtnhlib.early.json] MixinCommandHelp
[00:13:38] [main/DEBUG] [GTNHMixins/]: Loading [mixins.gtnhlib.early.json] MixinTileEntitySkull
[00:13:38] [main/DEBUG] [GTNHMixins/]: Loading [mixins.gtnhlib.early.json] block_sounds.MixinEntity
[00:13:38] [main/DEBUG] [GTNHMixins/]: Loading [mixins.gtnhlib.early.json] block_sounds.MixinEntityLivingBase
[00:13:38] [main/DEBUG] [GTNHMixins/]: Loading [mixins.gtnhlib.early.json] block_sounds.MixinEntityHorse
[00:13:38] [main/DEBUG] [GTNHMixins/]: Loading [mixins.gtnhlib.early.json] block_sounds.MixinItemBlock
[00:13:38] [main/DEBUG] [GTNHMixins/]: Loading [mixins.gtnhlib.early.json] block_sounds.MixinItemSlab
[00:13:38] [main/DEBUG] [GTNHMixins/]: Loading [mixins.gtnhlib.early.json] MixinIChatComponentSerializer
[00:13:38] [main/DEBUG] [GTNHMixins/]: Loading [mixins.gtnhlib.early.json] fml.MixinJarDiscoverer
[00:13:38] [main/DEBUG] [FML/]: Coremod plugin class AllCore run successfully
[00:13:38] [main/DEBUG] [mixin/]: Processing inject() for PlatformAgent[MixinPlatformAgentDefault:ContainerHandleURI(file:/home/pit/Programas/Servers/PitCraft/instances/orespawn/mods/+unimixins-all-1.7.10-0.2.1.jar)]
[00:13:38] [main/DEBUG] [mixin/]: Processing inject() for PlatformAgent[MixinPlatformAgentFMLLegacy:ContainerHandleURI(file:/home/pit/Programas/Servers/PitCraft/instances/orespawn/mods/archaicfix-0.7.9.jar)]
[00:13:38] [main/DEBUG] [mixin/]: FML agent is co-initiralising coremod instance ArchaicCore {[]} for ContainerHandleURI(file:/home/pit/Programas/Servers/PitCraft/instances/orespawn/mods/archaicfix-0.7.9.jar)
[00:13:38] [main/DEBUG] [FML/]: Injecting coremod ArchaicCore {org.embeddedt.archaicfix.ArchaicCore} class transformers
[00:13:38] [main/TRACE] [FML/]: Registering transformer org.embeddedt.archaicfix.asm.ArchaicTransformer
[00:13:38] [main/DEBUG] [mixin/]: Checking for additional mixins for MixinEnvironment[PREINIT]
[00:13:38] [main/DEBUG] [FML/]: Injection complete
[00:13:38] [main/DEBUG] [FML/]: Running coremod plugin for ArchaicCore {org.embeddedt.archaicfix.ArchaicCore}
[00:13:38] [main/DEBUG] [FML/]: Running coremod plugin ArchaicCore
[00:13:38] [main/DEBUG] [FML/]: Coremod plugin class ArchaicCore run successfully
[00:13:38] [main/DEBUG] [mixin/]: Processing inject() for PlatformAgent[MixinPlatformAgentDefault:ContainerHandleURI(file:/home/pit/Programas/Servers/PitCraft/instances/orespawn/mods/archaicfix-0.7.9.jar)]
[00:13:38] [main/DEBUG] [mixin/]: Processing inject() for PlatformAgent[MixinPlatformAgentFMLLegacy:ContainerHandleURI(file:/home/pit/Programas/Servers/PitCraft/instances/orespawn/mods/gtnhlib-0.9.45.jar)]
[00:13:38] [main/DEBUG] [mixin/]: FML agent is co-initiralising coremod instance GTNHLibCore {[]} for ContainerHandleURI(file:/home/pit/Programas/Servers/PitCraft/instances/orespawn/mods/gtnhlib-0.9.45.jar)
[00:13:38] [main/DEBUG] [FML/]: Injecting coremod GTNHLibCore {com.gtnewhorizon.gtnhlib.core.GTNHLibCore} class transformers
[00:13:38] [main/TRACE] [FML/]: Registering transformer com.gtnewhorizon.gtnhlib.core.fml.transformers.EventBusSubTransformer
[00:13:38] [main/TRACE] [FML/]: Registering transformer com.gtnewhorizon.gtnhlib.core.fml.transformers.BlockIconTransformer
[00:13:38] [main/DEBUG] [FML/]: Injection complete
[00:13:38] [main/DEBUG] [FML/]: Running coremod plugin for GTNHLibCore {com.gtnewhorizon.gtnhlib.core.GTNHLibCore}
[00:13:38] [main/DEBUG] [FML/]: Running coremod plugin GTNHLibCore
[00:13:38] [main/DEBUG] [FML/]: Coremod plugin class GTNHLibCore run successfully
[00:13:38] [main/DEBUG] [mixin/]: Processing inject() for PlatformAgent[MixinPlatformAgentDefault:ContainerHandleURI(file:/home/pit/Programas/Servers/PitCraft/instances/orespawn/mods/gtnhlib-0.9.45.jar)]
[00:13:38] [main/INFO] [LaunchWrapper/]: Calling tweak class me.guichaguri.betterfps.tweaker.BetterFpsTweaker
[00:13:38] [main/INFO] [LaunchWrapper/]: Calling tweak class cpw.mods.fml.common.launcher.FMLDeobfTweaker
[00:13:38] [main/DEBUG] [FML/]: Loaded 57 rules from AccessTransformer config file fml_at.cfg
[00:13:38] [main/DEBUG] [FML/]: Loaded 89 rules from AccessTransformer config file forge_at.cfg
[00:13:38] [main/DEBUG] [unimixins/]: FML log level was already ALL, doing nothing
[00:13:38] [main/DEBUG] [FML/]: Loaded 1 rules from AccessTransformer mod jar file /home/pit/Programas/Servers/PitCraft/instances/orespawn/mods/IronChest-6.1.11.jar!META-INF/IronChest_at.cfg

[00:13:38] [main/DEBUG] [FML/]: Loaded 13 rules from AccessTransformer mod jar file /home/pit/Programas/Servers/PitCraft/instances/orespawn/mods/NotEnoughItems-2.8.81-GTNH.jar!META-INF/nei_at.cfg

[00:13:38] [main/DEBUG] [FML/]: Loaded 60 rules from AccessTransformer mod jar file /home/pit/Programas/Servers/PitCraft/instances/orespawn/mods/iChunUtil-4.2.3.jar!META-INF/iChunUtil_at.cfg

[00:13:38] [main/DEBUG] [FML/]: Loaded 26 rules from AccessTransformer mod jar file /home/pit/Programas/Servers/PitCraft/instances/orespawn/mods/gtnhlib-0.9.45.jar!META-INF/gtnhlib_at.cfg

[00:13:38] [main/DEBUG] [FML/]: Loaded 2 rules from AccessTransformer mod jar file /home/pit/Programas/Servers/PitCraft/instances/orespawn/mods/GlibysVC-1.7.10-0.6.2a.jar!META-INF/gvc_at.cfg

[00:13:38] [main/DEBUG] [FML/]: Loaded 19 rules from AccessTransformer mod jar file /home/pit/Programas/Servers/PitCraft/instances/orespawn/mods/AIImprovements-1.7.10-0.0.1b8.jar!META-INF/AI_at.cfg

[00:13:38] [main/DEBUG] [FML/]: Loaded 64 rules from AccessTransformer mod jar file /home/pit/Programas/Servers/PitCraft/instances/orespawn/mods/archaicfix-0.7.9.jar!META-INF/archaicfix_at.cfg

[00:13:38] [main/DEBUG] [mixin/]: Adding new mixin transformer proxy #2
[00:13:38] [main/DEBUG] [FML/]: Validating minecraft
[00:13:38] [main/DEBUG] [mixin/]: Preparing mixins for MixinEnvironment[INIT]
[00:13:38] [main/DEBUG] [FML/]: Minecraft validated, launching...
[00:13:38] [main/INFO] [LaunchWrapper/]: Calling tweak class cpw.mods.fml.relauncher.CoreModManager$FMLPluginWrapper
[00:13:38] [main/DEBUG] [FML/]: Injecting coremod FoamFix/1.7 (Do not report to Forge!) {pl.asie.foamfix.coremod.FoamFixCore} class transformers
[00:13:38] [main/TRACE] [FML/]: Registering transformer pl.asie.foamfix.bugfixmod.coremod.BugfixModClassTransformer
[00:13:38] [main/DEBUG] [FML/]: Injection complete
[00:13:38] [main/DEBUG] [FML/]: Running coremod plugin for FoamFix/1.7 (Do not report to Forge!) {pl.asie.foamfix.coremod.FoamFixCore}
[00:13:38] [main/DEBUG] [FML/]: Running coremod plugin FoamFix/1.7 (Do not report to Forge!)
[00:13:38] [main/INFO] [foamfix/]: You probably are on a dedicated server. Disabling client fixes
[00:13:38] [main/DEBUG] [FML/]: Coremod plugin class FoamFixCore run successfully
[00:13:38] [main/INFO] [LaunchWrapper/]: Calling tweak class cpw.mods.fml.relauncher.CoreModManager$FMLPluginWrapper
[00:13:38] [main/DEBUG] [FML/]: Injecting coremod CarbonConfigHooks {carbonconfiglib.impl.internal.CarbonConfigHooks} class transformers
[00:13:38] [main/TRACE] [FML/]: Registering transformer carbonconfiglib.impl.internal.CarbonConfigHooks
[00:13:38] [main/DEBUG] [FML/]: Injection complete
[00:13:38] [main/DEBUG] [FML/]: Running coremod plugin for CarbonConfigHooks {carbonconfiglib.impl.internal.CarbonConfigHooks}
[00:13:38] [main/DEBUG] [FML/]: Running coremod plugin CarbonConfigHooks
[00:13:38] [main/DEBUG] [FML/]: Coremod plugin class CarbonConfigHooks run successfully
[00:13:38] [main/INFO] [LaunchWrapper/]: Calling tweak class cpw.mods.fml.relauncher.CoreModManager$FMLPluginWrapper
[00:13:38] [main/DEBUG] [FML/]: Injecting coremod PregenHooks {pregenerator.base.hooks.PregenHooks} class transformers
[00:13:38] [main/TRACE] [FML/]: Registering transformer pregenerator.base.hooks.PregenHooks
[00:13:38] [main/DEBUG] [FML/]: Injection complete
[00:13:38] [main/DEBUG] [FML/]: Running coremod plugin for PregenHooks {pregenerator.base.hooks.PregenHooks}
[00:13:38] [main/DEBUG] [FML/]: Running coremod plugin PregenHooks
[00:13:38] [main/DEBUG] [FML/]: Coremod plugin class PregenHooks run successfully
[00:13:38] [main/INFO] [LaunchWrapper/]: Calling tweak class fastcraft.Tweaker
[00:13:38] [main/DEBUG] [FastCraft/]: Mod detection results: {AsRuins=false, Bukkit=false, ColoredLights=false, OptiFine=false, ShadersMod=false, DynamicLights=false, NotEnoughIds=false}
[00:13:38] [main/INFO] [MixinExtras|Service/]: Initializing MixinExtras via com.llamalad7.mixinextras.service.MixinExtrasServiceImpl(version=0.5.0).
[00:13:38] [main/DEBUG] [mixin/]: Registering new injector for @SugarWrapper with com.llamalad7.mixinextras.sugar.impl.SugarWrapperInjectionInfo
[00:13:38] [main/DEBUG] [mixin/]: Registering new injector for @FactoryRedirectWrapper with com.llamalad7.mixinextras.wrapper.factory.FactoryRedirectWrapperInjectionInfo
[00:13:38] [main/DEBUG] [mixin/]: Registering new injector for @ExpressionInjectorWrapper with com.llamalad7.mixinextras.expression.impl.wrapper.ExpressionInjectorWrapperInjectionInfo
[00:13:38] [main/DEBUG] [mixin/]: Mixing LoadControllerMixin from mixin.mixinbooterlegacy.json into cpw.mods.fml.common.LoadController
[00:13:38] [main/DEBUG] [org.spongepowered.asm.service.mojang.MixinServiceLaunchWrapper/]: Found name transformer: cpw.mods.fml.common.asm.transformers.DeobfuscationTransformer
[00:13:38] [main/DEBUG] [org.spongepowered.asm.service.mojang.MixinServiceLaunchWrapper/]: Rebuilding transformer delegation list:
[00:13:38] [main/DEBUG] [org.spongepowered.asm.service.mojang.MixinServiceLaunchWrapper/]: Found name transformer: cpw.mods.fml.common.asm.transformers.DeobfuscationTransformer
[00:13:38] [main/DEBUG] [org.spongepowered.asm.service.mojang.MixinServiceLaunchWrapper/]:   Adding:    cpw.mods.fml.common.asm.transformers.PatchingTransformer
[00:13:38] [main/DEBUG] [org.spongepowered.asm.service.mojang.MixinServiceLaunchWrapper/]:   Excluding: org.spongepowered.asm.mixin.transformer.Proxy
[00:13:38] [main/DEBUG] [org.spongepowered.asm.service.mojang.MixinServiceLaunchWrapper/]:   Adding:    io.github.legacymoddingmc.unimixins.compat.asm.ASMRemapperTransformer
[00:13:38] [main/DEBUG] [org.spongepowered.asm.service.mojang.MixinServiceLaunchWrapper/]:   Adding:    cpw.mods.fml.common.asm.transformers.MarkerTransformer
[00:13:38] [main/DEBUG] [org.spongepowered.asm.service.mojang.MixinServiceLaunchWrapper/]:   Adding:    cpw.mods.fml.common.asm.transformers.SideTransformer
[00:13:38] [main/DEBUG] [org.spongepowered.asm.service.mojang.MixinServiceLaunchWrapper/]:   Excluding: cpw.mods.fml.common.asm.transformers.EventSubscriptionTransformer
[00:13:38] [main/DEBUG] [org.spongepowered.asm.service.mojang.MixinServiceLaunchWrapper/]:   Adding:    net.minecraftforge.classloading.FluidIdTransformer
[00:13:38] [main/DEBUG] [org.spongepowered.asm.service.mojang.MixinServiceLaunchWrapper/]:   Adding:    codechicken.lib.asm.ClassHeirachyManager
[00:13:38] [main/DEBUG] [org.spongepowered.asm.service.mojang.MixinServiceLaunchWrapper/]:   Adding:    codechicken.lib.asm.RedirectorTransformer
[00:13:38] [main/DEBUG] [org.spongepowered.asm.service.mojang.MixinServiceLaunchWrapper/]:   Adding:    codechicken.core.asm.TweakTransformer
[00:13:38] [main/DEBUG] [org.spongepowered.asm.service.mojang.MixinServiceLaunchWrapper/]:   Adding:    codechicken.nei.asm.NEITransformer
[00:13:38] [main/DEBUG] [org.spongepowered.asm.service.mojang.MixinServiceLaunchWrapper/]:   Adding:    io.github.legacymoddingmc.unimixins.compat.asm.EnhanceCrashReportsTransformer
[00:13:38] [main/DEBUG] [org.spongepowered.asm.service.mojang.MixinServiceLaunchWrapper/]:   Adding:    org.embeddedt.archaicfix.asm.ArchaicTransformer
[00:13:38] [main/DEBUG] [org.spongepowered.asm.service.mojang.MixinServiceLaunchWrapper/]:   Adding:    com.gtnewhorizon.gtnhlib.core.fml.transformers.EventBusSubTransformer
[00:13:38] [main/DEBUG] [org.spongepowered.asm.service.mojang.MixinServiceLaunchWrapper/]:   Adding:    com.gtnewhorizon.gtnhlib.core.fml.transformers.BlockIconTransformer
[00:13:38] [main/DEBUG] [org.spongepowered.asm.service.mojang.MixinServiceLaunchWrapper/]:   Adding:    me.guichaguri.betterfps.transformers.MathTransformer
[00:13:38] [main/DEBUG] [org.spongepowered.asm.service.mojang.MixinServiceLaunchWrapper/]:   Adding:    me.guichaguri.betterfps.transformers.EventTransformer
[00:13:38] [main/DEBUG] [org.spongepowered.asm.service.mojang.MixinServiceLaunchWrapper/]:   Adding:    cpw.mods.fml.common.asm.transformers.DeobfuscationTransformer
[00:13:38] [main/DEBUG] [org.spongepowered.asm.service.mojang.MixinServiceLaunchWrapper/]:   Adding:    cpw.mods.fml.common.asm.transformers.AccessTransformer
[00:13:38] [main/DEBUG] [org.spongepowered.asm.service.mojang.MixinServiceLaunchWrapper/]:   Adding:    net.minecraftforge.transformers.ForgeAccessTransformer
[00:13:38] [main/DEBUG] [org.spongepowered.asm.service.mojang.MixinServiceLaunchWrapper/]:   Adding:    io.github.legacymoddingmc.unimixins.all.AllCore$CombinedAccessTransformer
[00:13:38] [main/DEBUG] [org.spongepowered.asm.service.mojang.MixinServiceLaunchWrapper/]:   Adding:    cpw.mods.fml.common.asm.transformers.ModAccessTransformer
[00:13:38] [main/DEBUG] [org.spongepowered.asm.service.mojang.MixinServiceLaunchWrapper/]:   Adding:    cpw.mods.fml.common.asm.transformers.ItemStackTransformer
[00:13:38] [main/DEBUG] [org.spongepowered.asm.service.mojang.MixinServiceLaunchWrapper/]:   Excluding: org.spongepowered.asm.mixin.transformer.Proxy
[00:13:38] [main/DEBUG] [org.spongepowered.asm.service.mojang.MixinServiceLaunchWrapper/]:   Adding:    pl.asie.foamfix.bugfixmod.coremod.BugfixModClassTransformer
[00:13:38] [main/DEBUG] [org.spongepowered.asm.service.mojang.MixinServiceLaunchWrapper/]:   Adding:    carbonconfiglib.impl.internal.CarbonConfigHooks
[00:13:38] [main/DEBUG] [org.spongepowered.asm.service.mojang.MixinServiceLaunchWrapper/]:   Adding:    pregenerator.base.hooks.PregenHooks
[00:13:38] [main/DEBUG] [org.spongepowered.asm.service.mojang.MixinServiceLaunchWrapper/]:   Adding:    fastcraft.J
[00:13:38] [main/DEBUG] [org.spongepowered.asm.service.mojang.MixinServiceLaunchWrapper/]: Transformer delegation list created with 25 entries
[00:13:38] [main/TRACE] [mixin/]: Added class metadata for cpw/mods/fml/common/LoaderState to metadata cache
[00:13:38] [main/INFO] [foamfix/]: [Log4JExploitFix] Applying Log4j exploit mitigation to io/github/tox1cozz/mixinbooterlegacy/MixinBooterLegacyPlugin/getLogger!
[00:13:38] [main/TRACE] [mixin/]: Added class metadata for io/github/tox1cozz/mixinbooterlegacy/MixinBooterLegacyPlugin to metadata cache
[00:13:38] [main/TRACE] [mixin/]: Added class metadata for org/apache/logging/log4j/Logger to metadata cache
[00:13:38] [main/TRACE] [mixin/]: Added class metadata for java/lang/Class to metadata cache
[00:13:38] [main/TRACE] [mixin/]: Added class metadata for cpw/mods/fml/common/discovery/ASMDataTable to metadata cache
[00:13:38] [main/TRACE] [mixin/]: Added class metadata for java/util/Set to metadata cache
[00:13:38] [main/TRACE] [mixin/]: Added class metadata for java/util/Iterator to metadata cache
[00:13:38] [main/TRACE] [mixin/]: Added class metadata for cpw/mods/fml/common/discovery/ModCandidate to metadata cache
[00:13:38] [main/TRACE] [mixin/]: Added class metadata for cpw/mods/fml/common/ModClassLoader to metadata cache
[00:13:38] [main/TRACE] [mixin/]: Added class metadata for java/lang/String to metadata cache
[00:13:38] [main/TRACE] [mixin/]: Added class metadata for org/spongepowered/asm/launch/MixinInitialisationError to metadata cache
[00:13:38] [main/TRACE] [mixin/]: Added class metadata for org/spongepowered/asm/mixin/throwables/MixinError to metadata cache
[00:13:38] [main/TRACE] [mixin/]: Added class metadata for java/lang/Error to metadata cache
[00:13:38] [main/TRACE] [mixin/]: Added class metadata for java/lang/Throwable to metadata cache
[00:13:38] [main/TRACE] [mixin/]: Added class metadata for java/io/Serializable to metadata cache
[00:13:38] [main/TRACE] [mixin/]: Added class metadata for io/github/tox1cozz/mixinbooterlegacy/ILateMixinLoader to metadata cache
[00:13:38] [main/TRACE] [mixin/]: Added class metadata for java/util/List to metadata cache
[00:13:38] [main/TRACE] [mixin/]: Added class metadata for org/spongepowered/asm/mixin/Mixins to metadata cache
[00:13:38] [main/TRACE] [mixin/]: Added class metadata for net/minecraft/launchwrapper/Launch to metadata cache
[00:13:38] [main/TRACE] [mixin/]: Added class metadata for com/google/common/util/concurrent/Runnables to metadata cache
[00:13:38] [main/TRACE] [mixin/]: Added class metadata for java/util/Map to metadata cache
[00:13:38] [main/TRACE] [mixin/]: Added class metadata for java/lang/Runnable to metadata cache
[00:13:38] [main/TRACE] [mixin/]: Added class metadata for cpw/mods/fml/common/Loader to metadata cache
[00:13:38] [main/TRACE] [mixin/]: Added class metadata for cpw/mods/fml/common/ModContainer to metadata cache
[00:13:38] [main/TRACE] [mixin/]: Added class metadata for java/lang/reflect/Field to metadata cache
[00:13:38] [main/TRACE] [mixin/]: Added class metadata for java/lang/reflect/AccessibleObject to metadata cache
[00:13:38] [main/TRACE] [mixin/]: Added class metadata for net/minecraft/launchwrapper/LaunchClassLoader to metadata cache
[00:13:38] [main/TRACE] [mixin/]: Added class metadata for java/util/Collection to metadata cache
[00:13:38] [main/TRACE] [mixin/]: Added class metadata for java/lang/invoke/LambdaMetafactory to metadata cache
[00:13:38] [main/TRACE] [mixin/]: Added class metadata for java/util/stream/Stream to metadata cache
[00:13:38] [main/TRACE] [mixin/]: Added class metadata for java/util/Optional to metadata cache
[00:13:38] [main/TRACE] [mixin/]: Added class metadata for java/lang/reflect/Method to metadata cache
[00:13:38] [main/TRACE] [mixin/]: Added class metadata for java/lang/reflect/Executable to metadata cache
[00:13:38] [main/TRACE] [mixin/]: Added class metadata for org/spongepowered/asm/mixin/MixinEnvironment to metadata cache
[00:13:38] [main/DEBUG] [mixin/]: Mixing LateMixinOrchestrationMixin from mixins.gtnhmixins.json into cpw.mods.fml.common.LoadController
[00:13:38] [main/INFO] [foamfix/]: [Log4JExploitFix] Applying Log4j exploit mitigation to com/gtnewhorizon/gtnhmixins/GTNHMixins/getLogger!
[00:13:38] [main/TRACE] [mixin/]: Added class metadata for com/gtnewhorizon/gtnhmixins/GTNHMixins to metadata cache
[00:13:38] [main/TRACE] [mixin/]: Added class metadata for java/util/HashSet to metadata cache
[00:13:38] [main/TRACE] [mixin/]: Added class metadata for java/util/AbstractSet to metadata cache
[00:13:38] [main/TRACE] [mixin/]: Added class metadata for java/util/AbstractCollection to metadata cache
[00:13:38] [main/TRACE] [mixin/]: Added class metadata for java/lang/Iterable to metadata cache
[00:13:38] [main/TRACE] [mixin/]: Added class metadata for java/lang/Cloneable to metadata cache
[00:13:38] [main/TRACE] [mixin/]: Added class metadata for java/util/Collections to metadata cache
[00:13:38] [main/TRACE] [mixin/]: Added class metadata for com/gtnewhorizon/gtnhmixins/ILateMixinLoader to metadata cache
[00:13:38] [main/TRACE] [mixin/]: Added class metadata for org/spongepowered/asm/mixin/transformer/Config to metadata cache
[00:13:38] [main/TRACE] [mixin/]: Added class metadata for com/gtnewhorizon/gtnhmixins/Reflection to metadata cache
[00:13:38] [main/TRACE] [mixin/]: Added class metadata for java/util/ArrayList to metadata cache
[00:13:38] [main/TRACE] [mixin/]: Added class metadata for java/util/AbstractList to metadata cache
[00:13:38] [main/TRACE] [mixin/]: Added class metadata for java/util/RandomAccess to metadata cache
[00:13:38] [main/TRACE] [mixin/]: Added class metadata for org/apache/commons/lang3/reflect/FieldUtils to metadata cache
[00:13:38] [main/TRACE] [mixin/]: Added class metadata for java/lang/Boolean to metadata cache
[00:13:38] [main/TRACE] [mixin/]: Added class metadata for java/lang/NoSuchMethodException to metadata cache
[00:13:38] [main/TRACE] [mixin/]: Added class metadata for org/spongepowered/asm/mixin/injection/callback/CallbackInfo to metadata cache
[00:13:38] [main/TRACE] [mixin/]: Added class metadata for io/github/tox1cozz/mixinbooterlegacy/LateMixin to metadata cache
[00:13:38] [main/TRACE] [mixin/]: Added class metadata for org/spongepowered/asm/mixin/transformer/Proxy to metadata cache
[00:13:38] [main/TRACE] [mixin/]: Added class metadata for java/util/function/Predicate to metadata cache
[00:13:38] [main/TRACE] [mixin/]: Added class metadata for net/minecraft/launchwrapper/IClassTransformer to metadata cache
[00:13:38] [main/TRACE] [mixin/]: Added class metadata for com/gtnewhorizon/gtnhmixins/LateMixin to metadata cache
[00:13:38] [main/TRACE] [mixin/]: Added class metadata for java/lang/ClassNotFoundException to metadata cache
[00:13:38] [main/TRACE] [mixin/]: Added class metadata for java/lang/Exception to metadata cache
[00:13:38] [main/DEBUG] [mixin/]: mixin.mixinbooterlegacy.json:LoadControllerMixin from mod (unknown)->@Inject::beforeConstructing(Lcpw/mods/fml/common/LoaderState;[Ljava/lang/Object;Lorg/spongepowered/asm/mixin/injection/callback/CallbackInfo;)V doesn't use it's CallbackInfo
[00:13:38] [main/DEBUG] [mixin/]: mixin.mixinbooterlegacy.json:LoadControllerMixin from mod (unknown)->@Inject::beforeConstructing(Lcpw/mods/fml/common/LoaderState;[Ljava/lang/Object;Lorg/spongepowered/asm/mixin/injection/callback/CallbackInfo;)V has 0 override(s) in child classes
[00:13:38] [main/DEBUG] [mixin/]: mixin.mixinbooterlegacy.json:LoadControllerMixin from mod (unknown)->@Inject::beforeConstructing(Lcpw/mods/fml/common/LoaderState;[Ljava/lang/Object;Lorg/spongepowered/asm/mixin/injection/callback/CallbackInfo;)V won't be passed a CallbackInfo as a result
[00:13:38] [main/DEBUG] [mixin/]: mixins.gtnhmixins.json:LateMixinOrchestrationMixin from mod (unknown)->@Inject::beforeConstructing(Lcpw/mods/fml/common/LoaderState;[Ljava/lang/Object;Lorg/spongepowered/asm/mixin/injection/callback/CallbackInfo;)V doesn't use it's CallbackInfo
[00:13:38] [main/DEBUG] [mixin/]: mixins.gtnhmixins.json:LateMixinOrchestrationMixin from mod (unknown)->@Inject::beforeConstructing(Lcpw/mods/fml/common/LoaderState;[Ljava/lang/Object;Lorg/spongepowered/asm/mixin/injection/callback/CallbackInfo;)V has 0 override(s) in child classes
[00:13:38] [main/DEBUG] [mixin/]: mixins.gtnhmixins.json:LateMixinOrchestrationMixin from mod (unknown)->@Inject::beforeConstructing(Lcpw/mods/fml/common/LoaderState;[Ljava/lang/Object;Lorg/spongepowered/asm/mixin/injection/callback/CallbackInfo;)V won't be passed a CallbackInfo as a result
[00:13:38] [main/TRACE] [mixin/]: Added class metadata for java/lang/ReflectiveOperationException to metadata cache
[00:13:38] [main/INFO] [FastCraft/]: FastCraft loaded.
[00:13:38] [main/INFO] [LaunchWrapper/]: Loading tweak class name cpw.mods.fml.common.launcher.TerminalTweaker
[00:13:38] [main/INFO] [LaunchWrapper/]: Loading tweak class name org.spongepowered.asm.mixin.EnvironmentStateTweaker
[00:13:38] [main/INFO] [LaunchWrapper/]: Calling tweak class cpw.mods.fml.common.launcher.TerminalTweaker
[00:13:38] [main/INFO] [LaunchWrapper/]: Calling tweak class org.spongepowered.asm.mixin.EnvironmentStateTweaker
[00:13:38] [main/DEBUG] [mixin/]: Adding new mixin transformer proxy #3
[00:13:38] [main/INFO] [foamfix/]: [Log4JExploitFix] Applying Log4j exploit mitigation to net/minecraft/server/MinecraftServer/getLogger!
[00:13:38] [main/DEBUG] [FastCraft/]: 1 / 21 applied
[00:13:38] [main/TRACE] [FastCraft/]: 63f669b5 2fef7b47 6a792565 1463c0bd 9bae9211 c8279ba2 46e1af46 c1b32f3c 1ec4aa5e 7952d9ec 0dbb15ab 2c267258 77ccc8dd 937f2c9e 84274be4 ce4e7906 6518b690 e5fd58fe c8fae051 deca7f5d
[00:13:38] [main/DEBUG] [mixin/]: Ending MixinEnvironment[INIT], applied 1 mixins
[00:13:38] [main/DEBUG] [mixin/]: Preparing mixins for MixinEnvironment[DEFAULT]
[00:13:38] [main/DEBUG] [mixin/]: Selecting config mixingasm.mixin.json
[00:13:38] [main/INFO] [foamfix/]: [Log4JExploitFix] Applying Log4j exploit mitigation to makamys/mixingasm/MixinConfigPlugin/getLogger!
[00:13:38] [main/INFO] [foamfix/]: [Log4JExploitFix] Applying Log4j exploit mitigation to makamys/mixingasm/Mixingasm/getLogger!
[00:13:38] [main/INFO] [foamfix/]: [Log4JExploitFix] Applying Log4j exploit mitigation to io/github/legacymoddingmc/unimixins/mixingasm/repackage/common/sanitycheck/SanityCheckHelper/getLogger!
[00:13:38] [main/DEBUG] [mixingasm/]: Dynamic transformer inclusion pattern list: []
[00:13:38] [main/INFO] [foamfix/]: [Log4JExploitFix] Applying Log4j exploit mitigation to makamys/mixingasm/ConfigHelper/getLogger!
[00:13:38] [main/DEBUG] [mixingasm/]: Copying assets/mixingasm/default_config/mixingasm/transformer_inclusion_list_default.txt -> config/mixingasm/transformer_inclusion_list_default.txt
[00:13:38] [main/DEBUG] [mixingasm/]: Copying assets/mixingasm/default_config/mixingasm/transformer_inclusion_list.txt -> config/mixingasm/transformer_inclusion_list.txt
[00:13:38] [main/DEBUG] [mixingasm/]: Copying assets/mixingasm/default_config/mixingasm/transformer_exclusion_list.txt -> config/mixingasm/transformer_exclusion_list.txt
[00:13:38] [main/DEBUG] [mixingasm/]:       Trusting transformer cpw.mods.fml.common.asm.transformers.PatchingTransformer
[00:13:38] [main/DEBUG] [mixingasm/]:       Trusting transformer org.spongepowered.asm.mixin.transformer.Proxy
[00:13:38] [main/DEBUG] [mixingasm/]:   Not trusting transformer io.github.legacymoddingmc.unimixins.compat.asm.ASMRemapperTransformer
[00:13:38] [main/DEBUG] [mixingasm/]:       Trusting transformer cpw.mods.fml.common.asm.transformers.MarkerTransformer
[00:13:38] [main/DEBUG] [mixingasm/]:       Trusting transformer cpw.mods.fml.common.asm.transformers.SideTransformer
[00:13:38] [main/DEBUG] [mixingasm/]:       Trusting transformer cpw.mods.fml.common.asm.transformers.EventSubscriptionTransformer
[00:13:38] [main/DEBUG] [mixingasm/]:       Trusting transformer net.minecraftforge.classloading.FluidIdTransformer
[00:13:38] [main/DEBUG] [mixingasm/]:       Trusting transformer codechicken.lib.asm.ClassHeirachyManager
[00:13:38] [main/DEBUG] [mixingasm/]:       Trusting transformer codechicken.lib.asm.RedirectorTransformer
[00:13:38] [main/DEBUG] [mixingasm/]:       Trusting transformer codechicken.core.asm.TweakTransformer
[00:13:38] [main/DEBUG] [mixingasm/]:   Not trusting transformer codechicken.nei.asm.NEITransformer
[00:13:38] [main/DEBUG] [mixingasm/]:   Not trusting transformer io.github.legacymoddingmc.unimixins.compat.asm.EnhanceCrashReportsTransformer
[00:13:38] [main/DEBUG] [mixingasm/]:   Not trusting transformer org.embeddedt.archaicfix.asm.ArchaicTransformer
[00:13:38] [main/DEBUG] [mixingasm/]:   Not trusting transformer com.gtnewhorizon.gtnhlib.core.fml.transformers.EventBusSubTransformer
[00:13:38] [main/DEBUG] [mixingasm/]:   Not trusting transformer com.gtnewhorizon.gtnhlib.core.fml.transformers.BlockIconTransformer
[00:13:38] [main/DEBUG] [mixingasm/]:   Not trusting transformer me.guichaguri.betterfps.transformers.MathTransformer
[00:13:38] [main/DEBUG] [mixingasm/]:   Not trusting transformer me.guichaguri.betterfps.transformers.EventTransformer
[00:13:38] [main/DEBUG] [mixingasm/]:       Trusting transformer cpw.mods.fml.common.asm.transformers.DeobfuscationTransformer
[00:13:38] [main/DEBUG] [mixingasm/]:       Trusting transformer cpw.mods.fml.common.asm.transformers.AccessTransformer
[00:13:38] [main/DEBUG] [mixingasm/]:       Trusting transformer net.minecraftforge.transformers.ForgeAccessTransformer
[00:13:38] [main/DEBUG] [mixingasm/]:   Not trusting transformer io.github.legacymoddingmc.unimixins.all.AllCore.CombinedAccessTransformer
[00:13:38] [main/DEBUG] [mixingasm/]:       Trusting transformer cpw.mods.fml.common.asm.transformers.ModAccessTransformer
[00:13:38] [main/DEBUG] [mixingasm/]:       Trusting transformer cpw.mods.fml.common.asm.transformers.ItemStackTransformer
[00:13:38] [main/DEBUG] [mixingasm/]:       Trusting transformer org.spongepowered.asm.mixin.transformer.Proxy
[00:13:38] [main/DEBUG] [mixingasm/]:   Not trusting transformer pl.asie.foamfix.bugfixmod.coremod.BugfixModClassTransformer
[00:13:38] [main/DEBUG] [mixingasm/]:   Not trusting transformer carbonconfiglib.impl.internal.CarbonConfigHooks
[00:13:38] [main/DEBUG] [mixingasm/]:   Not trusting transformer pregenerator.base.hooks.PregenHooks
[00:13:38] [main/DEBUG] [mixingasm/]:   Not trusting transformer fastcraft.J
[00:13:38] [main/DEBUG] [mixingasm/]:       Trusting transformer cpw.mods.fml.common.asm.transformers.TerminalTransformer
[00:13:38] [main/DEBUG] [mixingasm/]:       Trusting transformer org.spongepowered.asm.mixin.transformer.Proxy
[00:13:38] [main/DEBUG] [mixingasm/]: Excluding transformers: [io.github.legacymoddingmc.unimixins.compat.asm.ASMRemapperTransformer, codechicken.nei.asm.NEITransformer, io.github.legacymoddingmc.unimixins.compat.asm.EnhanceCrashReportsTransformer, org.embeddedt.archaicfix.asm.ArchaicTransformer, com.gtnewhorizon.gtnhlib.core.fml.transformers.EventBusSubTransformer, com.gtnewhorizon.gtnhlib.core.fml.transformers.BlockIconTransformer, me.guichaguri.betterfps.transformers.MathTransformer, me.guichaguri.betterfps.transformers.EventTransformer, io.github.legacymoddingmc.unimixins.all.AllCore.CombinedAccessTransformer, pl.asie.foamfix.bugfixmod.coremod.BugfixModClassTransformer, carbonconfiglib.impl.internal.CarbonConfigHooks, pregenerator.base.hooks.PregenHooks, fastcraft.J]
[00:13:38] [main/DEBUG] [mixin/]: Selecting config mixins.archaicfix.json
[00:13:38] [main/DEBUG] [mixin/]: Selecting config mixins.gtnhlib.json
[00:13:38] [main/DEBUG] [mixin/]: Selecting config mixins.archaicfix.early.json
[00:13:38] [main/DEBUG] [mixin/]: Selecting config mixins.gtnhlib.early.json
[00:13:38] [main/DEBUG] [mixin/]: Preparing mixingasm.mixin.json (0)
[00:13:38] [main/DEBUG] [mixin/]: Preparing mixins.archaicfix.json (0)
[00:13:38] [main/DEBUG] [mixin/]: Preparing mixins.gtnhlib.json (0)
[00:13:38] [main/DEBUG] [mixin/]: Preparing mixins.archaicfix.early.json (50)
[00:13:38] [main/DEBUG] [org.spongepowered.asm.service.mojang.MixinServiceLaunchWrapper/]: Rebuilding transformer delegation list:
[00:13:38] [main/DEBUG] [org.spongepowered.asm.service.mojang.MixinServiceLaunchWrapper/]: Found name transformer: cpw.mods.fml.common.asm.transformers.DeobfuscationTransformer
[00:13:38] [main/DEBUG] [org.spongepowered.asm.service.mojang.MixinServiceLaunchWrapper/]:   Adding:    cpw.mods.fml.common.asm.transformers.PatchingTransformer
[00:13:38] [main/DEBUG] [org.spongepowered.asm.service.mojang.MixinServiceLaunchWrapper/]:   Excluding: org.spongepowered.asm.mixin.transformer.Proxy
[00:13:38] [main/DEBUG] [org.spongepowered.asm.service.mojang.MixinServiceLaunchWrapper/]:   Excluding: io.github.legacymoddingmc.unimixins.compat.asm.ASMRemapperTransformer
[00:13:38] [main/DEBUG] [org.spongepowered.asm.service.mojang.MixinServiceLaunchWrapper/]:   Adding:    cpw.mods.fml.common.asm.transformers.MarkerTransformer
[00:13:38] [main/DEBUG] [org.spongepowered.asm.service.mojang.MixinServiceLaunchWrapper/]:   Adding:    cpw.mods.fml.common.asm.transformers.SideTransformer
[00:13:38] [main/DEBUG] [org.spongepowered.asm.service.mojang.MixinServiceLaunchWrapper/]:   Excluding: cpw.mods.fml.common.asm.transformers.EventSubscriptionTransformer
[00:13:38] [main/DEBUG] [org.spongepowered.asm.service.mojang.MixinServiceLaunchWrapper/]:   Adding:    net.minecraftforge.classloading.FluidIdTransformer
[00:13:38] [main/DEBUG] [org.spongepowered.asm.service.mojang.MixinServiceLaunchWrapper/]:   Adding:    codechicken.lib.asm.ClassHeirachyManager
[00:13:38] [main/DEBUG] [org.spongepowered.asm.service.mojang.MixinServiceLaunchWrapper/]:   Adding:    codechicken.lib.asm.RedirectorTransformer
[00:13:38] [main/DEBUG] [org.spongepowered.asm.service.mojang.MixinServiceLaunchWrapper/]:   Adding:    codechicken.core.asm.TweakTransformer
[00:13:38] [main/DEBUG] [org.spongepowered.asm.service.mojang.MixinServiceLaunchWrapper/]:   Excluding: codechicken.nei.asm.NEITransformer
[00:13:38] [main/DEBUG] [org.spongepowered.asm.service.mojang.MixinServiceLaunchWrapper/]:   Excluding: io.github.legacymoddingmc.unimixins.compat.asm.EnhanceCrashReportsTransformer
[00:13:38] [main/DEBUG] [org.spongepowered.asm.service.mojang.MixinServiceLaunchWrapper/]:   Excluding: org.embeddedt.archaicfix.asm.ArchaicTransformer
[00:13:38] [main/DEBUG] [org.spongepowered.asm.service.mojang.MixinServiceLaunchWrapper/]:   Excluding: com.gtnewhorizon.gtnhlib.core.fml.transformers.EventBusSubTransformer
[00:13:38] [main/DEBUG] [org.spongepowered.asm.service.mojang.MixinServiceLaunchWrapper/]:   Excluding: com.gtnewhorizon.gtnhlib.core.fml.transformers.BlockIconTransformer
[00:13:38] [main/DEBUG] [org.spongepowered.asm.service.mojang.MixinServiceLaunchWrapper/]:   Excluding: me.guichaguri.betterfps.transformers.MathTransformer
[00:13:38] [main/DEBUG] [org.spongepowered.asm.service.mojang.MixinServiceLaunchWrapper/]:   Excluding: me.guichaguri.betterfps.transformers.EventTransformer
[00:13:38] [main/DEBUG] [org.spongepowered.asm.service.mojang.MixinServiceLaunchWrapper/]:   Adding:    cpw.mods.fml.common.asm.transformers.DeobfuscationTransformer
[00:13:38] [main/DEBUG] [org.spongepowered.asm.service.mojang.MixinServiceLaunchWrapper/]:   Adding:    cpw.mods.fml.common.asm.transformers.AccessTransformer
[00:13:38] [main/DEBUG] [org.spongepowered.asm.service.mojang.MixinServiceLaunchWrapper/]:   Adding:    net.minecraftforge.transformers.ForgeAccessTransformer
[00:13:38] [main/DEBUG] [org.spongepowered.asm.service.mojang.MixinServiceLaunchWrapper/]:   Adding:    io.github.legacymoddingmc.unimixins.all.AllCore$CombinedAccessTransformer
[00:13:38] [main/DEBUG] [org.spongepowered.asm.service.mojang.MixinServiceLaunchWrapper/]:   Adding:    cpw.mods.fml.common.asm.transformers.ModAccessTransformer
[00:13:38] [main/DEBUG] [org.spongepowered.asm.service.mojang.MixinServiceLaunchWrapper/]:   Adding:    cpw.mods.fml.common.asm.transformers.ItemStackTransformer
[00:13:38] [main/DEBUG] [org.spongepowered.asm.service.mojang.MixinServiceLaunchWrapper/]:   Excluding: org.spongepowered.asm.mixin.transformer.Proxy
[00:13:38] [main/DEBUG] [org.spongepowered.asm.service.mojang.MixinServiceLaunchWrapper/]:   Excluding: pl.asie.foamfix.bugfixmod.coremod.BugfixModClassTransformer
[00:13:38] [main/DEBUG] [org.spongepowered.asm.service.mojang.MixinServiceLaunchWrapper/]:   Excluding: carbonconfiglib.impl.internal.CarbonConfigHooks
[00:13:38] [main/DEBUG] [org.spongepowered.asm.service.mojang.MixinServiceLaunchWrapper/]:   Excluding: pregenerator.base.hooks.PregenHooks
[00:13:38] [main/DEBUG] [org.spongepowered.asm.service.mojang.MixinServiceLaunchWrapper/]:   Excluding: fastcraft.J
[00:13:38] [main/DEBUG] [org.spongepowered.asm.service.mojang.MixinServiceLaunchWrapper/]:   Excluding: cpw.mods.fml.common.asm.transformers.TerminalTransformer
[00:13:38] [main/DEBUG] [org.spongepowered.asm.service.mojang.MixinServiceLaunchWrapper/]:   Excluding: org.spongepowered.asm.mixin.transformer.Proxy
[00:13:38] [main/DEBUG] [org.spongepowered.asm.service.mojang.MixinServiceLaunchWrapper/]: Transformer delegation list created with 13 entries
[00:13:38] [main/TRACE] [mixin/]: Added class metadata for net/minecraft/entity/EntityLiving to metadata cache
[00:13:38] [main/TRACE] [mixin/]: Added class metadata for net/minecraft/entity/player/EntityPlayerMP to metadata cache
[00:13:38] [main/TRACE] [mixin/]: Added class metadata for net/minecraft/world/WorldServer to metadata cache
[00:13:38] [main/TRACE] [mixin/]: Added class metadata for net/minecraft/world/gen/structure/MapGenStructure to metadata cache
[00:13:38] [main/TRACE] [mixin/]: Added class metadata for net/minecraft/entity/passive/EntityVillager to metadata cache
[00:13:38] [main/TRACE] [mixin/]: Added class metadata for net/minecraft/village/MerchantRecipe to metadata cache
[00:13:38] [main/TRACE] [mixin/]: Added class metadata for net/minecraft/util/AxisAlignedBB to metadata cache
[00:13:38] [main/TRACE] [mixin/]: Added class metadata for net/minecraft/block/material/MaterialLiquid to metadata cache
[00:13:38] [main/TRACE] [mixin/]: Added class metadata for net/minecraft/world/gen/ChunkProviderServer to metadata cache
[00:13:38] [main/TRACE] [mixin/]: Added class metadata for net/minecraftforge/common/chunkio/ChunkIOProvider to metadata cache
[00:13:38] [main/TRACE] [mixin/]: Added class metadata for net/minecraft/world/SpawnerAnimals to metadata cache
[00:13:38] [main/TRACE] [mixin/]: Added class metadata for net/minecraftforge/oredict/ShapedOreRecipe to metadata cache
[00:13:38] [main/TRACE] [mixin/]: Added class metadata for net/minecraft/util/LongHashMap to metadata cache
[00:13:38] [main/DEBUG] [CCL ASM/]: Writing method [aji.canBeReplacedByLeaves(Lahl;III)Z]
[00:13:38] [main/TRACE] [mixin/]: Added class metadata for net/minecraft/block/Block to metadata cache
[00:13:38] [main/TRACE] [mixin/]: Added class metadata for net/minecraft/enchantment/EnchantmentHelper to metadata cache
[00:13:38] [main/TRACE] [mixin/]: Added class metadata for net/minecraft/world/biome/WorldChunkManager to metadata cache
[00:13:38] [main/TRACE] [mixin/]: Added class metadata for net/minecraft/item/crafting/ShapedRecipes to metadata cache
[00:13:38] [main/TRACE] [mixin/]: Added class metadata for net/minecraftforge/oredict/ShapelessOreRecipe to metadata cache
[00:13:38] [main/TRACE] [mixin/]: Added class metadata for net/minecraft/item/crafting/ShapelessRecipes to metadata cache
[00:13:38] [main/TRACE] [mixin/]: Added class metadata for net/minecraft/world/World to metadata cache
[00:13:38] [main/TRACE] [mixin/]: Added class metadata for net/minecraft/entity/EntityTrackerEntry to metadata cache
[00:13:38] [main/TRACE] [mixin/]: Added class metadata for net/minecraft/entity/item/EntityXPOrb to metadata cache
[00:13:38] [main/TRACE] [mixin/]: Added class metadata for net/minecraft/entity/Entity to metadata cache
[00:13:38] [main/TRACE] [mixin/]: Added class metadata for net/minecraftforge/common/ForgeChunkManager to metadata cache
[00:13:38] [main/TRACE] [mixin/]: Added class metadata for net/minecraft/world/chunk/Chunk to metadata cache
[00:13:38] [main/TRACE] [mixin/]: Added class metadata for net/minecraft/world/gen/structure/StructureStart to metadata cache
[00:13:38] [main/TRACE] [mixin/]: Added class metadata for net/minecraftforge/oredict/OreDictionary to metadata cache
[00:13:38] [main/TRACE] [mixin/]: Added class metadata for net/minecraft/world/gen/ChunkProviderHell to metadata cache
[00:13:38] [main/TRACE] [mixin/]: Added class metadata for net/minecraft/network/NetHandlerPlayServer to metadata cache
[00:13:38] [main/TRACE] [mixin/]: Added class metadata for net/minecraft/world/chunk/storage/AnvilChunkLoader to metadata cache
[00:13:38] [main/TRACE] [mixin/]: Added class metadata for net/minecraft/world/chunk/storage/ExtendedBlockStorage to metadata cache
[00:13:38] [main/TRACE] [mixin/]: Added class metadata for net/minecraft/network/play/server/S21PacketChunkData to metadata cache
[00:13:38] [main/TRACE] [mixin/]: Added class metadata for cpw/mods/fml/common/network/handshake/NetworkDispatcher to metadata cache
[00:13:38] [main/TRACE] [mixin/]: Added class metadata for net/minecraft/network/NetworkManager to metadata cache
[00:13:38] [main/TRACE] [mixin/]: Added class metadata for io/netty/channel/embedded/EmbeddedChannel to metadata cache
[00:13:38] [main/TRACE] [mixin/]: Added class metadata for net/minecraft/entity/item/EntityItem to metadata cache
[00:13:38] [main/TRACE] [mixin/]: Added class metadata for net/minecraft/entity/EntityLivingBase to metadata cache
[00:13:38] [main/TRACE] [mixin/]: Added class metadata for net/minecraft/world/gen/structure/ComponentScatteredFeaturePieces$SwampHut to metadata cache
[00:13:38] [main/DEBUG] [mixin/]: Preparing mixins.gtnhlib.early.json (15)
[00:13:38] [main/TRACE] [mixin/]: Added class metadata for cpw/mods/fml/common/eventhandler/EventBus to metadata cache
[00:13:38] [main/TRACE] [mixin/]: Added class metadata for cpw/mods/fml/common/discovery/asm/ModAnnotation$EnumHolder to metadata cache
[00:13:38] [main/TRACE] [mixin/]: Added class metadata for net/minecraft/server/MinecraftServer to metadata cache
[00:13:38] [main/TRACE] [mixin/]: Added class metadata for net/minecraft/world/GameRules to metadata cache
[00:13:38] [main/TRACE] [mixin/]: Added class metadata for net/minecraft/command/CommandHandler to metadata cache
[00:13:38] [main/TRACE] [mixin/]: Added class metadata for net/minecraft/command/CommandHelp to metadata cache
[00:13:38] [main/TRACE] [mixin/]: Added class metadata for net/minecraft/tileentity/TileEntitySkull to metadata cache
[00:13:38] [main/TRACE] [mixin/]: Added class metadata for net/minecraft/entity/passive/EntityHorse to metadata cache
[00:13:38] [main/TRACE] [mixin/]: Added class metadata for net/minecraft/item/ItemBlock to metadata cache
[00:13:38] [main/TRACE] [mixin/]: Added class metadata for net/minecraft/item/ItemSlab to metadata cache
[00:13:38] [main/TRACE] [mixin/]: Added class metadata for net/minecraft/util/IChatComponent$Serializer to metadata cache
[00:13:38] [main/TRACE] [mixin/]: Added class metadata for cpw/mods/fml/common/discovery/JarDiscoverer to metadata cache
[00:13:38] [main/TRACE] [mixin/]: Added class metadata for net/minecraft/entity/player/EntityPlayer to metadata cache
[00:13:38] [main/TRACE] [mixin/]: Added class metadata for net/minecraft/block/material/Material to metadata cache
[00:13:38] [main/TRACE] [mixin/]: Added class metadata for com/google/common/collect/ImmutableSet$Builder to metadata cache
[00:13:38] [main/TRACE] [mixin/]: Added class metadata for net/minecraft/block/Block$SoundType to metadata cache
[00:13:38] [main/TRACE] [mixin/]: Added class metadata for net/minecraft/enchantment/EnchantmentHelper$ModifierDamage to metadata cache
[00:13:38] [main/TRACE] [mixin/]: Added class metadata for net/minecraft/enchantment/EnchantmentHelper$HurtIterator to metadata cache
[00:13:38] [main/TRACE] [mixin/]: Added class metadata for net/minecraft/enchantment/EnchantmentHelper$DamageIterator to metadata cache
[00:13:38] [main/TRACE] [mixin/]: Added class metadata for org/spongepowered/asm/mixin/injection/At$Shift to metadata cache
[00:13:38] [main/TRACE] [mixin/]: Added class metadata for net/minecraft/network/play/server/S21PacketChunkData$Extracted to metadata cache
[00:13:38] [main/TRACE] [mixin/]: Added class metadata for java/util/AbstractMap$SimpleEntry to metadata cache
[00:13:38] [main/TRACE] [mixin/]: Added class metadata for io/netty/channel/AbstractChannel to metadata cache
[00:13:38] [main/DEBUG] [mixin/]: Prepared 65 mixins in 0,294 sec (4,5ms avg) (4ms load, 163ms transform, 0ms plugin)
[00:13:38] [main/DEBUG] [mixin/]: Mixing MixinMinecraftServer from mixins.gtnhlib.early.json into net.minecraft.server.MinecraftServer
[00:13:38] [main/TRACE] [mixin/]: Added class metadata for net/minecraft/profiler/Profiler to metadata cache
[00:13:38] [main/TRACE] [mixin/]: Added class metadata for com/gtnewhorizon/gtnhlib/util/ServerThreadUtil to metadata cache
[00:13:38] [main/TRACE] [mixin/]: Added class metadata for java/lang/Thread to metadata cache
[00:13:38] [main/TRACE] [mixin/]: Added class metadata for net/minecraft/command/ICommandSender to metadata cache
[00:13:38] [main/TRACE] [mixin/]: Added class metadata for net/minecraft/profiler/IPlayerUsage to metadata cache
[00:13:38] [main/DEBUG] [mixin/]: mixins.gtnhlib.early.json:MixinMinecraftServer from mod gtnhlib->@Inject::runJobs(Lorg/spongepowered/asm/mixin/injection/callback/CallbackInfo;)V doesn't use it's CallbackInfo
[00:13:38] [main/DEBUG] [mixin/]: mixins.gtnhlib.early.json:MixinMinecraftServer from mod gtnhlib->@Inject::runJobs(Lorg/spongepowered/asm/mixin/injection/callback/CallbackInfo;)V has 0 override(s) in child classes
[00:13:38] [main/DEBUG] [mixin/]: mixins.gtnhlib.early.json:MixinMinecraftServer from mod gtnhlib->@Inject::runJobs(Lorg/spongepowered/asm/mixin/injection/callback/CallbackInfo;)V won't be passed a CallbackInfo as a result
[00:13:38] [main/DEBUG] [mixin/]: mixins.gtnhlib.early.json:MixinMinecraftServer from mod gtnhlib->@Inject::saveServerThreadReference(Lorg/spongepowered/asm/mixin/injection/callback/CallbackInfo;)V doesn't use it's CallbackInfo
[00:13:38] [main/DEBUG] [mixin/]: mixins.gtnhlib.early.json:MixinMinecraftServer from mod gtnhlib->@Inject::saveServerThreadReference(Lorg/spongepowered/asm/mixin/injection/callback/CallbackInfo;)V has 0 override(s) in child classes
[00:13:38] [main/DEBUG] [mixin/]: mixins.gtnhlib.early.json:MixinMinecraftServer from mod gtnhlib->@Inject::saveServerThreadReference(Lorg/spongepowered/asm/mixin/injection/callback/CallbackInfo;)V won't be passed a CallbackInfo as a result
[00:13:38] [main/DEBUG] [mixin/]: mixins.gtnhlib.early.json:MixinMinecraftServer from mod gtnhlib->@Inject::clearServerThreadReference(Lorg/spongepowered/asm/mixin/injection/callback/CallbackInfo;)V doesn't use it's CallbackInfo
[00:13:38] [main/DEBUG] [mixin/]: mixins.gtnhlib.early.json:MixinMinecraftServer from mod gtnhlib->@Inject::clearServerThreadReference(Lorg/spongepowered/asm/mixin/injection/callback/CallbackInfo;)V has 0 override(s) in child classes
[00:13:38] [main/DEBUG] [mixin/]: mixins.gtnhlib.early.json:MixinMinecraftServer from mod gtnhlib->@Inject::clearServerThreadReference(Lorg/spongepowered/asm/mixin/injection/callback/CallbackInfo;)V won't be passed a CallbackInfo as a result
[00:13:38] [main/TRACE] [mixin/]: Added class metadata for net/minecraft/world/WorldServerMulti to metadata cache
[00:13:38] [main/TRACE] [mixin/]: Added class metadata for net/minecraft/world/demo/DemoWorldServer to metadata cache
[00:13:38] [main/TRACE] [mixin/]: Added class metadata for cpw/mods/fml/common/StartupQuery$AbortedException to metadata cache
[00:13:38] [main/TRACE] [mixin/]: Added class metadata for java/lang/RuntimeException to metadata cache
[00:13:38] [main/INFO] [foamfix/]: [Log4JExploitFix] Applying Log4j exploit mitigation to net/minecraft/world/WorldServer/getLogger!
[00:13:38] [main/DEBUG] [mixin/]: Mixing common.core.MixinWorldServer from mixins.archaicfix.early.json into net.minecraft.world.WorldServer
[00:13:38] [main/TRACE] [mixin/]: Added class metadata for net/minecraft/world/IBlockAccess to metadata cache
[00:13:38] [main/TRACE] [mixin/]: Added class metadata for org/embeddedt/archaicfix/config/ArchaicConfig to metadata cache
[00:13:38] [main/TRACE] [mixin/]: Added class metadata for org/spongepowered/asm/mixin/injection/callback/CallbackInfoReturnable to metadata cache
[00:13:38] [main/TRACE] [mixin/]: Added class metadata for java/lang/Integer to metadata cache
[00:13:38] [main/TRACE] [mixin/]: Added class metadata for java/lang/Math to metadata cache
[00:13:38] [main/TRACE] [mixin/]: Added class metadata for net/minecraft/world/storage/ISaveHandler to metadata cache
[00:13:38] [main/TRACE] [mixin/]: Added class metadata for net/minecraft/world/WorldProvider to metadata cache
[00:13:38] [main/TRACE] [mixin/]: Added class metadata for net/minecraft/world/WorldSettings to metadata cache
[00:13:38] [main/DEBUG] [mixin/]: mixins.archaicfix.early.json:common.core.MixinWorldServer from mod archaicfix->@Inject::shortenBlockUpdateDistance(Lorg/spongepowered/asm/mixin/injection/callback/CallbackInfoReturnable;)V does use it's CallbackInfoReturnable
[00:13:38] [main/DEBUG] [FastCraft/]: 2 / 21 applied
[00:13:38] [main/TRACE] [FastCraft/]: 63f669b5 2fef7b47 6a792565 1463c0bd 9bae9211 c8279ba2 46e1af46 c1b32f3c 1ec4aa5e 7952d9ec 2c267258 77ccc8dd 937f2c9e 84274be4 ce4e7906 6518b690 e5fd58fe c8fae051 deca7f5d
[00:13:38] [main/DEBUG] [mixin/]: Mixing common.core.MixinWorld from mixins.archaicfix.early.json into net.minecraft.world.World
[00:13:39] [main/TRACE] [mixin/]: Added class metadata for net/minecraft/world/biome/BiomeGenBase to metadata cache
[00:13:39] [main/TRACE] [mixin/]: Added class metadata for net/minecraft/world/storage/WorldInfo to metadata cache
[00:13:39] [main/TRACE] [mixin/]: Added class metadata for net/minecraft/world/EnumDifficulty to metadata cache
[00:13:39] [main/TRACE] [mixin/]: Added class metadata for net/minecraft/util/MathHelper to metadata cache
[00:13:39] [main/TRACE] [mixin/]: Added class metadata for java/lang/Float to metadata cache
[00:13:39] [main/TRACE] [mixin/]: Added class metadata for com/google/common/collect/ImmutableSet to metadata cache
[00:13:39] [main/TRACE] [mixin/]: Added class metadata for net/minecraft/entity/EntityList to metadata cache
[00:13:39] [main/TRACE] [mixin/]: Added class metadata for cpw/mods/fml/common/FMLCommonHandler to metadata cache
[00:13:39] [main/TRACE] [mixin/]: Added class metadata for net/minecraft/server/management/ServerConfigurationManager to metadata cache
[00:13:39] [main/TRACE] [mixin/]: Added class metadata for org/embeddedt/archaicfix/lighting/world/lighting/LightingEngineHelpers to metadata cache
[00:13:39] [main/DEBUG] [mixin/]: Mixing common.lighting.MixinWorld_Lighting from mixins.archaicfix.early.json into net.minecraft.world.World
[00:13:39] [main/TRACE] [mixin/]: Added class metadata for org/embeddedt/archaicfix/lighting/api/ILightingEngineProvider to metadata cache
[00:13:39] [main/TRACE] [mixin/]: Added class metadata for org/embeddedt/archaicfix/lighting/world/lighting/LightingEngine to metadata cache
[00:13:39] [main/TRACE] [mixin/]: Added class metadata for org/embeddedt/archaicfix/lighting/api/ILightingEngine to metadata cache
[00:13:39] [main/DEBUG] [mixin/]: Mixing common.lighting.fastcraft.MixinWorld from mixins.archaicfix.early.json into net.minecraft.world.World
[00:13:39] [main/DEBUG] [mixin/]: Mixing common.core.MixinWorld_UpdateEntities from mixins.archaicfix.early.json into net.minecraft.world.World
[00:13:39] [main/TRACE] [mixin/]: Added class metadata for java/util/IdentityHashMap to metadata cache
[00:13:39] [main/TRACE] [mixin/]: Added class metadata for java/util/AbstractMap to metadata cache
[00:13:39] [main/TRACE] [mixin/]: Added class metadata for net/minecraft/world/EnumSkyBlock to metadata cache
[00:13:39] [main/DEBUG] [mixin/]: mixins.archaicfix.early.json:common.core.MixinWorld from mod archaicfix->@Inject::func_147473_B(IIILorg/spongepowered/asm/mixin/injection/callback/CallbackInfoReturnable;)V does use it's CallbackInfoReturnable
[00:13:39] [main/DEBUG] [mixin/]: mixins.archaicfix.early.json:common.core.MixinWorld from mod archaicfix->@Inject::skipUpdateIfOptimizing(Lnet/minecraft/entity/Entity;ZLorg/spongepowered/asm/mixin/injection/callback/CallbackInfo;IIZ)V does use it's CallbackInfo
[00:13:39] [main/DEBUG] [mixin/]: mixins.archaicfix.early.json:common.core.MixinWorld from mod archaicfix->@Inject::saveInactiveChunks(Lorg/spongepowered/asm/mixin/injection/callback/CallbackInfo;)V doesn't use it's CallbackInfo
[00:13:39] [main/DEBUG] [mixin/]: mixins.archaicfix.early.json:common.core.MixinWorld from mod archaicfix->@Inject::saveInactiveChunks(Lorg/spongepowered/asm/mixin/injection/callback/CallbackInfo;)V has 0 override(s) in child classes
[00:13:39] [main/DEBUG] [mixin/]: mixins.archaicfix.early.json:common.core.MixinWorld from mod archaicfix->@Inject::saveInactiveChunks(Lorg/spongepowered/asm/mixin/injection/callback/CallbackInfo;)V won't be passed a CallbackInfo as a result
[00:13:39] [main/INFO] [foamfix/]: [Log4JExploitFix] Applying Log4j exploit mitigation to net/minecraft/network/Packet/getLogger!
[00:13:39] [main/INFO] [foamfix/]: [Log4JExploitFix] Applying Log4j exploit mitigation to net/minecraft/network/NetworkSystem/getLogger!
[00:13:39] [main/INFO] [foamfix/]: [Log4JExploitFix] Applying Log4j exploit mitigation to net/minecraft/crash/CrashReport/getLogger!
[00:13:39] [main/DEBUG] [FastCraft/]: 3 / 21 applied
[00:13:39] [main/TRACE] [FastCraft/]: 63f669b5 2fef7b47 6a792565 1463c0bd c8279ba2 46e1af46 c1b32f3c 1ec4aa5e 7952d9ec 2c267258 77ccc8dd 937f2c9e 84274be4 ce4e7906 6518b690 e5fd58fe c8fae051 deca7f5d
[00:13:39] [main/INFO] [foamfix/]: [Log4JExploitFix] Applying Log4j exploit mitigation to net/minecraft/server/management/ServerConfigurationManager/getLogger!
[00:13:39] [main/INFO] [foamfix/]: [SnowballFix] Found target method
[00:13:39] [main/INFO] [foamfix/]: [SnowballFix] Removed instructions
[00:13:39] [main/INFO] [foamfix/]: [SnowballFix] Applied transform!
[00:13:39] [main/DEBUG] [FastCraft/]: 4 / 21 applied
[00:13:39] [main/TRACE] [FastCraft/]: 63f669b5 2fef7b47 6a792565 1463c0bd c8279ba2 46e1af46 c1b32f3c 1ec4aa5e 7952d9ec 2c267258 77ccc8dd 937f2c9e 84274be4 ce4e7906 6518b690 e5fd58fe deca7f5d
[00:13:39] [main/INFO] [foamfix/]: [EntityHeldItemNBTRenderFix] Failed to apply transform!
[00:13:39] [main/DEBUG] [FastCraft/]: 5 / 21 applied
[00:13:39] [main/TRACE] [FastCraft/]: 63f669b5 2fef7b47 6a792565 1463c0bd c8279ba2 46e1af46 c1b32f3c 1ec4aa5e 7952d9ec 2c267258 77ccc8dd 84274be4 ce4e7906 6518b690 e5fd58fe deca7f5d
[00:13:39] [main/DEBUG] [mixin/]: Mixing common.core.MixinEntityLivingBase_EarlyXpDrop from mixins.archaicfix.early.json into net.minecraft.entity.EntityLivingBase
[00:13:39] [main/DEBUG] [mixin/]: Mixing MixinEntityLivingBase from mixins.gtnhlib.early.json into net.minecraft.entity.EntityLivingBase
[00:13:39] [main/TRACE] [mixin/]: Added class metadata for net/minecraftforge/common/MinecraftForge to metadata cache
[00:13:39] [main/TRACE] [mixin/]: Added class metadata for com/gtnewhorizon/gtnhlib/client/event/LivingEquipmentChangeEvent to metadata cache
[00:13:39] [main/TRACE] [mixin/]: Added class metadata for net/minecraftforge/event/entity/living/LivingEvent to metadata cache
[00:13:39] [main/TRACE] [mixin/]: Added class metadata for net/minecraftforge/event/entity/EntityEvent to metadata cache
[00:13:39] [main/TRACE] [mixin/]: Added class metadata for cpw/mods/fml/common/eventhandler/Event to metadata cache
[00:13:39] [main/DEBUG] [mixin/]: Mixing block_sounds.MixinEntityLivingBase from mixins.gtnhlib.early.json into net.minecraft.entity.EntityLivingBase
[00:13:39] [main/TRACE] [mixin/]: Added class metadata for com/gtnewhorizon/gtnhlib/api/IBlockWithCustomSound to metadata cache
[00:13:39] [main/TRACE] [mixin/]: Added class metadata for com/llamalad7/mixinextras/injector/wrapoperation/Operation to metadata cache
[00:13:39] [main/TRACE] [mixin/]: Added class metadata for net/minecraft/item/ItemStack to metadata cache
[00:13:39] [main/DEBUG] [mixin/]: mixins.archaicfix.early.json:common.core.MixinEntityLivingBase_EarlyXpDrop from mod archaicfix->@Inject::dropXpImmediately(Lorg/spongepowered/asm/mixin/injection/callback/CallbackInfo;)V doesn't use it's CallbackInfo
[00:13:39] [main/DEBUG] [mixin/]: mixins.archaicfix.early.json:common.core.MixinEntityLivingBase_EarlyXpDrop from mod archaicfix->@Inject::dropXpImmediately(Lorg/spongepowered/asm/mixin/injection/callback/CallbackInfo;)V has 0 override(s) in child classes
[00:13:39] [main/DEBUG] [mixin/]: mixins.archaicfix.early.json:common.core.MixinEntityLivingBase_EarlyXpDrop from mod archaicfix->@Inject::dropXpImmediately(Lorg/spongepowered/asm/mixin/injection/callback/CallbackInfo;)V won't be passed a CallbackInfo as a result
[00:13:39] [main/DEBUG] [mixin/]: mixins.gtnhlib.early.json:MixinEntityLivingBase from mod gtnhlib->@Inject::addEquipmentChangeEventBus(Lorg/spongepowered/asm/mixin/injection/callback/CallbackInfo;)V doesn't use it's CallbackInfo
[00:13:39] [main/DEBUG] [mixin/]: mixins.gtnhlib.early.json:MixinEntityLivingBase from mod gtnhlib->@Inject::addEquipmentChangeEventBus(Lorg/spongepowered/asm/mixin/injection/callback/CallbackInfo;)V has 0 override(s) in child classes
[00:13:39] [main/DEBUG] [mixin/]: mixins.gtnhlib.early.json:MixinEntityLivingBase from mod gtnhlib->@Inject::addEquipmentChangeEventBus(Lorg/spongepowered/asm/mixin/injection/callback/CallbackInfo;)V won't be passed a CallbackInfo as a result
[00:13:39] [main/DEBUG] [FastCraft/]: 6 / 21 applied
[00:13:39] [main/TRACE] [FastCraft/]: 63f669b5 2fef7b47 6a792565 1463c0bd c8279ba2 c1b32f3c 1ec4aa5e 7952d9ec 2c267258 77ccc8dd 84274be4 ce4e7906 6518b690 e5fd58fe deca7f5d
[00:13:39] [main/DEBUG] [mixin/]: Mixing common.core.MixinEntity from mixins.archaicfix.early.json into net.minecraft.entity.Entity
[00:13:39] [main/DEBUG] [mixin/]: Mixing block_sounds.MixinEntity from mixins.gtnhlib.early.json into net.minecraft.entity.Entity
[00:13:39] [main/DEBUG] [mixin/]: mixins.archaicfix.early.json:common.core.MixinEntity from mod archaicfix->@Inject::beforeOnFallenUpon(DZLorg/spongepowered/asm/mixin/injection/callback/CallbackInfo;)V doesn't use it's CallbackInfo
[00:13:39] [main/DEBUG] [mixin/]: mixins.archaicfix.early.json:common.core.MixinEntity from mod archaicfix->@Inject::beforeOnFallenUpon(DZLorg/spongepowered/asm/mixin/injection/callback/CallbackInfo;)V has 0 override(s) in child classes
[00:13:39] [main/DEBUG] [mixin/]: mixins.archaicfix.early.json:common.core.MixinEntity from mod archaicfix->@Inject::beforeOnFallenUpon(DZLorg/spongepowered/asm/mixin/injection/callback/CallbackInfo;)V won't be passed a CallbackInfo as a result
[00:13:39] [main/TRACE] [mixin/]: Added class metadata for net/minecraft/nbt/NBTTagCompound to metadata cache
[00:13:39] [main/TRACE] [mixin/]: Added class metadata for net/minecraft/nbt/NBTBase to metadata cache
[00:13:39] [main/TRACE] [mixin/]: Added class metadata for net/minecraftforge/common/IExtendedEntityProperties to metadata cache
[00:13:39] [main/INFO] [LaunchWrapper/]: Launching wrapped minecraft {net.minecraft.server.MinecraftServer}
[00:13:39] [main/DEBUG] [CCL ASM/]: Writing method [aji.canBeReplacedByLeaves(Lahl;III)Z]
[00:13:39] [main/DEBUG] [mixin/]: Mixing common.core.MixinBlock from mixins.archaicfix.early.json into net.minecraft.block.Block
[00:13:39] [main/TRACE] [mixin/]: Added class metadata for java/lang/ref/WeakReference to metadata cache
[00:13:39] [main/TRACE] [mixin/]: Added class metadata for java/lang/ref/Reference to metadata cache
[00:13:39] [main/TRACE] [mixin/]: Added class metadata for org/embeddedt/archaicfix/block/ThreadedBlockData to metadata cache
[00:13:39] [main/TRACE] [mixin/]: Added class metadata for java/lang/ThreadLocal to metadata cache
[00:13:39] [main/TRACE] [mixin/]: Added class metadata for cpw/mods/fml/relauncher/Side to metadata cache
[00:13:39] [main/DEBUG] [mixin/]: Mixing common.core.MixinBlock_Late from mixins.archaicfix.early.json into net.minecraft.block.Block
[00:13:39] [main/INFO] [foamfix/]: [Log4JExploitFix] Applying Log4j exploit mitigation to net/minecraft/entity/item/EntityItem/getLogger!
[00:13:39] [main/DEBUG] [mixin/]: Mixing common.core.MixinEntityItem from mixins.archaicfix.early.json into net.minecraft.entity.item.EntityItem
[00:13:39] [main/DEBUG] [mixin/]: mixins.archaicfix.early.json:common.core.MixinEntityItem from mod archaicfix->@Inject::restoreVelocityIfNotMoving(Lorg/spongepowered/asm/mixin/injection/callback/CallbackInfo;)V doesn't use it's CallbackInfo
[00:13:39] [main/DEBUG] [mixin/]: mixins.archaicfix.early.json:common.core.MixinEntityItem from mod archaicfix->@Inject::restoreVelocityIfNotMoving(Lorg/spongepowered/asm/mixin/injection/callback/CallbackInfo;)V has 0 override(s) in child classes
[00:13:39] [main/DEBUG] [mixin/]: mixins.archaicfix.early.json:common.core.MixinEntityItem from mod archaicfix->@Inject::restoreVelocityIfNotMoving(Lorg/spongepowered/asm/mixin/injection/callback/CallbackInfo;)V won't be passed a CallbackInfo as a result
[00:13:39] [main/DEBUG] [mixin/]: Mixing common.core.MixinEntityXPOrb from mixins.archaicfix.early.json into net.minecraft.entity.item.EntityXPOrb
[00:13:39] [main/INFO] [foamfix/]: [Log4JExploitFix] Applying Log4j exploit mitigation to net/minecraft/util/RegistrySimple/getLogger!
[00:13:39] [main/DEBUG] [mixin/]: Mixing common.core.MixinMaterialLiquid from mixins.archaicfix.early.json into net.minecraft.block.material.MaterialLiquid
[00:13:39] [main/TRACE] [mixin/]: Added class metadata for net/minecraft/block/material/MapColor to metadata cache
[00:13:39] [main/INFO] [foamfix/]: [Log4JExploitFix] Applying Log4j exploit mitigation to net/minecraft/block/BlockGrass/getLogger!
[00:13:39] [main/INFO] [foamfix/]: [GhostBusterFix/net.minecraft.block.BlockGrass] Found target method
[00:13:39] [main/INFO] [foamfix/]: [GhostBusterFix/net.minecraft.block.BlockGrass] Added ghost buster patch (radius = 3) in func_149674_a
[00:13:39] [main/INFO] [foamfix/]: [GhostBusterFix/net.minecraft.block.BlockGrass] Applied transform!
[00:13:39] [main/INFO] [foamfix/]: [GhostBusterFix/net.minecraft.block.BlockDynamicLiquid] Found target method
[00:13:39] [main/INFO] [foamfix/]: [GhostBusterFix/net.minecraft.block.BlockDynamicLiquid] Added ghost buster patch (radius = 4) in func_149674_a
[00:13:39] [main/INFO] [foamfix/]: [GhostBusterFix/net.minecraft.block.BlockDynamicLiquid] Applied transform!
[00:13:39] [main/INFO] [foamfix/]: [GhostBusterWrapStaticLiquid/func_149674_a] Found target method
[00:13:39] [main/INFO] [foamfix/]: [GhostBusterWrapStaticLiquid/func_149674_a] Applying wrapper to func_147439_a!
[00:13:39] [main/INFO] [foamfix/]: [GhostBusterWrapStaticLiquid/func_149674_a] Applying wrapper to func_147437_c!
[00:13:39] [main/INFO] [foamfix/]: [GhostBusterWrapStaticLiquid/func_149674_a] Applied transform!
[00:13:39] [main/INFO] [foamfix/]: [GhostBusterWrapStaticLiquid/func_149817_o] Found target method
[00:13:39] [main/INFO] [foamfix/]: [GhostBusterWrapStaticLiquid/func_149817_o] Applying wrapper to func_147439_a!
[00:13:39] [main/INFO] [foamfix/]: [GhostBusterWrapStaticLiquid/func_149817_o] Applied transform!
[00:13:39] [main/INFO] [foamfix/]: [Log4JExploitFix] Applying Log4j exploit mitigation to net/minecraft/tileentity/TileEntity/getLogger!
[00:13:39] [main/DEBUG] [mixin/]: Mixing common.core.AccessorEntityLiving from mixins.archaicfix.early.json into net.minecraft.entity.EntityLiving
[00:13:39] [main/DEBUG] [mixin/]: Mixing common.core.MixinEntityLiving from mixins.archaicfix.early.json into net.minecraft.entity.EntityLiving
[00:13:39] [main/TRACE] [mixin/]: Added class metadata for java/util/Random to metadata cache
[00:13:39] [main/TRACE] [mixin/]: Added class metadata for net/minecraft/item/Item to metadata cache
[00:13:39] [main/DEBUG] [mixin/]: mixins.archaicfix.early.json:common.core.MixinEntityLiving from mod archaicfix->@Inject::addRandomArmor(Lorg/spongepowered/asm/mixin/injection/callback/CallbackInfo;)V does use it's CallbackInfo
[00:13:39] [main/INFO] [foamfix/]: [GhostBusterFix/net.minecraft.block.BlockVine] Found target method
[00:13:39] [main/INFO] [foamfix/]: [GhostBusterFix/net.minecraft.block.BlockVine] Added ghost buster patch (radius = 4) in func_149674_a
[00:13:39] [main/INFO] [foamfix/]: [GhostBusterFix/net.minecraft.block.BlockVine] Applied transform!
[00:13:39] [main/DEBUG] [mixin/]: Mixing MixinTileEntitySkull from mixins.gtnhlib.early.json into net.minecraft.tileentity.TileEntitySkull
[00:13:39] [main/TRACE] [mixin/]: Added class metadata for net/minecraft/tileentity/TileEntity to metadata cache
[00:13:39] [main/TRACE] [mixin/]: Added class metadata for com/gtnewhorizon/gtnhlib/blockstate/mixin/BlockSkullExt to metadata cache
[00:13:39] [main/DEBUG] [CCL ASM/]: Injecting before method [dh.toString()Ljava/lang/String;] @ 51 - 55
[00:13:39] [main/INFO] [foamfix/]: [Log4JExploitFix] Applying Log4j exploit mitigation to net/minecraft/nbt/NBTTagCompound/getLogger!
[00:13:39] [main/DEBUG] [mixin/]: Mixing block_sounds.MixinItemBlock from mixins.gtnhlib.early.json into net.minecraft.item.ItemBlock
[00:13:39] [main/INFO] [foamfix/]: [Log4JExploitFix] Applying Log4j exploit mitigation to net/minecraft/entity/SharedMonsterAttributes/getLogger!
[00:13:39] [main/DEBUG] [CCL ASM/]: Injecting before method [dq.toString()Ljava/lang/String;] @ 56 - 60
[00:13:39] [main/DEBUG] [FastCraft/]: 7 / 21 applied
[00:13:39] [main/TRACE] [FastCraft/]: 63f669b5 2fef7b47 6a792565 1463c0bd c8279ba2 c1b32f3c 1ec4aa5e 7952d9ec 77ccc8dd 84274be4 ce4e7906 6518b690 e5fd58fe deca7f5d
[00:13:39] [main/DEBUG] [FastCraft/]: 8 / 21 applied
[00:13:39] [main/TRACE] [FastCraft/]: 63f669b5 2fef7b47 6a792565 1463c0bd c8279ba2 c1b32f3c 1ec4aa5e 7952d9ec 84274be4 ce4e7906 6518b690 e5fd58fe deca7f5d
[00:13:39] [main/INFO] [foamfix/]: [Log4JExploitFix] Applying Log4j exploit mitigation to net/minecraft/entity/player/EntityPlayerMP/getLogger!
[00:13:39] [main/DEBUG] [FastCraft/]: 9 / 21 applied
[00:13:39] [main/TRACE] [FastCraft/]: 2fef7b47 6a792565 1463c0bd c8279ba2 c1b32f3c 1ec4aa5e 7952d9ec 84274be4 ce4e7906 6518b690 e5fd58fe deca7f5d
[00:13:39] [main/DEBUG] [mixin/]: Mixing common.core.MixinEntityPlayerMP from mixins.archaicfix.early.json into net.minecraft.entity.player.EntityPlayerMP
[00:13:39] [main/TRACE] [mixin/]: Added class metadata for net/minecraft/inventory/ICrafting to metadata cache
[00:13:39] [main/TRACE] [mixin/]: Added class metadata for com/mojang/authlib/GameProfile to metadata cache
[00:13:39] [main/TRACE] [mixin/]: Added class metadata for net/minecraft/server/management/ItemInWorldManager to metadata cache
[00:13:39] [main/DEBUG] [mixin/]: mixins.archaicfix.early.json:common.core.MixinEntityPlayerMP from mod archaicfix->@Inject::afterInit(Lnet/minecraft/server/MinecraftServer;Lnet/minecraft/world/WorldServer;Lcom/mojang/authlib/GameProfile;Lnet/minecraft/server/management/ItemInWorldManager;Lorg/spongepowered/asm/mixin/injection/callback/CallbackInfo;)V doesn't use it's CallbackInfo
[00:13:39] [main/DEBUG] [mixin/]: mixins.archaicfix.early.json:common.core.MixinEntityPlayerMP from mod archaicfix->@Inject::afterInit(Lnet/minecraft/server/MinecraftServer;Lnet/minecraft/world/WorldServer;Lcom/mojang/authlib/GameProfile;Lnet/minecraft/server/management/ItemInWorldManager;Lorg/spongepowered/asm/mixin/injection/callback/CallbackInfo;)V has 0 override(s) in child classes
[00:13:39] [main/DEBUG] [mixin/]: mixins.archaicfix.early.json:common.core.MixinEntityPlayerMP from mod archaicfix->@Inject::afterInit(Lnet/minecraft/server/MinecraftServer;Lnet/minecraft/world/WorldServer;Lcom/mojang/authlib/GameProfile;Lnet/minecraft/server/management/ItemInWorldManager;Lorg/spongepowered/asm/mixin/injection/callback/CallbackInfo;)V won't be passed a CallbackInfo as a result
[00:13:39] [main/DEBUG] [mixin/]: Mixing block_sounds.MixinItemSlab from mixins.gtnhlib.early.json into net.minecraft.item.ItemSlab
[00:13:39] [main/TRACE] [mixin/]: Added class metadata for net/minecraft/block/BlockSlab to metadata cache
[00:13:39] [main/INFO] [BetterFps/]: Patching Minecraft using Riven's "Half" Algorithm
[00:13:39] [main/INFO] [foamfix/]: [Log4JExploitFix] Applying Log4j exploit mitigation to net/minecraft/entity/EntityList/getLogger!
[00:13:39] [main/DEBUG] [FastCraft/]: 10 / 21 applied
[00:13:39] [main/TRACE] [FastCraft/]: 2fef7b47 6a792565 c8279ba2 c1b32f3c 1ec4aa5e 7952d9ec 84274be4 ce4e7906 6518b690 e5fd58fe deca7f5d
[00:13:39] [main/DEBUG] [mixin/]: Mixing block_sounds.MixinEntity from mixins.gtnhlib.early.json into net.minecraft.entity.passive.EntityHorse
[00:13:39] [main/TRACE] [mixin/]: Added class metadata for net/minecraft/entity/passive/EntityAnimal to metadata cache
[00:13:39] [main/TRACE] [mixin/]: Added class metadata for net/minecraft/entity/EntityAgeable to metadata cache
[00:13:39] [main/TRACE] [mixin/]: Added class metadata for net/minecraft/entity/EntityCreature to metadata cache
[00:13:39] [main/DEBUG] [mixin/]: Mixing block_sounds.MixinEntityHorse from mixins.gtnhlib.early.json into net.minecraft.entity.passive.EntityHorse
[00:13:39] [main/TRACE] [mixin/]: Added class metadata for net/minecraft/entity/passive/IAnimals to metadata cache
[00:13:39] [main/TRACE] [mixin/]: Added class metadata for net/minecraft/inventory/IInvBasic to metadata cache
[00:13:39] [main/TRACE] [mixin/]: Added class metadata for net/minecraft/entity/IEntityLivingData to metadata cache
[00:13:39] [main/TRACE] [mixin/]: Added class metadata for net/minecraft/entity/passive/EntityHorse$GroupData to metadata cache
[00:13:39] [main/DEBUG] [mixin/]: Mixing common.core.MixinEntityVillager from mixins.archaicfix.early.json into net.minecraft.entity.passive.EntityVillager
[00:13:39] [main/TRACE] [mixin/]: Added class metadata for net/minecraft/village/MerchantRecipeList to metadata cache
[00:13:39] [main/TRACE] [mixin/]: Added class metadata for net/minecraft/entity/IMerchant to metadata cache
[00:13:39] [main/TRACE] [mixin/]: Added class metadata for net/minecraft/entity/INpc to metadata cache
[00:13:39] [main/DEBUG] [mixin/]: mixins.archaicfix.early.json:common.core.MixinEntityVillager from mod archaicfix->@Inject::handleLockedVillager(Lnet/minecraft/nbt/NBTTagCompound;Lorg/spongepowered/asm/mixin/injection/callback/CallbackInfo;)V doesn't use it's CallbackInfo
[00:13:39] [main/DEBUG] [mixin/]: mixins.archaicfix.early.json:common.core.MixinEntityVillager from mod archaicfix->@Inject::handleLockedVillager(Lnet/minecraft/nbt/NBTTagCompound;Lorg/spongepowered/asm/mixin/injection/callback/CallbackInfo;)V has 0 override(s) in child classes
[00:13:39] [main/DEBUG] [mixin/]: mixins.archaicfix.early.json:common.core.MixinEntityVillager from mod archaicfix->@Inject::handleLockedVillager(Lnet/minecraft/nbt/NBTTagCompound;Lorg/spongepowered/asm/mixin/injection/callback/CallbackInfo;)V won't be passed a CallbackInfo as a result
[00:13:39] [main/DEBUG] [mixin/]: mixins.archaicfix.early.json:common.core.MixinEntityVillager from mod archaicfix->@Inject::persistResetTime(Lnet/minecraft/nbt/NBTTagCompound;Lorg/spongepowered/asm/mixin/injection/callback/CallbackInfo;)V doesn't use it's CallbackInfo
[00:13:39] [main/DEBUG] [mixin/]: mixins.archaicfix.early.json:common.core.MixinEntityVillager from mod archaicfix->@Inject::persistResetTime(Lnet/minecraft/nbt/NBTTagCompound;Lorg/spongepowered/asm/mixin/injection/callback/CallbackInfo;)V has 0 override(s) in child classes
[00:13:39] [main/DEBUG] [mixin/]: mixins.archaicfix.early.json:common.core.MixinEntityVillager from mod archaicfix->@Inject::persistResetTime(Lnet/minecraft/nbt/NBTTagCompound;Lorg/spongepowered/asm/mixin/injection/callback/CallbackInfo;)V won't be passed a CallbackInfo as a result
[00:13:39] [main/DEBUG] [mixin/]: Mixing common.core.MixinShapedRecipes from mixins.archaicfix.early.json into net.minecraft.item.crafting.ShapedRecipes
[00:13:39] [main/TRACE] [mixin/]: Added class metadata for org/embeddedt/archaicfix/ducks/IAcceleratedRecipe to metadata cache
[00:13:39] [main/TRACE] [mixin/]: Added class metadata for net/minecraft/item/crafting/IRecipe to metadata cache
[00:13:39] [main/DEBUG] [mixin/]: mixins.archaicfix.early.json:common.core.MixinShapedRecipes from mod archaicfix->@Inject::collectItems(II[Lnet/minecraft/item/ItemStack;Lnet/minecraft/item/ItemStack;Lorg/spongepowered/asm/mixin/injection/callback/CallbackInfo;)V doesn't use it's CallbackInfo
[00:13:39] [main/DEBUG] [mixin/]: mixins.archaicfix.early.json:common.core.MixinShapedRecipes from mod archaicfix->@Inject::collectItems(II[Lnet/minecraft/item/ItemStack;Lnet/minecraft/item/ItemStack;Lorg/spongepowered/asm/mixin/injection/callback/CallbackInfo;)V has 0 override(s) in child classes
[00:13:39] [main/DEBUG] [mixin/]: mixins.archaicfix.early.json:common.core.MixinShapedRecipes from mod archaicfix->@Inject::collectItems(II[Lnet/minecraft/item/ItemStack;Lnet/minecraft/item/ItemStack;Lorg/spongepowered/asm/mixin/injection/callback/CallbackInfo;)V won't be passed a CallbackInfo as a result
[00:13:39] [main/DEBUG] [mixin/]: Mixing common.core.MixinShapelessRecipes from mixins.archaicfix.early.json into net.minecraft.item.crafting.ShapelessRecipes
[00:13:39] [main/DEBUG] [mixin/]: mixins.archaicfix.early.json:common.core.MixinShapelessRecipes from mod archaicfix->@Inject::buildItemCache(Lnet/minecraft/item/ItemStack;Ljava/util/List;Lorg/spongepowered/asm/mixin/injection/callback/CallbackInfo;)V doesn't use it's CallbackInfo
[00:13:39] [main/DEBUG] [mixin/]: mixins.archaicfix.early.json:common.core.MixinShapelessRecipes from mod archaicfix->@Inject::buildItemCache(Lnet/minecraft/item/ItemStack;Ljava/util/List;Lorg/spongepowered/asm/mixin/injection/callback/CallbackInfo;)V has 0 override(s) in child classes
[00:13:39] [main/DEBUG] [mixin/]: mixins.archaicfix.early.json:common.core.MixinShapelessRecipes from mod archaicfix->@Inject::buildItemCache(Lnet/minecraft/item/ItemStack;Ljava/util/List;Lorg/spongepowered/asm/mixin/injection/callback/CallbackInfo;)V won't be passed a CallbackInfo as a result
[00:13:39] [main/INFO] [foamfix/]: [Log4JExploitFix] Applying Log4j exploit mitigation to net/minecraft/server/dedicated/DedicatedServer/getLogger!
[00:13:39] [main/INFO] [foamfix/]: [Log4JExploitFix] Applying Log4j exploit mitigation to net/minecraft/server/dedicated/DedicatedPlayerList/getLogger!
[00:13:39] [main/INFO] [foamfix/]: [Log4JExploitFix] Applying Log4j exploit mitigation to net/minecraft/profiler/Profiler/getLogger!
[00:13:39] [main/INFO] [foamfix/]: [Log4JExploitFix] Applying Log4j exploit mitigation to net/minecraft/command/CommandHandler/getLogger!
[00:13:39] [main/DEBUG] [mixin/]: Mixing MixinCommandHandler from mixins.gtnhlib.early.json into net.minecraft.command.CommandHandler
[00:13:39] [main/TRACE] [mixin/]: Added class metadata for com/gtnewhorizon/gtnhlib/brigadier/BrigadierApi to metadata cache
[00:13:39] [main/TRACE] [mixin/]: Added class metadata for net/minecraft/command/ICommandManager to metadata cache
[00:13:39] [main/DEBUG] [mixin/]: mixins.gtnhlib.early.json:MixinCommandHandler from mod gtnhlib->@Inject::gtnhlib$fallbackToBrigadier(Lnet/minecraft/command/ICommandSender;Ljava/lang/String;Lorg/spongepowered/asm/mixin/injection/callback/CallbackInfoReturnable;)V does use it's CallbackInfoReturnable
[00:13:39] [main/DEBUG] [mixin/]: mixins.gtnhlib.early.json:MixinCommandHandler from mod gtnhlib->@Inject::gtnhlib$gatherBrigadierSuggestion(Lnet/minecraft/command/ICommandSender;Ljava/lang/String;Lorg/spongepowered/asm/mixin/injection/callback/CallbackInfoReturnable;)V does use it's CallbackInfoReturnable
[00:13:39] [main/DEBUG] [mixin/]: mixins.gtnhlib.early.json:MixinCommandHandler from mod gtnhlib->@Inject::gtnhlib$gatherBrigadierSuggestion(Lnet/minecraft/command/ICommandSender;Ljava/lang/String;Lorg/spongepowered/asm/mixin/injection/callback/CallbackInfoReturnable;)V does use it's CallbackInfoReturnable
[00:13:39] [main/DEBUG] [mixin/]: mixins.gtnhlib.early.json:MixinCommandHandler from mod gtnhlib->@Inject::gtnhlib$gatherBrigadierSuggestion(Lnet/minecraft/command/ICommandSender;Ljava/lang/String;Lorg/spongepowered/asm/mixin/injection/callback/CallbackInfoReturnable;)V does use it's CallbackInfoReturnable
[00:13:39] [main/DEBUG] [mixin/]: mixins.gtnhlib.early.json:MixinCommandHandler from mod gtnhlib->@Inject::gtnhlib$gatherBrigadierCommands(Lnet/minecraft/command/ICommandSender;Lorg/spongepowered/asm/mixin/injection/callback/CallbackInfoReturnable;)V does use it's CallbackInfoReturnable
[00:13:39] [main/TRACE] [mixin/]: Added class metadata for net/minecraftforge/event/CommandEvent to metadata cache
[00:13:39] [main/TRACE] [mixin/]: Added class metadata for net/minecraft/util/ChatComponentTranslation to metadata cache
[00:13:39] [main/TRACE] [mixin/]: Added class metadata for net/minecraft/util/ChatComponentStyle to metadata cache
[00:13:39] [main/TRACE] [mixin/]: Added class metadata for net/minecraft/command/WrongUsageException to metadata cache
[00:13:39] [main/TRACE] [mixin/]: Added class metadata for net/minecraft/command/CommandException to metadata cache
[00:13:39] [main/DEBUG] [mixin/]: Mixing MixinCommandHelp from mixins.gtnhlib.early.json into net.minecraft.command.CommandHelp
[00:13:39] [main/TRACE] [mixin/]: Added class metadata for net/minecraft/command/CommandBase to metadata cache
[00:13:39] [main/TRACE] [mixin/]: Added class metadata for com/mojang/brigadier/CommandDispatcher to metadata cache
[00:13:39] [main/TRACE] [mixin/]: Added class metadata for com/mojang/brigadier/tree/RootCommandNode to metadata cache
[00:13:39] [main/TRACE] [mixin/]: Added class metadata for com/mojang/brigadier/tree/CommandNode to metadata cache
[00:13:39] [main/TRACE] [mixin/]: Added class metadata for net/minecraft/command/SyntaxErrorException to metadata cache
[00:13:39] [main/TRACE] [mixin/]: Added class metadata for net/minecraft/command/ICommand to metadata cache
[00:13:39] [main/TRACE] [mixin/]: Added class metadata for java/lang/Comparable to metadata cache
[00:13:39] [main/DEBUG] [mixin/]: mixins.gtnhlib.early.json:MixinCommandHelp from mod gtnhlib->@Inject::gtnhlib$fallbackToBrigadier(Lnet/minecraft/command/ICommandSender;[Ljava/lang/String;Lorg/spongepowered/asm/mixin/injection/callback/CallbackInfo;)V doesn't use it's CallbackInfo
[00:13:39] [main/DEBUG] [mixin/]: mixins.gtnhlib.early.json:MixinCommandHelp from mod gtnhlib->@Inject::gtnhlib$fallbackToBrigadier(Lnet/minecraft/command/ICommandSender;[Ljava/lang/String;Lorg/spongepowered/asm/mixin/injection/callback/CallbackInfo;)V has 0 override(s) in child classes
[00:13:39] [main/DEBUG] [mixin/]: mixins.gtnhlib.early.json:MixinCommandHelp from mod gtnhlib->@Inject::gtnhlib$fallbackToBrigadier(Lnet/minecraft/command/ICommandSender;[Ljava/lang/String;Lorg/spongepowered/asm/mixin/injection/callback/CallbackInfo;)V won't be passed a CallbackInfo as a result
[00:13:39] [main/INFO] [foamfix/]: [Log4JExploitFix] Applying Log4j exploit mitigation to net/minecraft/command/CommandDebug/getLogger!
[00:13:40] [main/INFO] [foamfix/]: [Log4JExploitFix] Applying Log4j exploit mitigation to net/minecraft/world/chunk/storage/AnvilSaveConverter/getLogger!
[00:13:40] [main/INFO] [foamfix/]: [Log4JExploitFix] Applying Log4j exploit mitigation to net/minecraft/world/storage/SaveFormatOld/getLogger!
[00:13:40] [main/DEBUG] [mixin/]: Mixing common.core.MixinWorldChunkManager from mixins.archaicfix.early.json into net.minecraft.world.biome.WorldChunkManager
[00:13:40] [main/TRACE] [mixin/]: Added class metadata for org/embeddedt/archaicfix/ArchaicLogger to metadata cache
[00:13:40] [main/DEBUG] [mixin/]: mixins.archaicfix.early.json:common.core.MixinWorldChunkManager from mod archaicfix->@Inject::noCacheOnClient(Lnet/minecraft/world/World;Lorg/spongepowered/asm/mixin/injection/callback/CallbackInfo;)V doesn't use it's CallbackInfo
[00:13:40] [main/DEBUG] [mixin/]: mixins.archaicfix.early.json:common.core.MixinWorldChunkManager from mod archaicfix->@Inject::noCacheOnClient(Lnet/minecraft/world/World;Lorg/spongepowered/asm/mixin/injection/callback/CallbackInfo;)V has 0 override(s) in child classes
[00:13:40] [main/DEBUG] [mixin/]: mixins.archaicfix.early.json:common.core.MixinWorldChunkManager from mod archaicfix->@Inject::noCacheOnClient(Lnet/minecraft/world/World;Lorg/spongepowered/asm/mixin/injection/callback/CallbackInfo;)V won't be passed a CallbackInfo as a result
[00:13:40] [main/DEBUG] [mixin/]: mixins.archaicfix.early.json:common.core.MixinWorldChunkManager from mod archaicfix->@Inject::safelyGetClientBiome(IILorg/spongepowered/asm/mixin/injection/callback/CallbackInfoReturnable;)V does use it's CallbackInfoReturnable
[00:13:40] [Server thread/INFO] [foamfix/]: [Log4JExploitFix] Applying Log4j exploit mitigation to com/gtnewhorizon/gtnhlib/util/ServerThreadUtil/getLogger!
[00:13:40] [Server thread/INFO] [unimixins/]: Transforming FMLCommonHandler to add hook for enhancing crash reports
[00:13:40] [Server thread/DEBUG] [mixin/]: Mixing fml.EventBusAccessor from mixins.gtnhlib.early.json into cpw.mods.fml.common.eventhandler.EventBus
[00:13:40] [Server thread/TRACE] [mixin/]: Added class metadata for cpw/mods/fml/common/MinecraftDummyContainer to metadata cache
[00:13:40] [Server thread/TRACE] [mixin/]: Added class metadata for cpw/mods/fml/common/DummyModContainer to metadata cache
[00:13:40] [Server thread/TRACE] [mixin/]: Added class metadata for java/lang/reflect/Constructor to metadata cache
[00:13:40] [Server thread/INFO] [MinecraftForge/]: Attempting early MinecraftForge initialization
[00:13:40] [Server thread/INFO] [FML/]: MinecraftForge v10.13.4.1614 Initialized
[00:13:40] [Server thread/DEBUG] [mixin/]: Mixing common.core.MixinOreDictionary from mixins.archaicfix.early.json into net.minecraftforge.oredict.OreDictionary
[00:13:40] [Server thread/DEBUG] [mixin/]: Mixing common.core.MixinShapedOreRecipe from mixins.archaicfix.early.json into net.minecraftforge.oredict.ShapedOreRecipe
[00:13:40] [Server thread/TRACE] [mixin/]: Added class metadata for java/lang/StringBuilder to metadata cache
[00:13:40] [Server thread/TRACE] [mixin/]: Added class metadata for java/lang/AbstractStringBuilder to metadata cache
[00:13:40] [Server thread/TRACE] [mixin/]: Added class metadata for java/lang/Appendable to metadata cache
[00:13:40] [Server thread/TRACE] [mixin/]: Added class metadata for java/lang/CharSequence to metadata cache
[00:13:40] [Server thread/TRACE] [mixin/]: Added class metadata for org/embeddedt/archaicfix/FixHelper to metadata cache
[00:13:40] [Server thread/DEBUG] [mixin/]: Mixing common.core.MixinShapelessOreRecipe from mixins.archaicfix.early.json into net.minecraftforge.oredict.ShapelessOreRecipe
[00:13:40] [Server thread/INFO] [FML/]: Replaced 183 ore recipies
[00:13:40] [Server thread/DEBUG] [FastCraft/]: 11 / 21 applied
[00:13:40] [Server thread/TRACE] [FastCraft/]: 2fef7b47 6a792565 c8279ba2 c1b32f3c 7952d9ec 84274be4 ce4e7906 6518b690 e5fd58fe deca7f5d
[00:13:40] [Server thread/DEBUG] [mixin/]: Mixing common.core.MixinLongHashMap from mixins.archaicfix.early.json into net.minecraft.util.LongHashMap
[00:13:40] [Server thread/INFO] [foamfix/]: [Log4JExploitFix] Applying Log4j exploit mitigation to net/minecraft/world/chunk/Chunk/getLogger!
[00:13:40] [Server thread/DEBUG] [FastCraft/]: 12 / 21 applied
[00:13:40] [Server thread/TRACE] [FastCraft/]: 2fef7b47 6a792565 c8279ba2 c1b32f3c 84274be4 ce4e7906 6518b690 e5fd58fe deca7f5d
[00:13:40] [Server thread/DEBUG] [mixin/]: Mixing common.lighting.MixinChunk from mixins.archaicfix.early.json into net.minecraft.world.chunk.Chunk
[00:13:40] [Server thread/TRACE] [mixin/]: Added class metadata for org/embeddedt/archaicfix/lighting/api/IChunkLightingData to metadata cache
[00:13:40] [Server thread/TRACE] [mixin/]: Added class metadata for org/embeddedt/archaicfix/lighting/api/IChunkLighting to metadata cache
[00:13:40] [Server thread/TRACE] [mixin/]: Added class metadata for org/embeddedt/archaicfix/lighting/world/lighting/LightingHooks to metadata cache
[00:13:40] [Server thread/TRACE] [mixin/]: Added class metadata for org/embeddedt/archaicfix/lighting/world/WorldChunkSlice to metadata cache
[00:13:40] [Server thread/TRACE] [mixin/]: Added class metadata for net/minecraft/util/EnumFacing to metadata cache
[00:13:40] [Server thread/TRACE] [mixin/]: Added class metadata for net/minecraft/world/ChunkCoordIntPair to metadata cache
[00:13:40] [Server thread/TRACE] [mixin/]: Added class metadata for java/lang/IllegalStateException to metadata cache
[00:13:40] [Server thread/DEBUG] [mixin/]: Mixing common.lighting.MixinChunkVanilla from mixins.archaicfix.early.json into net.minecraft.world.chunk.Chunk
[00:13:40] [Server thread/DEBUG] [mixin/]: Mixing common.lighting.fastcraft.MixinChunk from mixins.archaicfix.early.json into net.minecraft.world.chunk.Chunk
[00:13:40] [Server thread/DEBUG] [mixin/]: Mixing common.core.MixinChunk from mixins.archaicfix.early.json into net.minecraft.world.chunk.Chunk
[00:13:40] [Server thread/TRACE] [mixin/]: Added class metadata for org/embeddedt/archaicfix/ducks/ICascadeDetectionChunk to metadata cache
[00:13:40] [Server thread/DEBUG] [mixin/]: mixins.archaicfix.early.json:common.lighting.MixinChunk from mod archaicfix->@Inject::onGetLightSubtracted(IIIILorg/spongepowered/asm/mixin/injection/callback/CallbackInfoReturnable;)V doesn't use it's CallbackInfoReturnable
[00:13:40] [Server thread/DEBUG] [mixin/]: mixins.archaicfix.early.json:common.lighting.MixinChunk from mod archaicfix->@Inject::onGetLightSubtracted(IIIILorg/spongepowered/asm/mixin/injection/callback/CallbackInfoReturnable;)V has 0 override(s) in child classes
[00:13:40] [Server thread/DEBUG] [mixin/]: mixins.archaicfix.early.json:common.lighting.MixinChunk from mod archaicfix->@Inject::onGetLightSubtracted(IIIILorg/spongepowered/asm/mixin/injection/callback/CallbackInfoReturnable;)V won't be passed a CallbackInfoReturnable as a result
[00:13:40] [Server thread/DEBUG] [mixin/]: mixins.archaicfix.early.json:common.lighting.MixinChunk from mod archaicfix->@Inject::onLoad(Lorg/spongepowered/asm/mixin/injection/callback/CallbackInfo;)V doesn't use it's CallbackInfo
[00:13:40] [Server thread/DEBUG] [mixin/]: mixins.archaicfix.early.json:common.lighting.MixinChunk from mod archaicfix->@Inject::onLoad(Lorg/spongepowered/asm/mixin/injection/callback/CallbackInfo;)V has 0 override(s) in child classes
[00:13:40] [Server thread/DEBUG] [mixin/]: mixins.archaicfix.early.json:common.lighting.MixinChunk from mod archaicfix->@Inject::onLoad(Lorg/spongepowered/asm/mixin/injection/callback/CallbackInfo;)V won't be passed a CallbackInfo as a result
[00:13:40] [Server thread/DEBUG] [mixin/]: mixins.archaicfix.early.json:common.core.MixinChunk from mod archaicfix->@Inject::handlePlayerChunkUnload(Lorg/spongepowered/asm/mixin/injection/callback/CallbackInfo;)V doesn't use it's CallbackInfo
[00:13:40] [Server thread/DEBUG] [mixin/]: mixins.archaicfix.early.json:common.core.MixinChunk from mod archaicfix->@Inject::handlePlayerChunkUnload(Lorg/spongepowered/asm/mixin/injection/callback/CallbackInfo;)V has 0 override(s) in child classes
[00:13:40] [Server thread/DEBUG] [mixin/]: mixins.archaicfix.early.json:common.core.MixinChunk from mod archaicfix->@Inject::handlePlayerChunkUnload(Lorg/spongepowered/asm/mixin/injection/callback/CallbackInfo;)V won't be passed a CallbackInfo as a result
[00:13:40] [Server thread/DEBUG] [mixin/]: mixins.archaicfix.early.json:common.core.MixinChunk from mod archaicfix->@Inject::avoidBiomeGenOnClient(IILnet/minecraft/world/biome/WorldChunkManager;Lorg/spongepowered/asm/mixin/injection/callback/CallbackInfoReturnable;)V does use it's CallbackInfoReturnable
[00:13:40] [Server thread/DEBUG] [mixin/]: Mixing common.lighting.MixinExtendedBlockStorage from mixins.archaicfix.early.json into net.minecraft.world.chunk.storage.ExtendedBlockStorage
[00:13:40] [Server thread/TRACE] [mixin/]: Added class metadata for net/minecraft/world/chunk/NibbleArray to metadata cache
[00:13:40] [Server thread/DEBUG] [mixin/]: Mixing common.core.MixinAxisAlignedBB from mixins.archaicfix.early.json into net.minecraft.util.AxisAlignedBB
[00:13:40] [Server thread/INFO] [foamfix/]: [Log4JExploitFix] Applying Log4j exploit mitigation to net/minecraft/world/biome/BiomeGenBase/getLogger!
[00:13:40] [Server thread/DEBUG] [FastCraft/]: 13 / 21 applied
[00:13:40] [Server thread/TRACE] [FastCraft/]: 2fef7b47 6a792565 c8279ba2 c1b32f3c 84274be4 ce4e7906 6518b690 e5fd58fe
[00:13:40] [Server thread/INFO] [foamfix/]: [Log4JExploitFix] Applying Log4j exploit mitigation to net/minecraftforge/common/UsernameCache/getLogger!
[00:13:40] [Server thread/INFO] [MinecraftForge/]: Completed early MinecraftForge initialization
[00:13:40] [Server thread/DEBUG] [FML/]: File /home/pit/Programas/Servers/PitCraft/instances/orespawn/config/injectedDependencies.json not found. No dependencies injected
[00:13:40] [Server thread/INFO] [foamfix/]: [Log4JExploitFix] Applying Log4j exploit mitigation to cpw/mods/fml/common/event/FMLPreInitializationEvent/getLogger!
[00:13:40] [Server thread/DEBUG] [FML/]: Building injected Mod Containers [cpw.mods.fml.common.FMLContainer, net.minecraftforge.common.ForgeModContainer, codechicken.core.asm.CodeChickenCoreModContainer, codechicken.nei.NEIModContainer, com.gtnewhorizon.gtnhlib.core.GTNHLibCoreModContainer, pl.asie.foamfix.coremod.FoamFixCoreContainer, fastcraft.f]
[00:13:40] [Server thread/DEBUG] [FML/]: Attempting to load mods contained in the minecraft jar file and associated classes
[00:13:40] [Server thread/DEBUG] [FML/]: Found a minecraft related file at /home/pit/Programas/Servers/PitCraft/instances/orespawn/forge-1.7.10-10.13.4.1614-1.7.10-universal.jar, examining for mod candidates
[00:13:40] [Server thread/DEBUG] [mixin/]: Mixing common.core.MixinModCandidate from mixins.archaicfix.early.json into cpw.mods.fml.common.discovery.ModCandidate
[00:13:40] [Server thread/TRACE] [mixin/]: Added class metadata for org/embeddedt/archaicfix/asm/EarlyStringPool to metadata cache
[00:13:40] [Server thread/INFO] [foamfix/]: [JarDiscovererMemoryLeakFix] Found target method
[00:13:40] [Server thread/INFO] [foamfix/]: [JarDiscovererMemoryLeakFix] Applied transform!
[00:13:40] [Server thread/DEBUG] [mixin/]: Mixing fml.MixinJarDiscoverer from mixins.gtnhlib.early.json into cpw.mods.fml.common.discovery.JarDiscoverer
[00:13:40] [Server thread/TRACE] [mixin/]: Added class metadata for java/util/zip/ZipEntry to metadata cache
[00:13:40] [Server thread/TRACE] [mixin/]: Added class metadata for cpw/mods/fml/common/discovery/ITypeDiscoverer to metadata cache
[00:13:40] [Server thread/TRACE] [FML/]: Skipping known library file /home/pit/Programas/Servers/PitCraft/instances/orespawn/mods/+unimixins-all-1.7.10-0.2.1.jar
[00:13:40] [Server thread/TRACE] [FML/]: Skipping known library file /home/pit/Programas/Servers/PitCraft/instances/orespawn/mods/archaicfix-0.7.9.jar
[00:13:40] [Server thread/TRACE] [FML/]: Skipping known library file /home/pit/Programas/Servers/PitCraft/instances/orespawn/mods/BetterFps-1.0.1.jar
[00:13:40] [Server thread/TRACE] [FML/]: Skipping known library file /home/pit/Programas/Servers/PitCraft/instances/orespawn/mods/CarbonConfig-1.7.10-1.2.4.jar
[00:13:40] [Server thread/TRACE] [FML/]: Skipping known library file /home/pit/Programas/Servers/PitCraft/instances/orespawn/mods/Chunk-Pregenerator-1.7.10-4.4.9.1.jar
[00:13:40] [Server thread/TRACE] [FML/]: Skipping known library file /home/pit/Programas/Servers/PitCraft/instances/orespawn/mods/CodeChickenCore-1.4.12.jar
[00:13:40] [Server thread/TRACE] [FML/]: Skipping known library file /home/pit/Programas/Servers/PitCraft/instances/orespawn/mods/fastcraft-1.25.jar
[00:13:40] [Server thread/TRACE] [FML/]: Skipping known library file /home/pit/Programas/Servers/PitCraft/instances/orespawn/mods/FoamFix-1.7.10-universal-1.0.4.jar
[00:13:40] [Server thread/TRACE] [FML/]: Skipping known library file /home/pit/Programas/Servers/PitCraft/instances/orespawn/mods/gtnhlib-0.9.45.jar
[00:13:40] [Server thread/TRACE] [FML/]: Skipping known library file /home/pit/Programas/Servers/PitCraft/instances/orespawn/mods/NotEnoughItems-2.8.81-GTNH.jar
[00:13:40] [Server thread/DEBUG] [FML/]: Minecraft jar mods loaded successfully
[00:13:40] [Server thread/INFO] [FML/]: Found 0 mods from the command line. Injecting into mod discoverer
[00:13:40] [Server thread/INFO] [FML/]: Searching /home/pit/Programas/Servers/PitCraft/instances/orespawn/mods for mods
[00:13:40] [Server thread/DEBUG] [FML/]: Found a candidate zip or jar file +unimixins-all-1.7.10-0.2.1.jar
[00:13:40] [Server thread/DEBUG] [FML/]: Found a candidate zip or jar file AIImprovements-1.7.10-0.0.1b8.jar
[00:13:40] [Server thread/DEBUG] [FML/]: Found a candidate zip or jar file archaicfix-0.7.9.jar
[00:13:40] [Server thread/TRACE] [FML/]: Skipping already parsed coremod or tweaker BetterFps-1.0.1.jar
[00:13:40] [Server thread/DEBUG] [FML/]: Found a candidate zip or jar file CarbonConfig-1.7.10-1.2.4.jar
[00:13:40] [Server thread/DEBUG] [FML/]: Found a candidate zip or jar file Chunk-Pregenerator-1.7.10-4.4.9.1.jar
[00:13:40] [Server thread/DEBUG] [FML/]: Found a candidate zip or jar file ChunkPurge-1.7.10-2.1.jar
[00:13:40] [Server thread/TRACE] [FML/]: Skipping already parsed coremod or tweaker CodeChickenCore-1.4.12.jar
[00:13:40] [Server thread/DEBUG] [FML/]: Found a candidate zip or jar file denseores-1.6.2.jar
[00:13:40] [Server thread/TRACE] [FML/]: Skipping already parsed coremod or tweaker fastcraft-1.25.jar
[00:13:40] [Server thread/DEBUG] [FML/]: Found a candidate zip or jar file FoamFix-1.7.10-universal-1.0.4.jar
[00:13:40] [Server thread/DEBUG] [FML/]: Found a candidate zip or jar file GlibysVC-1.7.10-0.6.2a.jar
[00:13:40] [Server thread/DEBUG] [FML/]: Found a candidate zip or jar file gtnhlib-0.9.45.jar
[00:13:40] [Server thread/DEBUG] [FML/]: Found a candidate zip or jar file Hats-4.0.1.jar
[00:13:40] [Server thread/DEBUG] [FML/]: Found a candidate zip or jar file iChunUtil-4.2.3.jar
[00:13:40] [Server thread/DEBUG] [FML/]: Found a candidate zip or jar file inventorypets-1.7.10-1.5.2.jar
[00:13:40] [Server thread/DEBUG] [FML/]: Found a candidate zip or jar file IronBackpacks-1.7.10-1.2.20.jar
[00:13:40] [Server thread/DEBUG] [FML/]: Found a candidate zip or jar file IronChest-6.1.11.jar
[00:13:40] [Server thread/DEBUG] [FML/]: Found a candidate zip or jar file lucky-block-forge-1.7.10-1.0.jar
[00:13:40] [Server thread/DEBUG] [FML/]: Found a candidate zip or jar file MoreFurnaces-1.3.9-MC1.7.10.jar
[00:13:40] [Server thread/TRACE] [FML/]: Skipping already parsed coremod or tweaker NotEnoughItems-2.8.81-GTNH.jar
[00:13:40] [Server thread/DEBUG] [FML/]: Found a candidate zip or jar file orespawn-1.7.10-20.3.jar
[00:13:40] [Server thread/DEBUG] [FML/]: Found a candidate zip or jar file PortalGun-4.0.0-beta-6-fix-1.jar
[00:13:40] [Server thread/DEBUG] [FML/]: Examining file forge-1.7.10-10.13.4.1614-1.7.10-universal.jar for potential mods
[00:13:40] [Server thread/DEBUG] [FML/]: The mod container forge-1.7.10-10.13.4.1614-1.7.10-universal.jar appears to be missing an mcmod.info file
[00:13:40] [Server thread/DEBUG] [mixin/]: Mixing fml.EnumHolderAccessor from mixins.gtnhlib.early.json into cpw.mods.fml.common.discovery.asm.ModAnnotation$EnumHolder
[00:13:40] [Server thread/DEBUG] [mixin/]: Mixing common.core.MixinASMData from mixins.archaicfix.early.json into cpw.mods.fml.common.discovery.ASMDataTable$ASMData
[00:13:40] [Server thread/DEBUG] [FML/]: Examining file +unimixins-all-1.7.10-0.2.1.jar for potential mods
[00:13:40] [Server thread/TRACE] [FML/]: Located mcmod.info file in file +unimixins-all-1.7.10-0.2.1.jar
[00:13:40] [Server thread/DEBUG] [FML/]: Identified a mod of type Lcpw/mods/fml/common/Mod; (io.github.legacymoddingmc.unimixins.all.AllModule) - loading
[00:13:40] [Server thread/TRACE] [unimixins/]: Parsed dependency info : [] [] []
[00:13:40] [Server thread/DEBUG] [FML/]: Identified a mod of type Lcpw/mods/fml/common/Mod; (io.github.legacymoddingmc.unimixins.mixin.MixinModule) - loading
[00:13:40] [Server thread/TRACE] [unimixins-mixin/]: Parsed dependency info : [] [] []
[00:13:40] [Server thread/DEBUG] [FML/]: Identified a mod of type Lcpw/mods/fml/common/Mod; (io.github.legacymoddingmc.unimixins.compat.CompatModule) - loading
[00:13:40] [Server thread/TRACE] [unimixins-compat/]: Parsed dependency info : [] [] []
[00:13:40] [Server thread/DEBUG] [FML/]: Identified a mod of type Lcpw/mods/fml/common/Mod; (makamys.mixingasm.forge.MixingasmMod) - loading
[00:13:40] [Server thread/TRACE] [mixingasm/]: Parsed dependency info : [] [] []
[00:13:40] [Server thread/DEBUG] [FML/]: Identified a mod of type Lcpw/mods/fml/common/Mod; (ru.timeconqueror.spongemixins.SpongeMixins) - loading
[00:13:40] [Server thread/TRACE] [spongemixins/]: Parsed dependency info : [] [] []
[00:13:40] [Server thread/DEBUG] [FML/]: Identified a mod of type Lcpw/mods/fml/common/Mod; (io.github.tox1cozz.mixinbooterlegacy.MixinBooterLegacyPlugin$Container) - loading
[00:13:40] [Server thread/TRACE] [mixinbooterlegacy/]: Parsed dependency info : [] [] []
[00:13:40] [Server thread/DEBUG] [FML/]: Identified a mod of type Lcpw/mods/fml/common/Mod; (com.gtnewhorizon.gtnhmixins.GTNHMixins) - loading
[00:13:40] [Server thread/TRACE] [gtnhmixins/]: Parsed dependency info : [] [] []
[00:13:40] [Server thread/DEBUG] [FML/]: Identified a mod of type Lcpw/mods/fml/common/Mod; (io.github.legacymoddingmc.unimixins.mixinextras.MixinExtrasModule) - loading
[00:13:40] [Server thread/TRACE] [mixinextras/]: Parsed dependency info : [] [] []
[00:13:40] [Server thread/DEBUG] [FML/]: Examining file AIImprovements-1.7.10-0.0.1b8.jar for potential mods
[00:13:40] [Server thread/TRACE] [FML/]: Located mcmod.info file in file AIImprovements-1.7.10-0.0.1b8.jar
[00:13:40] [Server thread/DEBUG] [FML/]: Identified a mod of type Lcpw/mods/fml/common/Mod; (com.builtbroken.ai.improvements.AIImprovements) - loading
[00:13:40] [Server thread/TRACE] [aiimprovements/]: Parsed dependency info : [] [] []
[00:13:40] [Server thread/DEBUG] [FML/]: Examining file archaicfix-0.7.9.jar for potential mods
[00:13:40] [Server thread/TRACE] [FML/]: Located mcmod.info file in file archaicfix-0.7.9.jar
[00:13:40] [Server thread/DEBUG] [FML/]: Identified a mod of type Lcpw/mods/fml/common/Mod; (org.embeddedt.archaicfix.ArchaicFix) - loading
[00:13:40] [Server thread/TRACE] [archaicfix/]: Parsed dependency info : [unimixins@[0.1.16,), gtnhmixins@[2.0.0,)] [gtnhmixins@[2.0.0,), unimixins@[0.1.16,), chunkapi] []
[00:13:40] [Server thread/DEBUG] [FML/]: Examining file CarbonConfig-1.7.10-1.2.4.jar for potential mods
[00:13:40] [Server thread/TRACE] [FML/]: Located mcmod.info file in file CarbonConfig-1.7.10-1.2.4.jar
[00:13:40] [Server thread/DEBUG] [FML/]: Identified a mod of type Lcpw/mods/fml/common/Mod; (carbonconfiglib.CarbonConfig) - loading
[00:13:40] [Server thread/TRACE] [carbonconfig/]: Parsed dependency info : [] [] []
[00:13:41] [Server thread/DEBUG] [FML/]: Examining file Chunk-Pregenerator-1.7.10-4.4.9.1.jar for potential mods
[00:13:41] [Server thread/TRACE] [FML/]: Located mcmod.info file in file Chunk-Pregenerator-1.7.10-4.4.9.1.jar
[00:13:41] [Server thread/DEBUG] [FML/]: Identified a mod of type Lcpw/mods/fml/common/Mod; (pregenerator.ChunkPregenerator) - loading
[00:13:41] [Server thread/TRACE] [chunkpregenerator/]: Parsed dependency info : [carbonconfig] [carbonconfig] []
[00:13:41] [Server thread/DEBUG] [FML/]: Examining file ChunkPurge-1.7.10-2.1.jar for potential mods
[00:13:41] [Server thread/TRACE] [FML/]: Located mcmod.info file in file ChunkPurge-1.7.10-2.1.jar
[00:13:41] [Server thread/DEBUG] [FML/]: Identified a mod of type Lcpw/mods/fml/common/Mod; (com.the_beast_unleashed.chunkpurge.ModChunkPurge) - loading
[00:13:41] [Server thread/TRACE] [ChunkPurge/]: Parsed dependency info : [] [] []
[00:13:41] [Server thread/DEBUG] [FML/]: Examining file denseores-1.6.2.jar for potential mods
[00:13:41] [Server thread/TRACE] [FML/]: Located mcmod.info file in file denseores-1.6.2.jar
[00:13:41] [Server thread/DEBUG] [FML/]: Identified a mod of type Lcpw/mods/fml/common/Mod; (com.rwtema.debug.DebugMod) - loading
[00:13:41] [Server thread/TRACE] [debug/]: Parsed dependency info : [] [] [*]
[00:13:41] [Server thread/INFO] [debug/]: Mod debug is missing the required element 'name'. Substituting debug
[00:13:41] [Server thread/DEBUG] [debug/]: Attempting to load the file version.properties from denseores-1.6.2.jar to locate a version number for debug
[00:13:41] [Server thread/WARN] [debug/]: Mod debug is missing the required element 'version' and no fallback can be found. Substituting '1.0'.
[00:13:41] [Server thread/DEBUG] [FML/]: Identified a mod of type Lcpw/mods/fml/common/Mod; (com.rwtema.denseores.DenseOresMod) - loading
[00:13:41] [Server thread/TRACE] [denseores/]: Parsed dependency info : [] [*] []
[00:13:41] [Server thread/DEBUG] [FML/]: Examining file FoamFix-1.7.10-universal-1.0.4.jar for potential mods
[00:13:41] [Server thread/TRACE] [FML/]: Located mcmod.info file in file FoamFix-1.7.10-universal-1.0.4.jar
[00:13:41] [Server thread/DEBUG] [FML/]: Identified a mod of type Lcpw/mods/fml/common/Mod; (pl.asie.foamfix.FoamFixMod) - loading
[00:13:41] [Server thread/TRACE] [foamfix/]: Using mcmod dependency info : [] [] []
[00:13:41] [Server thread/DEBUG] [FML/]: Examining file GlibysVC-1.7.10-0.6.2a.jar for potential mods
[00:13:41] [Server thread/TRACE] [FML/]: Located mcmod.info file in file GlibysVC-1.7.10-0.6.2a.jar
[00:13:41] [Server thread/DEBUG] [FML/]: Identified a mod of type Lcpw/mods/fml/common/Mod; (net.gliby.voicechat.VoiceChat) - loading
[00:13:41] [Server thread/TRACE] [gvc/]: Parsed dependency info : [] [] []
[00:13:41] [Server thread/DEBUG] [FML/]: Examining file gtnhlib-0.9.45.jar for potential mods
[00:13:41] [Server thread/TRACE] [FML/]: Located mcmod.info file in file gtnhlib-0.9.45.jar
[00:13:41] [Server thread/DEBUG] [FML/]: Identified a mod of type Lcpw/mods/fml/common/Mod; (com.gtnewhorizon.gtnhlib.GTNHLib) - loading
[00:13:41] [Server thread/TRACE] [gtnhlib/]: Parsed dependency info : [] [] []
[00:13:42] [Server thread/DEBUG] [FML/]: Examining file Hats-4.0.1.jar for potential mods
[00:13:42] [Server thread/TRACE] [FML/]: Located mcmod.info file in file Hats-4.0.1.jar
[00:13:42] [Server thread/DEBUG] [FML/]: Identified a mod of type Lcpw/mods/fml/common/Mod; (hats.common.Hats) - loading
[00:13:42] [Server thread/TRACE] [Hats/]: Parsed dependency info : [iChunUtil@[4.0.0,)] [iChunUtil@[4.0.0,)] []
[00:13:42] [Server thread/DEBUG] [FML/]: Examining file iChunUtil-4.2.3.jar for potential mods
[00:13:42] [Server thread/TRACE] [FML/]: Located mcmod.info file in file iChunUtil-4.2.3.jar
[00:13:42] [Server thread/DEBUG] [FML/]: Identified a mod of type Lcpw/mods/fml/common/Mod; (ichun.common.iChunUtil) - loading
[00:13:42] [Server thread/TRACE] [iChunUtil/]: Parsed dependency info : [Forge@[10.13.2.1291,)] [Forge@[10.13.2.1291,)] []
[00:13:42] [Server thread/DEBUG] [FML/]: Examining file inventorypets-1.7.10-1.5.2.jar for potential mods
[00:13:42] [Server thread/TRACE] [FML/]: Located mcmod.info file in file inventorypets-1.7.10-1.5.2.jar
[00:13:42] [Server thread/DEBUG] [FML/]: Identified a mod of type Lcpw/mods/fml/common/Mod; (com.inventorypets.InventoryPets) - loading
[00:13:42] [Server thread/TRACE] [InventoryPets/]: Parsed dependency info : [] [] []
[00:13:42] [Server thread/DEBUG] [FML/]: Examining file IronBackpacks-1.7.10-1.2.20.jar for potential mods
[00:13:42] [Server thread/TRACE] [FML/]: Located mcmod.info file in file IronBackpacks-1.7.10-1.2.20.jar
[00:13:42] [Server thread/DEBUG] [FML/]: Identified a mod of type Lcpw/mods/fml/common/Mod; (main.ironbackpacks.IronBackpacks) - loading
[00:13:42] [Server thread/TRACE] [ironbackpacks/]: Parsed dependency info : [] [] []
[00:13:42] [Server thread/DEBUG] [FML/]: Examining file IronChest-6.1.11.jar for potential mods
[00:13:42] [Server thread/TRACE] [FML/]: Located mcmod.info file in file IronChest-6.1.11.jar
[00:13:42] [Server thread/DEBUG] [FML/]: Identified a mod of type Lcpw/mods/fml/common/Mod; (cpw.mods.ironchest.IronChest) - loading
[00:13:42] [Server thread/TRACE] [IronChest/]: Parsed dependency info : [Forge@[10.10,), FML@[7.2,)] [Forge@[10.10,), FML@[7.2,)] []
[00:13:42] [Server thread/DEBUG] [FML/]: Examining file lucky-block-forge-1.7.10-1.0.jar for potential mods
[00:13:42] [Server thread/TRACE] [FML/]: Located mcmod.info file in file lucky-block-forge-1.7.10-1.0.jar
[00:13:42] [Server thread/DEBUG] [FML/]: Identified a mod of type Lcpw/mods/fml/common/Mod; (mod.lucky.Lucky) - loading
[00:13:42] [Server thread/TRACE] [lucky/]: Parsed dependency info : [] [] []
[00:13:42] [Server thread/DEBUG] [FML/]: Examining file MoreFurnaces-1.3.9-MC1.7.10.jar for potential mods
[00:13:42] [Server thread/TRACE] [FML/]: Located mcmod.info file in file MoreFurnaces-1.3.9-MC1.7.10.jar
[00:13:42] [Server thread/DEBUG] [FML/]: Identified a mod of type Lcpw/mods/fml/common/Mod; (cubex2.mods.morefurnaces.MoreFurnaces) - loading
[00:13:42] [Server thread/TRACE] [MoreFurnaces/]: Parsed dependency info : [] [] []
[00:13:42] [Server thread/DEBUG] [FML/]: Examining file orespawn-1.7.10-20.3.jar for potential mods
[00:13:42] [Server thread/TRACE] [FML/]: Located mcmod.info file in file orespawn-1.7.10-20.3.jar
[00:13:42] [Server thread/DEBUG] [FML/]: Identified a mod of type Lcpw/mods/fml/common/Mod; (danger.orespawn.OreSpawnMain) - loading
[00:13:42] [Server thread/TRACE] [OreSpawn/]: Parsed dependency info : [] [] []
[00:13:42] [Server thread/DEBUG] [FML/]: Examining file PortalGun-4.0.0-beta-6-fix-1.jar for potential mods
[00:13:42] [Server thread/DEBUG] [FML/]: The mod container PortalGun-4.0.0-beta-6-fix-1.jar appears to be missing an mcmod.info file
[00:13:42] [Server thread/DEBUG] [FML/]: Identified a mod of type Lcpw/mods/fml/common/Mod; (portalgun.common.PortalGun) - loading
[00:13:42] [Server thread/TRACE] [PortalGun/]: Parsed dependency info : [iChunUtil@[4.2.2,)] [iChunUtil@[4.2.2,)] []
[00:13:42] [Server thread/INFO] [FML/]: Forge Mod Loader has identified 35 mods to load
[00:13:42] [Server thread/DEBUG] [FML/]: Found API com.baubles.api (owned by Baubles providing Baubles|API) embedded in InventoryPets
[00:13:42] [Server thread/DEBUG] [FML/]: Creating API container dummy for API Baubles|API: owner: Baubles, dependents: [InventoryPets]
[00:13:42] [Server thread/TRACE] [FML/]: Received a system property request ''
[00:13:42] [Server thread/TRACE] [FML/]: System property request managing the state of 0 mods
[00:13:42] [Server thread/DEBUG] [FML/]: After merging, found state information for 0 mods
[00:13:42] [Server thread/INFO] [foamfix/]: [Log4JExploitFix] Applying Log4j exploit mitigation to net/minecraft/world/storage/SaveHandler/getLogger!
[00:13:42] [Server thread/DEBUG] [FML/]: Found translations in forge-1.7.10-10.13.4.1614-1.7.10-universal.jar [en_US, en_US, es_ES, fr_FR, ru_RU, de_DE, af_ZA, ar_SA, br_FR, ca_ES, cs_CZ, da_DK, el_GR, fa_IR, fi_FI, he_IL, hu_HU, it_IT, ja_JP, ko_KR, lt_LT, nb_NO, nl_NL, nn_NO, no_NO, pl_PL, pt_BR, pt_PT, ro_RO, sl_SI, sr_SP, sv_SE, tr_TR, uk_UA, vi_VN, zh_CN, zh_TW]
[00:13:42] [Server thread/DEBUG] [FML/]: Found translations in forge-1.7.10-10.13.4.1614-1.7.10-universal.jar [en_US, en_US, es_ES, fr_FR, ru_RU, de_DE, af_ZA, ar_SA, br_FR, ca_ES, cs_CZ, da_DK, el_GR, fa_IR, fi_FI, he_IL, hu_HU, it_IT, ja_JP, ko_KR, lt_LT, nb_NO, nl_NL, nn_NO, no_NO, pl_PL, pt_BR, pt_PT, ro_RO, sl_SI, sr_SP, sv_SE, tr_TR, uk_UA, vi_VN, zh_CN, zh_TW]
[00:13:42] [Server thread/DEBUG] [FML/]: Found translations in NotEnoughItems-2.8.81-GTNH.jar [cs_CZ, de_DE, en_US, et_EE, fr_FR, it_IT, ko_KR, pl_PL, pt_BR, ru_RU, sk_SK, tr_TR, zh_CN, zh_TW]
[00:13:42] [Server thread/DEBUG] [unimixins/]: Enabling mod unimixins
[00:13:42] [Server thread/DEBUG] [unimixins-mixin/]: Enabling mod unimixins-mixin
[00:13:42] [Server thread/DEBUG] [unimixins-compat/]: Enabling mod unimixins-compat
[00:13:42] [Server thread/DEBUG] [mixingasm/]: Enabling mod mixingasm
[00:13:42] [Server thread/DEBUG] [spongemixins/]: Enabling mod spongemixins
[00:13:42] [Server thread/DEBUG] [mixinbooterlegacy/]: Enabling mod mixinbooterlegacy
[00:13:42] [Server thread/DEBUG] [gtnhmixins/]: Enabling mod gtnhmixins
[00:13:42] [Server thread/DEBUG] [mixinextras/]: Enabling mod mixinextras
[00:13:42] [Server thread/DEBUG] [aiimprovements/]: Enabling mod aiimprovements
[00:13:42] [Server thread/DEBUG] [archaicfix/]: Enabling mod archaicfix
[00:13:42] [Server thread/DEBUG] [carbonconfig/]: Enabling mod carbonconfig
[00:13:42] [Server thread/DEBUG] [FML/]: Found translations in CarbonConfig-1.7.10-1.2.4.jar [en_US, ru_RU]
[00:13:42] [Server thread/DEBUG] [chunkpregenerator/]: Enabling mod chunkpregenerator
[00:13:42] [Server thread/DEBUG] [FML/]: Found translations in Chunk-Pregenerator-1.7.10-4.4.9.1.jar [en_US]
[00:13:42] [Server thread/DEBUG] [ChunkPurge/]: Enabling mod ChunkPurge
[00:13:42] [Server thread/DEBUG] [debug/]: Enabling mod debug
[00:13:42] [Server thread/DEBUG] [FML/]: Found translations in denseores-1.6.2.jar [de_DE, en_US, fr_FR, it_IT, ko_KR, ru_RU, zh_CN]
[00:13:42] [Server thread/DEBUG] [denseores/]: Enabling mod denseores
[00:13:42] [Server thread/DEBUG] [FML/]: Found translations in denseores-1.6.2.jar [de_DE, en_US, fr_FR, it_IT, ko_KR, ru_RU, zh_CN]
[00:13:42] [Server thread/DEBUG] [foamfix/]: Enabling mod foamfix
[00:13:42] [Server thread/DEBUG] [gvc/]: Enabling mod gvc
[00:13:42] [Server thread/DEBUG] [FML/]: Found translations in GlibysVC-1.7.10-0.6.2a.jar [de_DE, en_US, fr_FR, ja_JP, lv_LV, nl_NL, ru_RU]
[00:13:42] [Server thread/DEBUG] [gtnhlib/]: Enabling mod gtnhlib
[00:13:42] [Server thread/DEBUG] [FML/]: Found translations in gtnhlib-0.9.45.jar [en_US, es_MX, ru_RU, zh_CN]
[00:13:42] [Server thread/DEBUG] [Hats/]: Enabling mod Hats
[00:13:42] [Server thread/DEBUG] [FML/]: Found translations in Hats-4.0.1.jar [cs_CZ, de_DE, en_US, es_AR, es_ES, es_MX, et_EE, fi_FI, fr_FR, hr_HR, it_IT, nb_NO, nl_NL, pl_PL, pt_BR, ru_RU, sv_SE, tr_TR, zh_CN, zh_TW]
[00:13:42] [Server thread/DEBUG] [iChunUtil/]: Enabling mod iChunUtil
[00:13:42] [Server thread/DEBUG] [FML/]: Found translations in iChunUtil-4.2.3.jar [bg_BG, de_DE, en_US, es_ES, fr_FR, ru_RU]
[00:13:42] [Server thread/DEBUG] [InventoryPets/]: Enabling mod InventoryPets
[00:13:42] [Server thread/DEBUG] [FML/]: Found translations in inventorypets-1.7.10-1.5.2.jar [de_DE, en_US, es_ES, fr_FR, it_IT, ja_JP, pl_PL, ru_RU, uk_UA, zh_CN]
[00:13:42] [Server thread/DEBUG] [ironbackpacks/]: Enabling mod ironbackpacks
[00:13:42] [Server thread/DEBUG] [FML/]: Found translations in IronBackpacks-1.7.10-1.2.20.jar [de_DE, en_US, es_SP, sv_SE, zh_CN]
[00:13:42] [Server thread/DEBUG] [IronChest/]: Enabling mod IronChest
[00:13:42] [Server thread/DEBUG] [FML/]: Found translations in IronChest-6.1.11.jar [cs_CZ, da_DK, de_DE, el_GR, en_PT, en_US, es_ES, et_EE, fr_FR, it_IT, ko_KR, nb_NO, nl_NL, pl_PL, pt_BR, pt_PT, ru_RU, sv_SE, tr_TR, zh_CN, zh_TW]
[00:13:42] [Server thread/DEBUG] [lucky/]: Enabling mod lucky
[00:13:42] [Server thread/DEBUG] [FML/]: Found translations in lucky-block-forge-1.7.10-1.0.jar [en_US]
[00:13:42] [Server thread/DEBUG] [MoreFurnaces/]: Enabling mod MoreFurnaces
[00:13:42] [Server thread/DEBUG] [FML/]: Found translations in MoreFurnaces-1.3.9-MC1.7.10.jar [en_US]
[00:13:42] [Server thread/DEBUG] [OreSpawn/]: Enabling mod OreSpawn
[00:13:42] [Server thread/DEBUG] [PortalGun/]: Enabling mod PortalGun
[00:13:42] [Server thread/TRACE] [FML/]: Verifying mod requirements are satisfied
[00:13:42] [Server thread/TRACE] [FML/]: All mod requirements are satisfied
[00:13:42] [Server thread/TRACE] [FML/]: Sorting mods into an ordered list
[00:13:42] [Server thread/TRACE] [FML/]: Mod sorting completed successfully
[00:13:42] [Server thread/DEBUG] [FML/]: Mod sorting data
[00:13:42] [Server thread/DEBUG] [FML/]: 	debug(debug:1.0): denseores-1.6.2.jar (before:*)
[00:13:42] [Server thread/DEBUG] [FML/]: 	unimixins(UniMixins:0.2.1): +unimixins-all-1.7.10-0.2.1.jar ()
[00:13:42] [Server thread/DEBUG] [FML/]: 	unimixins-mixin(UniMixins: Mixin (UniMix):0.2.1): +unimixins-all-1.7.10-0.2.1.jar ()
[00:13:42] [Server thread/DEBUG] [FML/]: 	unimixins-compat(UniMixins: Compatibility:0.2.1): +unimixins-all-1.7.10-0.2.1.jar ()
[00:13:42] [Server thread/DEBUG] [FML/]: 	mixingasm(UniMixins: Mixingasm:0.3): +unimixins-all-1.7.10-0.2.1.jar ()
[00:13:42] [Server thread/DEBUG] [FML/]: 	spongemixins(UniMixins: SpongeMixins:2.0.1): +unimixins-all-1.7.10-0.2.1.jar ()
[00:13:42] [Server thread/DEBUG] [FML/]: 	mixinbooterlegacy(UniMixins: MixinBooterLegacy:1.2.1): +unimixins-all-1.7.10-0.2.1.jar ()
[00:13:42] [Server thread/DEBUG] [FML/]: 	gtnhmixins(UniMixins: GTNHMixins:2.2.0): +unimixins-all-1.7.10-0.2.1.jar ()
[00:13:42] [Server thread/DEBUG] [FML/]: 	mixinextras(UniMixins: MixinExtras:0.2.1): +unimixins-all-1.7.10-0.2.1.jar ()
[00:13:42] [Server thread/DEBUG] [FML/]: 	aiimprovements(AI Improvements:0.0.1.8): AIImprovements-1.7.10-0.0.1b8.jar ()
[00:13:42] [Server thread/DEBUG] [FML/]: 	archaicfix(ArchaicFix:0.7.9): archaicfix-0.7.9.jar (required-after:gtnhmixins@[2.0.0,);required-after:unimixins@[0.1.16,);after:chunkapi)
[00:13:42] [Server thread/DEBUG] [FML/]: 	carbonconfig(Carbon Config Library:1.1.3): CarbonConfig-1.7.10-1.2.4.jar ()
[00:13:42] [Server thread/DEBUG] [FML/]: 	chunkpregenerator(Chunk Pregenerator:4.4.9): Chunk-Pregenerator-1.7.10-4.4.9.1.jar (required-after:carbonconfig)
[00:13:42] [Server thread/DEBUG] [FML/]: 	ChunkPurge(Chunk Purge:2.1): ChunkPurge-1.7.10-2.1.jar ()
[00:13:42] [Server thread/DEBUG] [FML/]: 	foamfix(FoamFix:@VERSION@): FoamFix-1.7.10-universal-1.0.4.jar ()
[00:13:42] [Server thread/DEBUG] [FML/]: 	gvc(�aGliby's�f Voice Chat Mod:0.6.1): GlibysVC-1.7.10-0.6.2a.jar ()
[00:13:42] [Server thread/DEBUG] [FML/]: 	gtnhlib(GTNH Lib:0.9.45): gtnhlib-0.9.45.jar ()
[00:13:42] [Server thread/DEBUG] [FML/]: 	iChunUtil(iChunUtil:4.2.3): iChunUtil-4.2.3.jar (required-after:Forge@[10.13.2.1291,))
[00:13:42] [Server thread/DEBUG] [FML/]: 	Hats(Hats:4.0.1): Hats-4.0.1.jar (required-after:iChunUtil@[4.0.0,))
[00:13:42] [Server thread/DEBUG] [FML/]: 	Baubles|API(API: Baubles|API:1.0.1.10): inventorypets-1.7.10-1.5.2.jar ()
[00:13:42] [Server thread/DEBUG] [FML/]: 	InventoryPets(Inventory Pets:1.5.2): inventorypets-1.7.10-1.5.2.jar ()
[00:13:42] [Server thread/DEBUG] [FML/]: 	ironbackpacks(Iron Backpacks:1.7.10-1.2.20): IronBackpacks-1.7.10-1.2.20.jar ()
[00:13:42] [Server thread/DEBUG] [FML/]: 	IronChest(Iron Chests:6.1.11): IronChest-6.1.11.jar (required-after:Forge@[10.10,);required-after:FML@[7.2,))
[00:13:42] [Server thread/DEBUG] [FML/]: 	lucky(Lucky Block:5.1.0): lucky-block-forge-1.7.10-1.0.jar ()
[00:13:42] [Server thread/DEBUG] [FML/]: 	MoreFurnaces(More Furnaces:1.3.9): MoreFurnaces-1.3.9-MC1.7.10.jar ()
[00:13:42] [Server thread/DEBUG] [FML/]: 	OreSpawn(OreSpawn:1.7.10.20.3): orespawn-1.7.10-20.3.jar ()
[00:13:42] [Server thread/DEBUG] [FML/]: 	PortalGun(PortalGun:4.0.0-beta-6): PortalGun-4.0.0-beta-6-fix-1.jar (required-after:iChunUtil@[4.2.2,))
[00:13:42] [Server thread/DEBUG] [FML/]: 	denseores(Dense Ores:1.0): denseores-1.6.2.jar (after:*)
[00:13:42] [Server thread/INFO] [MixinBooter/]: Instantiating all ILateMixinLoader implemented classes...
[00:13:42] [Server thread/DEBUG] [GTNHMixins/]: Searching ASMData for ILateMixinLoaders
[00:13:42] [Server thread/DEBUG] [GTNHMixins/]: LiteLoader not present
[00:13:42] [Server thread/DEBUG] [GTNHMixins/]: LoadedMods [lucky, NotEnoughItems, unimixins-compat, FastCraft, Forge, IronChest, iChunUtil, ChunkPurge, CodeChickenCore, chunkpregenerator, PortalGun, GTNHLib Core, gvc, mixinbooterlegacy, mcp, unimixins-mixin, mixingasm, gtnhmixins, InventoryPets, mixinextras, debug, FML, spongemixins, ironbackpacks, MoreFurnaces, aiimprovements, gtnhlib, foamfix, denseores, FoamFixCore, unimixins, archaicfix, Hats, OreSpawn, carbonconfig]
[00:13:42] [Server thread/DEBUG] [GTNHMixins/]: Loading mixins from ILateMixinLoader [org.embeddedt.archaicfix.asm.LateMixinPlugin]
[00:13:42] [Server thread/DEBUG] [GTNHMixins/]: ITargetMods found during Phase LATE: [CHUNK_PREGENERATOR]
[00:13:42] [Server thread/DEBUG] [GTNHMixins/]: ITargetMods not found during Phase LATE: [CHICKENCHUNKS, MRTJPCORE, MEKANISM, DIVERSITY, THERMALEXPANSION, EXTRAUTILS, ARS_MAGICA_2, DIVINERPG, FOODPLUS, PROJECTE, ADVENT_OF_ASCENSION, MATTER_OVERDRIVE, BOTANIA, THERMALFOUNDATION, WAYSTONES, GREGTECH6]
[00:13:42] [Server thread/DEBUG] [GTNHMixins/]: Not loading the following LATE mixins: [common.tc4tweaks.MixinGenerateItemHash, common.tc4tweaks.MixinMappingThread, client.journeymap.MixinTileDrawStep, client.ae2.MixinNEIItemRender, common.dragonapi.MixinReikaWorldHelper, common.gt6.MixinAdvancedCraftingXToY, common.gt6.MixinGT6_Main, common.gt6.MixinCR, client.gt6.MixinGT_API_Proxy_Client, common.mo.MixinMatterRegistry, common.mo.MixinMatterRegistrationHandler, common.mo.MixinVersionCheckHandler, common.extrautils.MixinEventHandlerSiege, common.extrautils.MixinEventHandlerServer, common.extrautils.MixinItemDivisionSigil, common.extrautils.MixinTileEntityTrashCan, common.chickenchunks.MixinPlayerChunkViewerManager, common.mrtjp.MixinBlockUpdateHandler, common.projecte.MixinRecipeShapelessHidden, common.thermal.MixinTECraftingHandler, client.divinerpg.MixinEntitySparkler, common.mekanism.MixinGenHandler, common.thermal.MixinBlockOre, common.botania.MixinBlockSpecialFlower, client.aoa.MixinProjectileEntities, common.am2.MixinPlayerTracker, common.foodplus.MixinUpdater, common.waystones.MixinItemWarpStone, common.diversity.MixinServerHandler]
[00:13:42] [Server thread/DEBUG] [GTNHMixins/]: Loading [mixins.archaicfix.late.json] common.lighting.base.MixinAnvilChunkLoaderBase
[00:13:42] [Server thread/DEBUG] [GTNHMixins/]: Loading [mixins.archaicfix.late.json] common.pregen.MixinChunkProcessor
[00:13:42] [Server thread/DEBUG] [GTNHMixins/]: Loading [mixins.archaicfix.late.json] common.pregen.MixinChunkHelper
[00:13:42] [Server thread/DEBUG] [GTNHMixins/]: Loading mixins from ILateMixinLoader [com.gtnewhorizon.gtnhlib.core.GTNHLibLateMixinLoader]
[00:13:42] [Server thread/DEBUG] [GTNHMixins/]: ITargetMods found during Phase LATE: []
[00:13:42] [Server thread/DEBUG] [GTNHMixins/]: ITargetMods not found during Phase LATE: [THAUMCRAFT]
[00:13:42] [Server thread/DEBUG] [GTNHMixins/]: Not loading the following LATE mixins: [MixinEnhancedInfusionRecipe]
[00:13:42] [Server thread/DEBUG] [mixin/]: Selecting config mixins.archaicfix.late.json
[00:13:42] [Server thread/DEBUG] [mixin/]: Selecting config mixins.gtnhlib.late.json
[00:13:42] [Server thread/DEBUG] [mixin/]: Preparing mixins.archaicfix.late.json (3)
[00:13:42] [Server thread/DEBUG] [org.spongepowered.asm.service.mojang.MixinServiceLaunchWrapper/]: Rebuilding transformer delegation list:
[00:13:42] [Server thread/DEBUG] [org.spongepowered.asm.service.mojang.MixinServiceLaunchWrapper/]: Found name transformer: cpw.mods.fml.common.asm.transformers.DeobfuscationTransformer
[00:13:42] [Server thread/DEBUG] [org.spongepowered.asm.service.mojang.MixinServiceLaunchWrapper/]:   Adding:    cpw.mods.fml.common.asm.transformers.PatchingTransformer
[00:13:42] [Server thread/DEBUG] [org.spongepowered.asm.service.mojang.MixinServiceLaunchWrapper/]:   Excluding: org.spongepowered.asm.mixin.transformer.Proxy
[00:13:42] [Server thread/DEBUG] [org.spongepowered.asm.service.mojang.MixinServiceLaunchWrapper/]:   Excluding: io.github.legacymoddingmc.unimixins.compat.asm.ASMRemapperTransformer
[00:13:42] [Server thread/DEBUG] [org.spongepowered.asm.service.mojang.MixinServiceLaunchWrapper/]:   Adding:    cpw.mods.fml.common.asm.transformers.MarkerTransformer
[00:13:42] [Server thread/DEBUG] [org.spongepowered.asm.service.mojang.MixinServiceLaunchWrapper/]:   Adding:    cpw.mods.fml.common.asm.transformers.SideTransformer
[00:13:42] [Server thread/DEBUG] [org.spongepowered.asm.service.mojang.MixinServiceLaunchWrapper/]:   Excluding: cpw.mods.fml.common.asm.transformers.EventSubscriptionTransformer
[00:13:42] [Server thread/DEBUG] [org.spongepowered.asm.service.mojang.MixinServiceLaunchWrapper/]:   Adding:    net.minecraftforge.classloading.FluidIdTransformer
[00:13:42] [Server thread/DEBUG] [org.spongepowered.asm.service.mojang.MixinServiceLaunchWrapper/]:   Adding:    codechicken.lib.asm.ClassHeirachyManager
[00:13:42] [Server thread/DEBUG] [org.spongepowered.asm.service.mojang.MixinServiceLaunchWrapper/]:   Adding:    codechicken.lib.asm.RedirectorTransformer
[00:13:42] [Server thread/DEBUG] [org.spongepowered.asm.service.mojang.MixinServiceLaunchWrapper/]:   Adding:    codechicken.core.asm.TweakTransformer
[00:13:42] [Server thread/DEBUG] [org.spongepowered.asm.service.mojang.MixinServiceLaunchWrapper/]:   Excluding: codechicken.nei.asm.NEITransformer
[00:13:42] [Server thread/DEBUG] [org.spongepowered.asm.service.mojang.MixinServiceLaunchWrapper/]:   Excluding: io.github.legacymoddingmc.unimixins.compat.asm.EnhanceCrashReportsTransformer
[00:13:42] [Server thread/DEBUG] [org.spongepowered.asm.service.mojang.MixinServiceLaunchWrapper/]:   Excluding: org.embeddedt.archaicfix.asm.ArchaicTransformer
[00:13:42] [Server thread/DEBUG] [org.spongepowered.asm.service.mojang.MixinServiceLaunchWrapper/]:   Excluding: com.gtnewhorizon.gtnhlib.core.fml.transformers.EventBusSubTransformer
[00:13:42] [Server thread/DEBUG] [org.spongepowered.asm.service.mojang.MixinServiceLaunchWrapper/]:   Excluding: com.gtnewhorizon.gtnhlib.core.fml.transformers.BlockIconTransformer
[00:13:42] [Server thread/DEBUG] [org.spongepowered.asm.service.mojang.MixinServiceLaunchWrapper/]:   Excluding: me.guichaguri.betterfps.transformers.MathTransformer
[00:13:42] [Server thread/DEBUG] [org.spongepowered.asm.service.mojang.MixinServiceLaunchWrapper/]:   Excluding: me.guichaguri.betterfps.transformers.EventTransformer
[00:13:42] [Server thread/DEBUG] [org.spongepowered.asm.service.mojang.MixinServiceLaunchWrapper/]:   Adding:    cpw.mods.fml.common.asm.transformers.DeobfuscationTransformer
[00:13:42] [Server thread/DEBUG] [org.spongepowered.asm.service.mojang.MixinServiceLaunchWrapper/]:   Adding:    cpw.mods.fml.common.asm.transformers.AccessTransformer
[00:13:42] [Server thread/DEBUG] [org.spongepowered.asm.service.mojang.MixinServiceLaunchWrapper/]:   Adding:    net.minecraftforge.transformers.ForgeAccessTransformer
[00:13:42] [Server thread/DEBUG] [org.spongepowered.asm.service.mojang.MixinServiceLaunchWrapper/]:   Adding:    io.github.legacymoddingmc.unimixins.all.AllCore$CombinedAccessTransformer
[00:13:42] [Server thread/DEBUG] [org.spongepowered.asm.service.mojang.MixinServiceLaunchWrapper/]:   Adding:    cpw.mods.fml.common.asm.transformers.ModAccessTransformer
[00:13:42] [Server thread/DEBUG] [org.spongepowered.asm.service.mojang.MixinServiceLaunchWrapper/]:   Adding:    cpw.mods.fml.common.asm.transformers.ItemStackTransformer
[00:13:42] [Server thread/DEBUG] [org.spongepowered.asm.service.mojang.MixinServiceLaunchWrapper/]:   Excluding: org.spongepowered.asm.mixin.transformer.Proxy
[00:13:42] [Server thread/DEBUG] [org.spongepowered.asm.service.mojang.MixinServiceLaunchWrapper/]:   Excluding: pl.asie.foamfix.bugfixmod.coremod.BugfixModClassTransformer
[00:13:42] [Server thread/DEBUG] [org.spongepowered.asm.service.mojang.MixinServiceLaunchWrapper/]:   Excluding: carbonconfiglib.impl.internal.CarbonConfigHooks
[00:13:42] [Server thread/DEBUG] [org.spongepowered.asm.service.mojang.MixinServiceLaunchWrapper/]:   Excluding: pregenerator.base.hooks.PregenHooks
[00:13:42] [Server thread/DEBUG] [org.spongepowered.asm.service.mojang.MixinServiceLaunchWrapper/]:   Excluding: fastcraft.J
[00:13:42] [Server thread/DEBUG] [org.spongepowered.asm.service.mojang.MixinServiceLaunchWrapper/]:   Excluding: cpw.mods.fml.common.asm.transformers.TerminalTransformer
[00:13:42] [Server thread/DEBUG] [org.spongepowered.asm.service.mojang.MixinServiceLaunchWrapper/]:   Excluding: org.spongepowered.asm.mixin.transformer.Proxy
[00:13:42] [Server thread/DEBUG] [org.spongepowered.asm.service.mojang.MixinServiceLaunchWrapper/]:   Adding:    cpw.mods.fml.common.asm.transformers.ModAPITransformer
[00:13:42] [Server thread/DEBUG] [org.spongepowered.asm.service.mojang.MixinServiceLaunchWrapper/]: Transformer delegation list created with 14 entries
[00:13:42] [Server thread/TRACE] [mixin/]: Added class metadata for pregenerator/impl/processor/generator/ChunkProcessor to metadata cache
[00:13:42] [Server thread/TRACE] [mixin/]: Added class metadata for pregenerator/impl/processor/generator/ChunkHelper to metadata cache
[00:13:42] [Server thread/DEBUG] [mixin/]: Preparing mixins.gtnhlib.late.json (0)
[00:13:42] [Server thread/TRACE] [mixin/]: Added class metadata for cpw/mods/fml/common/gameevent/TickEvent$ServerTickEvent to metadata cache
[00:13:42] [Server thread/TRACE] [mcp/mcp]: Sending event FMLConstructionEvent to mod mcp
[00:13:42] [Server thread/TRACE] [mcp/mcp]: Sent event FMLConstructionEvent to mod mcp
[00:13:42] [Server thread/DEBUG] [FML/]: Bar Step: Construction - Minecraft Coder Pack took 0,001s
[00:13:42] [Server thread/TRACE] [FML/FML]: Sending event FMLConstructionEvent to mod FML
[00:13:42] [Server thread/TRACE] [FML/FML]: Mod FML is using network checker : Invoking method checkModLists
[00:13:42] [Server thread/TRACE] [FML/FML]: Testing mod FML to verify it accepts its own version in a remote connection
[00:13:42] [Server thread/TRACE] [FML/FML]: The mod FML accepts its own version (7.10.99.99)
[00:13:42] [Server thread/INFO] [FML/FML]: Attempting connection with missing mods [mcp, FML, Forge, CodeChickenCore, NotEnoughItems, GTNHLib Core, FoamFixCore, FastCraft, unimixins, unimixins-mixin, unimixins-compat, mixingasm, spongemixins, mixinbooterlegacy, gtnhmixins, mixinextras, aiimprovements, archaicfix, carbonconfig, chunkpregenerator, ChunkPurge, debug, denseores, foamfix, gvc, gtnhlib, Hats, iChunUtil, InventoryPets, ironbackpacks, IronChest, lucky, MoreFurnaces, OreSpawn, PortalGun] at CLIENT
[00:13:42] [Server thread/INFO] [FML/FML]: Attempting connection with missing mods [mcp, FML, Forge, CodeChickenCore, NotEnoughItems, GTNHLib Core, FoamFixCore, FastCraft, unimixins, unimixins-mixin, unimixins-compat, mixingasm, spongemixins, mixinbooterlegacy, gtnhmixins, mixinextras, aiimprovements, archaicfix, carbonconfig, chunkpregenerator, ChunkPurge, debug, denseores, foamfix, gvc, gtnhlib, Hats, iChunUtil, InventoryPets, ironbackpacks, IronChest, lucky, MoreFurnaces, OreSpawn, PortalGun] at SERVER
[00:13:42] [Server thread/DEBUG] [mixin/FML]: Mixing common.core.MixinEmbeddedChannel from mixins.archaicfix.early.json into io.netty.channel.embedded.EmbeddedChannel
[00:13:42] [Server thread/TRACE] [mixin/FML]: Added class metadata for io/netty/util/DefaultAttributeMap to metadata cache
[00:13:42] [Server thread/TRACE] [mixin/FML]: Added class metadata for io/netty/util/AttributeMap to metadata cache
[00:13:42] [Server thread/TRACE] [mixin/FML]: Added class metadata for io/netty/channel/Channel to metadata cache
[00:13:42] [Server thread/TRACE] [mixin/FML]: Added class metadata for io/netty/channel/ChannelPropertyAccess to metadata cache
[00:13:42] [Server thread/TRACE] [mixin/FML]: Added class metadata for io/netty/channel/ChannelOutboundInvoker to metadata cache
[00:13:42] [Server thread/TRACE] [mixin/FML]: Added class metadata for java/util/ArrayDeque to metadata cache
[00:13:42] [Server thread/TRACE] [mixin/FML]: Added class metadata for java/util/Deque to metadata cache
[00:13:42] [Server thread/TRACE] [mixin/FML]: Added class metadata for java/util/Queue to metadata cache
[00:13:42] [Server thread/TRACE] [mixin/FML]: Added class metadata for io/netty/channel/ChannelConfig to metadata cache
[00:13:42] [Server thread/TRACE] [mixin/FML]: Added class metadata for io/netty/util/ReferenceCountUtil to metadata cache
[00:13:42] [Server thread/TRACE] [mixin/FML]: Added class metadata for java/nio/channels/ClosedChannelException to metadata cache
[00:13:42] [Server thread/TRACE] [mixin/FML]: Added class metadata for java/io/IOException to metadata cache
[00:13:42] [Server thread/TRACE] [mixin/FML]: Added class metadata for io/netty/channel/ChannelPromise to metadata cache
[00:13:42] [Server thread/TRACE] [mixin/FML]: Added class metadata for io/netty/channel/ChannelFuture to metadata cache
[00:13:42] [Server thread/TRACE] [mixin/FML]: Added class metadata for io/netty/util/concurrent/Future to metadata cache
[00:13:42] [Server thread/TRACE] [mixin/FML]: Added class metadata for java/util/concurrent/Future to metadata cache
[00:13:42] [Server thread/TRACE] [mixin/FML]: Added class metadata for io/netty/util/concurrent/Promise to metadata cache
[00:13:42] [Server thread/TRACE] [mixin/FML]: Added class metadata for io/netty/channel/ChannelPipeline to metadata cache
[00:13:43] [Server thread/DEBUG] [mixin/FML]: mixins.archaicfix.early.json:common.core.MixinEmbeddedChannel from mod archaicfix->@Inject::storeMsgs([Ljava/lang/Object;Lorg/spongepowered/asm/mixin/injection/callback/CallbackInfoReturnable;)V does use it's CallbackInfoReturnable
[00:13:43] [Server thread/DEBUG] [mixin/FML]: mixins.archaicfix.early.json:common.core.MixinEmbeddedChannel from mod archaicfix->@Inject::handleInboundClosing(Lorg/spongepowered/asm/mixin/injection/callback/CallbackInfo;)V doesn't use it's CallbackInfo
[00:13:43] [Server thread/DEBUG] [mixin/FML]: mixins.archaicfix.early.json:common.core.MixinEmbeddedChannel from mod archaicfix->@Inject::handleInboundClosing(Lorg/spongepowered/asm/mixin/injection/callback/CallbackInfo;)V has 0 override(s) in child classes
[00:13:43] [Server thread/DEBUG] [mixin/FML]: mixins.archaicfix.early.json:common.core.MixinEmbeddedChannel from mod archaicfix->@Inject::handleInboundClosing(Lorg/spongepowered/asm/mixin/injection/callback/CallbackInfo;)V won't be passed a CallbackInfo as a result
[00:13:43] [Server thread/DEBUG] [mixin/FML]: mixins.archaicfix.early.json:common.core.MixinEmbeddedChannel from mod archaicfix->@Inject::readTmpInbounds(Lorg/spongepowered/asm/mixin/injection/callback/CallbackInfo;)V doesn't use it's CallbackInfo
[00:13:43] [Server thread/DEBUG] [mixin/FML]: mixins.archaicfix.early.json:common.core.MixinEmbeddedChannel from mod archaicfix->@Inject::readTmpInbounds(Lorg/spongepowered/asm/mixin/injection/callback/CallbackInfo;)V has 0 override(s) in child classes
[00:13:43] [Server thread/DEBUG] [mixin/FML]: mixins.archaicfix.early.json:common.core.MixinEmbeddedChannel from mod archaicfix->@Inject::readTmpInbounds(Lorg/spongepowered/asm/mixin/injection/callback/CallbackInfo;)V won't be passed a CallbackInfo as a result
[00:13:43] [Server thread/TRACE] [FML/FML]: Sent event FMLConstructionEvent to mod FML
[00:13:43] [Server thread/DEBUG] [FML/]: Bar Step: Construction - Forge Mod Loader took 0,280s
[00:13:43] [Server thread/TRACE] [Forge/Forge]: Sending event FMLConstructionEvent to mod Forge
[00:13:43] [Server thread/TRACE] [FML/Forge]: Mod Forge is using network checker : No network checking performed
[00:13:43] [Server thread/TRACE] [FML/Forge]: Testing mod Forge to verify it accepts its own version in a remote connection
[00:13:43] [Server thread/TRACE] [FML/Forge]: The mod Forge accepts its own version (10.13.4.1614)
[00:13:43] [Server thread/TRACE] [Forge/Forge]: Sent event FMLConstructionEvent to mod Forge
[00:13:43] [Server thread/DEBUG] [FML/]: Bar Step: Construction - Minecraft Forge took 0,004s
[00:13:43] [Server thread/TRACE] [CodeChickenCore/CodeChickenCore]: Sending event FMLConstructionEvent to mod CodeChickenCore
[00:13:43] [Server thread/TRACE] [CodeChickenCore/CodeChickenCore]: Sent event FMLConstructionEvent to mod CodeChickenCore
[00:13:43] [Server thread/DEBUG] [FML/]: Bar Step: Construction - CodeChicken Core took 0,000s
[00:13:43] [Server thread/TRACE] [NotEnoughItems/NotEnoughItems]: Sending event FMLConstructionEvent to mod NotEnoughItems
[00:13:43] [Server thread/TRACE] [NotEnoughItems/NotEnoughItems]: Sent event FMLConstructionEvent to mod NotEnoughItems
[00:13:43] [Server thread/DEBUG] [FML/]: Bar Step: Construction - NotEnoughItems took 0,000s
[00:13:43] [Server thread/TRACE] [GTNHLib Core/GTNHLib Core]: Sending event FMLConstructionEvent to mod GTNHLib Core
[00:13:43] [Server thread/TRACE] [GTNHLib Core/GTNHLib Core]: Sent event FMLConstructionEvent to mod GTNHLib Core
[00:13:43] [Server thread/DEBUG] [FML/]: Bar Step: Construction - GTNHLib Core took 0,003s
[00:13:43] [Server thread/TRACE] [FoamFixCore/FoamFixCore]: Sending event FMLConstructionEvent to mod FoamFixCore
[00:13:43] [Server thread/TRACE] [FoamFixCore/FoamFixCore]: Sent event FMLConstructionEvent to mod FoamFixCore
[00:13:43] [Server thread/DEBUG] [FML/]: Bar Step: Construction - FoamFixCore took 0,000s
[00:13:43] [Server thread/TRACE] [FastCraft/FastCraft]: Sending event FMLConstructionEvent to mod FastCraft
[00:13:43] [Server thread/TRACE] [FastCraft/FastCraft]: Sent event FMLConstructionEvent to mod FastCraft
[00:13:43] [Server thread/DEBUG] [FML/]: Bar Step: Construction - FastCraft took 0,000s
[00:13:43] [Server thread/TRACE] [debug/debug]: Sending event FMLConstructionEvent to mod debug
[00:13:43] [Server thread/INFO] [foamfix/debug]: [Log4JExploitFix] Applying Log4j exploit mitigation to com/rwtema/debug/SideOnlyCheckerTransformer/getLogger!
[00:13:43] [Server thread/INFO] [foamfix/debug]: [Log4JExploitFix] Applying Log4j exploit mitigation to com/rwtema/denseores/LogHelper/getLogger!
[00:13:43] [Server thread/DEBUG] [mixin/debug]: Mixing MixinGameRules from mixins.gtnhlib.early.json into net.minecraft.world.GameRules
[00:13:43] [Server thread/TRACE] [mixin/debug]: Added class metadata for com/gtnewhorizon/gtnhlib/gamerules/GameRuleRegistry to metadata cache
[00:13:43] [Server thread/DEBUG] [mixin/debug]: mixins.gtnhlib.early.json:MixinGameRules from mod gtnhlib->@Inject::gtnhlib$initGameRules(Lorg/spongepowered/asm/mixin/injection/callback/CallbackInfo;)V doesn't use it's CallbackInfo
[00:13:43] [Server thread/DEBUG] [mixin/debug]: mixins.gtnhlib.early.json:MixinGameRules from mod gtnhlib->@Inject::gtnhlib$initGameRules(Lorg/spongepowered/asm/mixin/injection/callback/CallbackInfo;)V has 0 override(s) in child classes
[00:13:43] [Server thread/DEBUG] [mixin/debug]: mixins.gtnhlib.early.json:MixinGameRules from mod gtnhlib->@Inject::gtnhlib$initGameRules(Lorg/spongepowered/asm/mixin/injection/callback/CallbackInfo;)V won't be passed a CallbackInfo as a result
[00:13:43] [Server thread/DEBUG] [mixin/debug]: mixins.gtnhlib.early.json:MixinGameRules from mod gtnhlib->@Inject::GTNHLib$onGameRuleChanged(Ljava/lang/String;Ljava/lang/String;Lorg/spongepowered/asm/mixin/injection/callback/CallbackInfo;)V doesn't use it's CallbackInfo
[00:13:43] [Server thread/DEBUG] [mixin/debug]: mixins.gtnhlib.early.json:MixinGameRules from mod gtnhlib->@Inject::GTNHLib$onGameRuleChanged(Ljava/lang/String;Ljava/lang/String;Lorg/spongepowered/asm/mixin/injection/callback/CallbackInfo;)V has 0 override(s) in child classes
[00:13:43] [Server thread/DEBUG] [mixin/debug]: mixins.gtnhlib.early.json:MixinGameRules from mod gtnhlib->@Inject::GTNHLib$onGameRuleChanged(Ljava/lang/String;Ljava/lang/String;Lorg/spongepowered/asm/mixin/injection/callback/CallbackInfo;)V won't be passed a CallbackInfo as a result
[00:13:43] [Server thread/TRACE] [FML/debug]: Mod debug is using network checker : Accepting version 1.0
[00:13:43] [Server thread/TRACE] [FML/debug]: Testing mod debug to verify it accepts its own version in a remote connection
[00:13:43] [Server thread/TRACE] [FML/debug]: The mod debug accepts its own version (1.0)
[00:13:43] [Server thread/DEBUG] [FML/debug]: Attempting to inject @SidedProxy classes into debug
[00:13:43] [Server thread/TRACE] [debug/debug]: Sent event FMLConstructionEvent to mod debug
[00:13:43] [Server thread/DEBUG] [FML/]: Bar Step: Construction - debug took 0,030s
[00:13:43] [Server thread/TRACE] [unimixins/unimixins]: Sending event FMLConstructionEvent to mod unimixins
[00:13:43] [Server thread/TRACE] [FML/unimixins]: Mod unimixins is using network checker : No network checking performed
[00:13:43] [Server thread/TRACE] [FML/unimixins]: Testing mod unimixins to verify it accepts its own version in a remote connection
[00:13:43] [Server thread/TRACE] [FML/unimixins]: The mod unimixins accepts its own version (0.2.1)
[00:13:43] [Server thread/DEBUG] [FML/unimixins]: Attempting to inject @SidedProxy classes into unimixins
[00:13:43] [Server thread/TRACE] [unimixins/unimixins]: Sent event FMLConstructionEvent to mod unimixins
[00:13:43] [Server thread/DEBUG] [FML/]: Bar Step: Construction - UniMixins took 0,001s
[00:13:43] [Server thread/TRACE] [unimixins-mixin/unimixins-mixin]: Sending event FMLConstructionEvent to mod unimixins-mixin
[00:13:43] [Server thread/TRACE] [FML/unimixins-mixin]: Mod unimixins-mixin is using network checker : No network checking performed
[00:13:43] [Server thread/TRACE] [FML/unimixins-mixin]: Testing mod unimixins-mixin to verify it accepts its own version in a remote connection
[00:13:43] [Server thread/TRACE] [FML/unimixins-mixin]: The mod unimixins-mixin accepts its own version (0.2.1)
[00:13:43] [Server thread/DEBUG] [FML/unimixins-mixin]: Attempting to inject @SidedProxy classes into unimixins-mixin
[00:13:43] [Server thread/TRACE] [unimixins-mixin/unimixins-mixin]: Sent event FMLConstructionEvent to mod unimixins-mixin
[00:13:43] [Server thread/DEBUG] [FML/]: Bar Step: Construction - UniMixins: Mixin (UniMix) took 0,001s
[00:13:43] [Server thread/TRACE] [unimixins-compat/unimixins-compat]: Sending event FMLConstructionEvent to mod unimixins-compat
[00:13:43] [Server thread/TRACE] [FML/unimixins-compat]: Mod unimixins-compat is using network checker : No network checking performed
[00:13:43] [Server thread/TRACE] [FML/unimixins-compat]: Testing mod unimixins-compat to verify it accepts its own version in a remote connection
[00:13:43] [Server thread/TRACE] [FML/unimixins-compat]: The mod unimixins-compat accepts its own version (0.2.1)
[00:13:43] [Server thread/DEBUG] [FML/unimixins-compat]: Attempting to inject @SidedProxy classes into unimixins-compat
[00:13:43] [Server thread/TRACE] [unimixins-compat/unimixins-compat]: Sent event FMLConstructionEvent to mod unimixins-compat
[00:13:43] [Server thread/DEBUG] [FML/]: Bar Step: Construction - UniMixins: Compatibility took 0,001s
[00:13:43] [Server thread/TRACE] [mixingasm/mixingasm]: Sending event FMLConstructionEvent to mod mixingasm
[00:13:43] [Server thread/TRACE] [FML/mixingasm]: Mod mixingasm is using network checker : No network checking performed
[00:13:43] [Server thread/TRACE] [FML/mixingasm]: Testing mod mixingasm to verify it accepts its own version in a remote connection
[00:13:43] [Server thread/TRACE] [FML/mixingasm]: The mod mixingasm accepts its own version (0.3)
[00:13:43] [Server thread/DEBUG] [FML/mixingasm]: Attempting to inject @SidedProxy classes into mixingasm
[00:13:43] [Server thread/TRACE] [mixingasm/mixingasm]: Sent event FMLConstructionEvent to mod mixingasm
[00:13:43] [Server thread/DEBUG] [FML/]: Bar Step: Construction - UniMixins: Mixingasm took 0,001s
[00:13:43] [Server thread/TRACE] [spongemixins/spongemixins]: Sending event FMLConstructionEvent to mod spongemixins
[00:13:43] [Server thread/INFO] [foamfix/spongemixins]: [Log4JExploitFix] Applying Log4j exploit mitigation to ru/timeconqueror/spongemixins/repackage/com/gtnewhorizon/gtnhmixins/GTNHMixins/getLogger!
[00:13:43] [Server thread/TRACE] [FML/spongemixins]: Mod spongemixins is using network checker : No network checking performed
[00:13:43] [Server thread/TRACE] [FML/spongemixins]: Testing mod spongemixins to verify it accepts its own version in a remote connection
[00:13:43] [Server thread/TRACE] [FML/spongemixins]: The mod spongemixins accepts its own version (2.0.1)
[00:13:43] [Server thread/DEBUG] [FML/spongemixins]: Attempting to inject @SidedProxy classes into spongemixins
[00:13:43] [Server thread/TRACE] [spongemixins/spongemixins]: Sent event FMLConstructionEvent to mod spongemixins
[00:13:43] [Server thread/DEBUG] [FML/]: Bar Step: Construction - UniMixins: SpongeMixins took 0,001s
[00:13:43] [Server thread/TRACE] [mixinbooterlegacy/mixinbooterlegacy]: Sending event FMLConstructionEvent to mod mixinbooterlegacy
[00:13:43] [Server thread/TRACE] [FML/mixinbooterlegacy]: Mod mixinbooterlegacy is using network checker : No network checking performed
[00:13:43] [Server thread/TRACE] [FML/mixinbooterlegacy]: Testing mod mixinbooterlegacy to verify it accepts its own version in a remote connection
[00:13:43] [Server thread/TRACE] [FML/mixinbooterlegacy]: The mod mixinbooterlegacy accepts its own version (1.2.1)
[00:13:43] [Server thread/DEBUG] [FML/mixinbooterlegacy]: Attempting to inject @SidedProxy classes into mixinbooterlegacy
[00:13:43] [Server thread/TRACE] [mixinbooterlegacy/mixinbooterlegacy]: Sent event FMLConstructionEvent to mod mixinbooterlegacy
[00:13:43] [Server thread/DEBUG] [FML/]: Bar Step: Construction - UniMixins: MixinBooterLegacy took 0,001s
[00:13:43] [Server thread/TRACE] [gtnhmixins/gtnhmixins]: Sending event FMLConstructionEvent to mod gtnhmixins
[00:13:43] [Server thread/TRACE] [FML/gtnhmixins]: Mod gtnhmixins is using network checker : No network checking performed
[00:13:43] [Server thread/TRACE] [FML/gtnhmixins]: Testing mod gtnhmixins to verify it accepts its own version in a remote connection
[00:13:43] [Server thread/TRACE] [FML/gtnhmixins]: The mod gtnhmixins accepts its own version (2.2.0)
[00:13:43] [Server thread/DEBUG] [FML/gtnhmixins]: Attempting to inject @SidedProxy classes into gtnhmixins
[00:13:43] [Server thread/TRACE] [gtnhmixins/gtnhmixins]: Sent event FMLConstructionEvent to mod gtnhmixins
[00:13:43] [Server thread/DEBUG] [FML/]: Bar Step: Construction - UniMixins: GTNHMixins took 0,001s
[00:13:43] [Server thread/TRACE] [mixinextras/mixinextras]: Sending event FMLConstructionEvent to mod mixinextras
[00:13:43] [Server thread/TRACE] [FML/mixinextras]: Mod mixinextras is using network checker : No network checking performed
[00:13:43] [Server thread/TRACE] [FML/mixinextras]: Testing mod mixinextras to verify it accepts its own version in a remote connection
[00:13:43] [Server thread/TRACE] [FML/mixinextras]: The mod mixinextras accepts its own version (0.2.1)
[00:13:43] [Server thread/DEBUG] [FML/mixinextras]: Attempting to inject @SidedProxy classes into mixinextras
[00:13:43] [Server thread/TRACE] [mixinextras/mixinextras]: Sent event FMLConstructionEvent to mod mixinextras
[00:13:43] [Server thread/DEBUG] [FML/]: Bar Step: Construction - UniMixins: MixinExtras took 0,001s
[00:13:43] [Server thread/TRACE] [aiimprovements/aiimprovements]: Sending event FMLConstructionEvent to mod aiimprovements
[00:13:43] [Server thread/INFO] [foamfix/aiimprovements]: [Log4JExploitFix] Applying Log4j exploit mitigation to com/builtbroken/ai/improvements/AIImprovements/getLogger!
[00:13:43] [Server thread/DEBUG] [FastCraft/aiimprovements]: 14 / 21 applied
[00:13:43] [Server thread/TRACE] [FastCraft/aiimprovements]: 2fef7b47 6a792565 c8279ba2 84274be4 ce4e7906 6518b690 e5fd58fe
[00:13:43] [Server thread/TRACE] [FML/aiimprovements]: Mod aiimprovements is using network checker : No network checking performed
[00:13:43] [Server thread/TRACE] [FML/aiimprovements]: Testing mod aiimprovements to verify it accepts its own version in a remote connection
[00:13:43] [Server thread/TRACE] [FML/aiimprovements]: The mod aiimprovements accepts its own version (0.0.1.8)
[00:13:43] [Server thread/DEBUG] [FML/aiimprovements]: Attempting to inject @SidedProxy classes into aiimprovements
[00:13:43] [Server thread/TRACE] [aiimprovements/aiimprovements]: Sent event FMLConstructionEvent to mod aiimprovements
[00:13:43] [Server thread/DEBUG] [FML/]: Bar Step: Construction - AI Improvements took 0,012s
[00:13:43] [Server thread/TRACE] [archaicfix/archaicfix]: Sending event FMLConstructionEvent to mod archaicfix
[00:13:43] [Server thread/INFO] [foamfix/archaicfix]: [Log4JExploitFix] Applying Log4j exploit mitigation to net/minecraft/network/NetHandlerPlayServer/getLogger!
[00:13:43] [Server thread/DEBUG] [mixin/archaicfix]: Mixing common.core.MixinNetHandlerPlayServer from mixins.archaicfix.early.json into net.minecraft.network.NetHandlerPlayServer
[00:13:43] [Server thread/TRACE] [mixin/archaicfix]: Added class metadata for net/minecraft/network/play/INetHandlerPlayServer to metadata cache
[00:13:43] [Server thread/TRACE] [mixin/archaicfix]: Added class metadata for net/minecraft/network/INetHandler to metadata cache
[00:13:43] [Server thread/TRACE] [FML/archaicfix]: Mod archaicfix is using network checker : Invoking method doVersionCheck
[00:13:43] [Server thread/TRACE] [FML/archaicfix]: Testing mod archaicfix to verify it accepts its own version in a remote connection
[00:13:43] [Server thread/TRACE] [FML/archaicfix]: The mod archaicfix accepts its own version (0.7.9)
[00:13:43] [Server thread/DEBUG] [FML/archaicfix]: Attempting to inject @SidedProxy classes into archaicfix
[00:13:43] [Server thread/TRACE] [archaicfix/archaicfix]: Sent event FMLConstructionEvent to mod archaicfix
[00:13:43] [Server thread/DEBUG] [FML/]: Bar Step: Construction - ArchaicFix took 0,018s
[00:13:43] [Server thread/TRACE] [carbonconfig/carbonconfig]: Sending event FMLConstructionEvent to mod carbonconfig
[00:13:43] [Server thread/INFO] [foamfix/carbonconfig]: [Log4JExploitFix] Applying Log4j exploit mitigation to carbonconfiglib/CarbonConfig/getLogger!
[00:13:43] [Server thread/TRACE] [FML/carbonconfig]: Mod carbonconfig is using network checker : No network checking performed
[00:13:43] [Server thread/TRACE] [FML/carbonconfig]: Testing mod carbonconfig to verify it accepts its own version in a remote connection
[00:13:43] [Server thread/TRACE] [FML/carbonconfig]: The mod carbonconfig accepts its own version (1.1.3)
[00:13:43] [Server thread/DEBUG] [FML/carbonconfig]: Attempting to inject @SidedProxy classes into carbonconfig
[00:13:43] [Server thread/TRACE] [carbonconfig/carbonconfig]: Sent event FMLConstructionEvent to mod carbonconfig
[00:13:43] [Server thread/DEBUG] [FML/]: Bar Step: Construction - Carbon Config Library took 0,055s
[00:13:43] [Server thread/TRACE] [chunkpregenerator/chunkpregenerator]: Sending event FMLConstructionEvent to mod chunkpregenerator
[00:13:43] [Server thread/INFO] [foamfix/chunkpregenerator]: [Log4JExploitFix] Applying Log4j exploit mitigation to pregenerator/ChunkPregenerator/getLogger!
[00:13:43] [Server thread/TRACE] [FML/chunkpregenerator]: Mod chunkpregenerator is using network checker : No network checking performed
[00:13:43] [Server thread/TRACE] [FML/chunkpregenerator]: Testing mod chunkpregenerator to verify it accepts its own version in a remote connection
[00:13:43] [Server thread/TRACE] [FML/chunkpregenerator]: The mod chunkpregenerator accepts its own version (4.4.9)
[00:13:43] [Server thread/DEBUG] [FML/chunkpregenerator]: Attempting to inject @SidedProxy classes into chunkpregenerator
[00:13:43] [Server thread/TRACE] [chunkpregenerator/chunkpregenerator]: Sent event FMLConstructionEvent to mod chunkpregenerator
[00:13:43] [Server thread/DEBUG] [FML/]: Bar Step: Construction - Chunk Pregenerator took 0,067s
[00:13:43] [Server thread/TRACE] [ChunkPurge/ChunkPurge]: Sending event FMLConstructionEvent to mod ChunkPurge
[00:13:43] [Server thread/TRACE] [FML/ChunkPurge]: Mod ChunkPurge is using network checker : No network checking performed
[00:13:43] [Server thread/TRACE] [FML/ChunkPurge]: Testing mod ChunkPurge to verify it accepts its own version in a remote connection
[00:13:43] [Server thread/TRACE] [FML/ChunkPurge]: The mod ChunkPurge accepts its own version (2.1)
[00:13:43] [Server thread/DEBUG] [FML/ChunkPurge]: Attempting to inject @SidedProxy classes into ChunkPurge
[00:13:43] [Server thread/TRACE] [ChunkPurge/ChunkPurge]: Sent event FMLConstructionEvent to mod ChunkPurge
[00:13:43] [Server thread/DEBUG] [FML/]: Bar Step: Construction - Chunk Purge took 0,007s
[00:13:43] [Server thread/TRACE] [foamfix/foamfix]: Sending event FMLConstructionEvent to mod foamfix
[00:13:43] [Server thread/TRACE] [FML/foamfix]: Mod foamfix is using network checker : No network checking performed
[00:13:43] [Server thread/TRACE] [FML/foamfix]: Testing mod foamfix to verify it accepts its own version in a remote connection
[00:13:43] [Server thread/TRACE] [FML/foamfix]: The mod foamfix accepts its own version (@VERSION@)
[00:13:43] [Server thread/DEBUG] [FML/foamfix]: Attempting to inject @SidedProxy classes into foamfix
[00:13:43] [Server thread/TRACE] [foamfix/foamfix]: Sent event FMLConstructionEvent to mod foamfix
[00:13:43] [Server thread/DEBUG] [FML/]: Bar Step: Construction - FoamFix took 0,001s
[00:13:43] [Server thread/TRACE] [gvc/gvc]: Sending event FMLConstructionEvent to mod gvc
[00:13:43] [Server thread/INFO] [foamfix/gvc]: [Log4JExploitFix] Applying Log4j exploit mitigation to net/gliby/voicechat/common/VoiceChatServer/getLogger!
[00:13:43] [Server thread/TRACE] [FML/gvc]: Mod gvc is using network checker : Accepting version 0.6.1
[00:13:43] [Server thread/TRACE] [FML/gvc]: Testing mod gvc to verify it accepts its own version in a remote connection
[00:13:43] [Server thread/TRACE] [FML/gvc]: The mod gvc accepts its own version (0.6.1)
[00:13:43] [Server thread/DEBUG] [FML/gvc]: Attempting to inject @SidedProxy classes into gvc
[00:13:43] [Server thread/TRACE] [gvc/gvc]: Sent event FMLConstructionEvent to mod gvc
[00:13:43] [Server thread/DEBUG] [FML/]: Bar Step: Construction - �aGliby's�f Voice Chat Mod took 0,011s
[00:13:43] [Server thread/TRACE] [gtnhlib/gtnhlib]: Sending event FMLConstructionEvent to mod gtnhlib
[00:13:43] [Server thread/INFO] [foamfix/gtnhlib]: [Log4JExploitFix] Applying Log4j exploit mitigation to com/gtnewhorizon/gtnhlib/GTNHLib/getLogger!
[00:13:43] [Server thread/TRACE] [FML/gtnhlib]: Mod gtnhlib is using network checker : Accepting range [0.0.13,)
[00:13:43] [Server thread/TRACE] [FML/gtnhlib]: Testing mod gtnhlib to verify it accepts its own version in a remote connection
[00:13:43] [Server thread/TRACE] [FML/gtnhlib]: The mod gtnhlib accepts its own version (0.9.45)
[00:13:43] [Server thread/DEBUG] [FML/gtnhlib]: Attempting to inject @SidedProxy classes into gtnhlib
[00:13:43] [Server thread/INFO] [foamfix/gtnhlib]: [Log4JExploitFix] Applying Log4j exploit mitigation to com/gtnewhorizon/gtnhlib/eventbus/AutoEventBus/getLogger!
[00:13:43] [Server thread/TRACE] [gtnhlib/gtnhlib]: Sent event FMLConstructionEvent to mod gtnhlib
[00:13:43] [Server thread/DEBUG] [FML/]: Bar Step: Construction - GTNH Lib took 0,014s
[00:13:43] [Server thread/TRACE] [iChunUtil/iChunUtil]: Sending event FMLConstructionEvent to mod iChunUtil
[00:13:43] [Server thread/INFO] [foamfix/iChunUtil]: [Log4JExploitFix] Applying Log4j exploit mitigation to ichun/common/iChunUtil/getLogger!
[00:13:43] [Server thread/TRACE] [FML/iChunUtil]: Mod iChunUtil is using network checker : Accepting version 4.2.3
[00:13:43] [Server thread/TRACE] [FML/iChunUtil]: Testing mod iChunUtil to verify it accepts its own version in a remote connection
[00:13:43] [Server thread/TRACE] [FML/iChunUtil]: The mod iChunUtil accepts its own version (4.2.3)
[00:13:43] [Server thread/DEBUG] [FML/iChunUtil]: Attempting to inject @SidedProxy classes into iChunUtil
[00:13:43] [Server thread/TRACE] [iChunUtil/iChunUtil]: Sent event FMLConstructionEvent to mod iChunUtil
[00:13:43] [Server thread/DEBUG] [FML/]: Bar Step: Construction - iChunUtil took 0,011s
[00:13:43] [Server thread/TRACE] [Hats/Hats]: Sending event FMLConstructionEvent to mod Hats
[00:13:43] [Server thread/INFO] [foamfix/Hats]: [Log4JExploitFix] Applying Log4j exploit mitigation to hats/common/Hats/getLogger!
[00:13:43] [Server thread/TRACE] [FML/Hats]: Mod Hats is using network checker : Accepting range [4.0.0,4.1.0)
[00:13:43] [Server thread/TRACE] [FML/Hats]: Testing mod Hats to verify it accepts its own version in a remote connection
[00:13:43] [Server thread/TRACE] [FML/Hats]: The mod Hats accepts its own version (4.0.1)
[00:13:43] [Server thread/DEBUG] [FML/Hats]: Attempting to inject @SidedProxy classes into Hats
[00:13:43] [Server thread/TRACE] [Hats/Hats]: Sent event FMLConstructionEvent to mod Hats
[00:13:43] [Server thread/DEBUG] [FML/]: Bar Step: Construction - Hats took 0,008s
[00:13:43] [Server thread/TRACE] [InventoryPets/InventoryPets]: Sending event FMLConstructionEvent to mod InventoryPets
[00:13:43] [Server thread/TRACE] [FML/InventoryPets]: Mod InventoryPets is using network checker : Accepting version 1.5.2
[00:13:43] [Server thread/TRACE] [FML/InventoryPets]: Testing mod InventoryPets to verify it accepts its own version in a remote connection
[00:13:43] [Server thread/TRACE] [FML/InventoryPets]: The mod InventoryPets accepts its own version (1.5.2)
[00:13:43] [Server thread/DEBUG] [FML/InventoryPets]: Attempting to inject @SidedProxy classes into InventoryPets
[00:13:43] [Server thread/TRACE] [InventoryPets/InventoryPets]: Sent event FMLConstructionEvent to mod InventoryPets
[00:13:43] [Server thread/DEBUG] [FML/]: Bar Step: Construction - Inventory Pets took 0,036s
[00:13:43] [Server thread/TRACE] [ironbackpacks/ironbackpacks]: Sending event FMLConstructionEvent to mod ironbackpacks
[00:13:43] [Server thread/TRACE] [FML/ironbackpacks]: Mod ironbackpacks is using network checker : Accepting version 1.7.10-1.2.20
[00:13:43] [Server thread/TRACE] [FML/ironbackpacks]: Testing mod ironbackpacks to verify it accepts its own version in a remote connection
[00:13:43] [Server thread/TRACE] [FML/ironbackpacks]: The mod ironbackpacks accepts its own version (1.7.10-1.2.20)
[00:13:43] [Server thread/DEBUG] [FML/ironbackpacks]: Attempting to inject @SidedProxy classes into ironbackpacks
[00:13:43] [Server thread/TRACE] [ironbackpacks/ironbackpacks]: Sent event FMLConstructionEvent to mod ironbackpacks
[00:13:43] [Server thread/DEBUG] [FML/]: Bar Step: Construction - Iron Backpacks took 0,005s
[00:13:43] [Server thread/TRACE] [IronChest/IronChest]: Sending event FMLConstructionEvent to mod IronChest
[00:13:43] [Server thread/TRACE] [FML/IronChest]: Mod IronChest is using network checker : Accepting version 6.1.11
[00:13:43] [Server thread/TRACE] [FML/IronChest]: Testing mod IronChest to verify it accepts its own version in a remote connection
[00:13:43] [Server thread/TRACE] [FML/IronChest]: The mod IronChest accepts its own version (6.1.11)
[00:13:43] [Server thread/DEBUG] [FML/IronChest]: Attempting to inject @SidedProxy classes into IronChest
[00:13:43] [Server thread/TRACE] [IronChest/IronChest]: Sent event FMLConstructionEvent to mod IronChest
[00:13:43] [Server thread/DEBUG] [FML/]: Bar Step: Construction - Iron Chests took 0,006s
[00:13:43] [Server thread/TRACE] [lucky/lucky]: Sending event FMLConstructionEvent to mod lucky
[00:13:43] [Server thread/TRACE] [FML/lucky]: Mod lucky is using network checker : Accepting version 5.1.0
[00:13:43] [Server thread/TRACE] [FML/lucky]: Testing mod lucky to verify it accepts its own version in a remote connection
[00:13:43] [Server thread/TRACE] [FML/lucky]: The mod lucky accepts its own version (5.1.0)
[00:13:43] [Server thread/DEBUG] [FML/lucky]: Attempting to inject @SidedProxy classes into lucky
[00:13:43] [Server thread/TRACE] [lucky/lucky]: Sent event FMLConstructionEvent to mod lucky
[00:13:43] [Server thread/DEBUG] [FML/]: Bar Step: Construction - Lucky Block took 0,005s
[00:13:43] [Server thread/TRACE] [MoreFurnaces/MoreFurnaces]: Sending event FMLConstructionEvent to mod MoreFurnaces
[00:13:43] [Server thread/TRACE] [FML/MoreFurnaces]: Mod MoreFurnaces is using network checker : Accepting version 1.3.9
[00:13:43] [Server thread/TRACE] [FML/MoreFurnaces]: Testing mod MoreFurnaces to verify it accepts its own version in a remote connection
[00:13:43] [Server thread/TRACE] [FML/MoreFurnaces]: The mod MoreFurnaces accepts its own version (1.3.9)
[00:13:43] [Server thread/DEBUG] [FML/MoreFurnaces]: Attempting to inject @SidedProxy classes into MoreFurnaces
[00:13:43] [Server thread/TRACE] [MoreFurnaces/MoreFurnaces]: Sent event FMLConstructionEvent to mod MoreFurnaces
[00:13:43] [Server thread/DEBUG] [FML/]: Bar Step: Construction - More Furnaces took 0,004s
[00:13:43] [Server thread/TRACE] [OreSpawn/OreSpawn]: Sending event FMLConstructionEvent to mod OreSpawn
[00:13:43] [Server thread/TRACE] [FML/OreSpawn]: Mod OreSpawn is using network checker : Accepting version 1.7.10.20.3
[00:13:43] [Server thread/TRACE] [FML/OreSpawn]: Testing mod OreSpawn to verify it accepts its own version in a remote connection
[00:13:43] [Server thread/TRACE] [FML/OreSpawn]: The mod OreSpawn accepts its own version (1.7.10.20.3)
[00:13:43] [Server thread/DEBUG] [FML/OreSpawn]: Attempting to inject @SidedProxy classes into OreSpawn
[00:13:43] [Server thread/TRACE] [OreSpawn/OreSpawn]: Sent event FMLConstructionEvent to mod OreSpawn
[00:13:43] [Server thread/DEBUG] [FML/]: Bar Step: Construction - OreSpawn took 0,121s
[00:13:43] [Server thread/TRACE] [PortalGun/PortalGun]: Sending event FMLConstructionEvent to mod PortalGun
[00:13:43] [Server thread/INFO] [foamfix/PortalGun]: [Log4JExploitFix] Applying Log4j exploit mitigation to portalgun/common/PortalGun/getLogger!
[00:13:43] [Server thread/TRACE] [FML/PortalGun]: Mod PortalGun is using network checker : Accepting version 4.0.0-beta-6
[00:13:43] [Server thread/TRACE] [FML/PortalGun]: Testing mod PortalGun to verify it accepts its own version in a remote connection
[00:13:43] [Server thread/TRACE] [FML/PortalGun]: The mod PortalGun accepts its own version (4.0.0-beta-6)
[00:13:43] [Server thread/DEBUG] [FML/PortalGun]: Attempting to inject @SidedProxy classes into PortalGun
[00:13:43] [Server thread/TRACE] [PortalGun/PortalGun]: Sent event FMLConstructionEvent to mod PortalGun
[00:13:43] [Server thread/DEBUG] [FML/]: Bar Step: Construction - PortalGun took 0,023s
[00:13:43] [Server thread/TRACE] [denseores/denseores]: Sending event FMLConstructionEvent to mod denseores
[00:13:43] [Server thread/TRACE] [FML/denseores]: Mod denseores is using network checker : Accepting version 1.0
[00:13:43] [Server thread/TRACE] [FML/denseores]: Testing mod denseores to verify it accepts its own version in a remote connection
[00:13:43] [Server thread/TRACE] [FML/denseores]: The mod denseores accepts its own version (1.0)
[00:13:43] [Server thread/DEBUG] [FML/denseores]: Attempting to inject @SidedProxy classes into denseores
[00:13:43] [Server thread/TRACE] [denseores/denseores]: Sent event FMLConstructionEvent to mod denseores
[00:13:43] [Server thread/DEBUG] [FML/]: Bar Step: Construction - Dense Ores took 0,001s
[00:13:43] [Server thread/DEBUG] [FML/]: Bar Finished: Construction took 0,731s
[00:13:43] [Server thread/DEBUG] [FML/]: Mod signature data
[00:13:43] [Server thread/DEBUG] [FML/]:  	Valid Signatures:
[00:13:43] [Server thread/DEBUG] [FML/]: 		(33d120ed244004016981caddbb21dce75419f453) FastCraft	(FastCraft	1.25)	fastcraft-1.25.jar
[00:13:43] [Server thread/DEBUG] [FML/]:  	Missing Signatures:
[00:13:43] [Server thread/DEBUG] [FML/]: 		mcp	(Minecraft Coder Pack	9.05)	minecraft.jar
[00:13:43] [Server thread/DEBUG] [FML/]: 		FML	(Forge Mod Loader	7.10.99.99)	forge-1.7.10-10.13.4.1614-1.7.10-universal.jar
[00:13:43] [Server thread/DEBUG] [FML/]: 		Forge	(Minecraft Forge	10.13.4.1614)	forge-1.7.10-10.13.4.1614-1.7.10-universal.jar
[00:13:43] [Server thread/DEBUG] [FML/]: 		CodeChickenCore	(CodeChicken Core	1.4.12)	minecraft.jar
[00:13:43] [Server thread/DEBUG] [FML/]: 		NotEnoughItems	(NotEnoughItems	2.8.81-GTNH)	NotEnoughItems-2.8.81-GTNH.jar
[00:13:43] [Server thread/DEBUG] [FML/]: 		GTNHLib Core	(GTNHLib Core	0.9.45)	minecraft.jar
[00:13:43] [Server thread/DEBUG] [FML/]: 		FoamFixCore	(FoamFixCore	1.0.4)	minecraft.jar
[00:13:43] [Server thread/DEBUG] [FML/]: 		debug	(debug	1.0)	denseores-1.6.2.jar
[00:13:43] [Server thread/DEBUG] [FML/]: 		unimixins	(UniMixins	0.2.1)	+unimixins-all-1.7.10-0.2.1.jar
[00:13:43] [Server thread/DEBUG] [FML/]: 		unimixins-mixin	(UniMixins: Mixin (UniMix)	0.2.1)	+unimixins-all-1.7.10-0.2.1.jar
[00:13:43] [Server thread/DEBUG] [FML/]: 		unimixins-compat	(UniMixins: Compatibility	0.2.1)	+unimixins-all-1.7.10-0.2.1.jar
[00:13:43] [Server thread/DEBUG] [FML/]: 		mixingasm	(UniMixins: Mixingasm	0.3)	+unimixins-all-1.7.10-0.2.1.jar
[00:13:43] [Server thread/DEBUG] [FML/]: 		spongemixins	(UniMixins: SpongeMixins	2.0.1)	+unimixins-all-1.7.10-0.2.1.jar
[00:13:43] [Server thread/DEBUG] [FML/]: 		mixinbooterlegacy	(UniMixins: MixinBooterLegacy	1.2.1)	+unimixins-all-1.7.10-0.2.1.jar
[00:13:43] [Server thread/DEBUG] [FML/]: 		gtnhmixins	(UniMixins: GTNHMixins	2.2.0)	+unimixins-all-1.7.10-0.2.1.jar
[00:13:43] [Server thread/DEBUG] [FML/]: 		mixinextras	(UniMixins: MixinExtras	0.2.1)	+unimixins-all-1.7.10-0.2.1.jar
[00:13:43] [Server thread/DEBUG] [FML/]: 		aiimprovements	(AI Improvements	0.0.1.8)	AIImprovements-1.7.10-0.0.1b8.jar
[00:13:43] [Server thread/DEBUG] [FML/]: 		archaicfix	(ArchaicFix	0.7.9)	archaicfix-0.7.9.jar
[00:13:43] [Server thread/DEBUG] [FML/]: 		carbonconfig	(Carbon Config Library	1.1.3)	CarbonConfig-1.7.10-1.2.4.jar
[00:13:43] [Server thread/DEBUG] [FML/]: 		chunkpregenerator	(Chunk Pregenerator	4.4.9)	Chunk-Pregenerator-1.7.10-4.4.9.1.jar
[00:13:43] [Server thread/DEBUG] [FML/]: 		ChunkPurge	(Chunk Purge	2.1)	ChunkPurge-1.7.10-2.1.jar
[00:13:43] [Server thread/DEBUG] [FML/]: 		foamfix	(FoamFix	@VERSION@)	FoamFix-1.7.10-universal-1.0.4.jar
[00:13:43] [Server thread/DEBUG] [FML/]: 		gvc	(�aGliby's�f Voice Chat Mod	0.6.1)	GlibysVC-1.7.10-0.6.2a.jar
[00:13:43] [Server thread/DEBUG] [FML/]: 		gtnhlib	(GTNH Lib	0.9.45)	gtnhlib-0.9.45.jar
[00:13:43] [Server thread/DEBUG] [FML/]: 		iChunUtil	(iChunUtil	4.2.3)	iChunUtil-4.2.3.jar
[00:13:43] [Server thread/DEBUG] [FML/]: 		Hats	(Hats	4.0.1)	Hats-4.0.1.jar
[00:13:43] [Server thread/DEBUG] [FML/]: 		InventoryPets	(Inventory Pets	1.5.2)	inventorypets-1.7.10-1.5.2.jar
[00:13:43] [Server thread/DEBUG] [FML/]: 		ironbackpacks	(Iron Backpacks	1.7.10-1.2.20)	IronBackpacks-1.7.10-1.2.20.jar
[00:13:43] [Server thread/DEBUG] [FML/]: 		IronChest	(Iron Chests	6.1.11)	IronChest-6.1.11.jar
[00:13:43] [Server thread/DEBUG] [FML/]: 		lucky	(Lucky Block	5.1.0)	lucky-block-forge-1.7.10-1.0.jar
[00:13:43] [Server thread/DEBUG] [FML/]: 		MoreFurnaces	(More Furnaces	1.3.9)	MoreFurnaces-1.3.9-MC1.7.10.jar
[00:13:43] [Server thread/DEBUG] [FML/]: 		OreSpawn	(OreSpawn	1.7.10.20.3)	orespawn-1.7.10-20.3.jar
[00:13:43] [Server thread/DEBUG] [FML/]: 		PortalGun	(PortalGun	4.0.0-beta-6)	PortalGun-4.0.0-beta-6-fix-1.jar
[00:13:43] [Server thread/DEBUG] [FML/]: 		denseores	(Dense Ores	1.0)	denseores-1.6.2.jar
[00:13:43] [Server thread/INFO] [FML/]: Processing ObjectHolder annotations
[00:13:43] [Server thread/INFO] [FML/]: Found 341 ObjectHolder annotations
[00:13:43] [Server thread/INFO] [FML/]: Identifying ItemStackHolder annotations
[00:13:43] [Server thread/INFO] [FML/]: Found 0 ItemStackHolder annotations
[00:13:43] [Server thread/TRACE] [mcp/mcp]: Sending event FMLPreInitializationEvent to mod mcp
[00:13:43] [Server thread/TRACE] [mcp/mcp]: Sent event FMLPreInitializationEvent to mod mcp
[00:13:43] [Server thread/DEBUG] [FML/]: Bar Step: PreInitialization - Minecraft Coder Pack took 0,000s
[00:13:43] [Server thread/TRACE] [FML/FML]: Sending event FMLPreInitializationEvent to mod FML
[00:13:43] [Server thread/TRACE] [FML/FML]: Sent event FMLPreInitializationEvent to mod FML
[00:13:43] [Server thread/DEBUG] [FML/]: Bar Step: PreInitialization - Forge Mod Loader took 0,000s
[00:13:43] [Server thread/TRACE] [Forge/Forge]: Sending event FMLPreInitializationEvent to mod Forge
[00:13:43] [Server thread/DEBUG] [mixin/Forge]: Mixing common.core.MixinForgeChunkManager from mixins.archaicfix.early.json into net.minecraftforge.common.ForgeChunkManager
[00:13:43] [Server thread/TRACE] [mixin/Forge]: Added class metadata for org/embeddedt/archaicfix/helpers/ChickenChunkHelper to metadata cache
[00:13:43] [Server thread/DEBUG] [mixin/Forge]: mixins.archaicfix.early.json:common.core.MixinForgeChunkManager from mod archaicfix->@Inject::callCCLoadHandler(Lnet/minecraft/world/World;Lorg/spongepowered/asm/mixin/injection/callback/CallbackInfo;)V doesn't use it's CallbackInfo
[00:13:43] [Server thread/INFO] [FML/Forge]: Configured a dormant chunk cache size of 0
[00:13:43] [Server thread/TRACE] [Forge/Forge]: Sent event FMLPreInitializationEvent to mod Forge
[00:13:43] [Server thread/DEBUG] [FML/]: Bar Step: PreInitialization - Minecraft Forge took 0,020s
[00:13:43] [Server thread/TRACE] [CodeChickenCore/CodeChickenCore]: Sending event FMLPreInitializationEvent to mod CodeChickenCore
[00:13:43] [Server thread/TRACE] [CodeChickenCore/CodeChickenCore]: Sent event FMLPreInitializationEvent to mod CodeChickenCore
[00:13:43] [Server thread/DEBUG] [FML/]: Bar Step: PreInitialization - CodeChicken Core took 0,000s
[00:13:43] [Server thread/TRACE] [NotEnoughItems/NotEnoughItems]: Sending event FMLPreInitializationEvent to mod NotEnoughItems
[00:13:43] [Server thread/TRACE] [NotEnoughItems/NotEnoughItems]: Sent event FMLPreInitializationEvent to mod NotEnoughItems
[00:13:43] [Server thread/DEBUG] [FML/]: Bar Step: PreInitialization - NotEnoughItems took 0,001s
[00:13:43] [Server thread/TRACE] [GTNHLib Core/GTNHLib Core]: Sending event FMLPreInitializationEvent to mod GTNHLib Core
[00:13:43] [Server thread/TRACE] [GTNHLib Core/GTNHLib Core]: Sent event FMLPreInitializationEvent to mod GTNHLib Core
[00:13:43] [Server thread/DEBUG] [FML/]: Bar Step: PreInitialization - GTNHLib Core took 0,000s
[00:13:43] [Server thread/TRACE] [FoamFixCore/FoamFixCore]: Sending event FMLPreInitializationEvent to mod FoamFixCore
[00:13:43] [Server thread/TRACE] [FoamFixCore/FoamFixCore]: Sent event FMLPreInitializationEvent to mod FoamFixCore
[00:13:43] [Server thread/DEBUG] [FML/]: Bar Step: PreInitialization - FoamFixCore took 0,000s
[00:13:43] [Server thread/TRACE] [FastCraft/FastCraft]: Sending event FMLPreInitializationEvent to mod FastCraft
[00:13:43] [Server thread/INFO] [FastCraft/FastCraft]: FastCraft 1.25 loaded.
[00:13:43] [Server thread/TRACE] [FastCraft/FastCraft]: Sent event FMLPreInitializationEvent to mod FastCraft
[00:13:43] [Server thread/DEBUG] [FML/]: Bar Step: PreInitialization - FastCraft took 0,004s
[00:13:43] [Server thread/TRACE] [debug/debug]: Sending event FMLPreInitializationEvent to mod debug
[00:13:43] [Server thread/TRACE] [debug/debug]: Sent event FMLPreInitializationEvent to mod debug
[00:13:43] [Server thread/DEBUG] [FML/]: Bar Step: PreInitialization - debug took 0,000s
[00:13:43] [Server thread/TRACE] [unimixins/unimixins]: Sending event FMLPreInitializationEvent to mod unimixins
[00:13:43] [Server thread/TRACE] [unimixins/unimixins]: Sent event FMLPreInitializationEvent to mod unimixins
[00:13:43] [Server thread/DEBUG] [FML/]: Bar Step: PreInitialization - UniMixins took 0,000s
[00:13:43] [Server thread/TRACE] [unimixins-mixin/unimixins-mixin]: Sending event FMLPreInitializationEvent to mod unimixins-mixin
[00:13:43] [Server thread/TRACE] [unimixins-mixin/unimixins-mixin]: Sent event FMLPreInitializationEvent to mod unimixins-mixin
[00:13:43] [Server thread/DEBUG] [FML/]: Bar Step: PreInitialization - UniMixins: Mixin (UniMix) took 0,000s
[00:13:43] [Server thread/TRACE] [unimixins-compat/unimixins-compat]: Sending event FMLPreInitializationEvent to mod unimixins-compat
[00:13:43] [Server thread/TRACE] [unimixins-compat/unimixins-compat]: Sent event FMLPreInitializationEvent to mod unimixins-compat
[00:13:43] [Server thread/DEBUG] [FML/]: Bar Step: PreInitialization - UniMixins: Compatibility took 0,000s
[00:13:43] [Server thread/TRACE] [mixingasm/mixingasm]: Sending event FMLPreInitializationEvent to mod mixingasm
[00:13:43] [Server thread/TRACE] [mixingasm/mixingasm]: Sent event FMLPreInitializationEvent to mod mixingasm
[00:13:43] [Server thread/DEBUG] [FML/]: Bar Step: PreInitialization - UniMixins: Mixingasm took 0,000s
[00:13:43] [Server thread/TRACE] [spongemixins/spongemixins]: Sending event FMLPreInitializationEvent to mod spongemixins
[00:13:43] [Server thread/TRACE] [spongemixins/spongemixins]: Sent event FMLPreInitializationEvent to mod spongemixins
[00:13:43] [Server thread/DEBUG] [FML/]: Bar Step: PreInitialization - UniMixins: SpongeMixins took 0,000s
[00:13:43] [Server thread/TRACE] [mixinbooterlegacy/mixinbooterlegacy]: Sending event FMLPreInitializationEvent to mod mixinbooterlegacy
[00:13:43] [Server thread/TRACE] [mixinbooterlegacy/mixinbooterlegacy]: Sent event FMLPreInitializationEvent to mod mixinbooterlegacy
[00:13:43] [Server thread/DEBUG] [FML/]: Bar Step: PreInitialization - UniMixins: MixinBooterLegacy took 0,000s
[00:13:43] [Server thread/TRACE] [gtnhmixins/gtnhmixins]: Sending event FMLPreInitializationEvent to mod gtnhmixins
[00:13:43] [Server thread/TRACE] [gtnhmixins/gtnhmixins]: Sent event FMLPreInitializationEvent to mod gtnhmixins
[00:13:43] [Server thread/DEBUG] [FML/]: Bar Step: PreInitialization - UniMixins: GTNHMixins took 0,000s
[00:13:43] [Server thread/TRACE] [mixinextras/mixinextras]: Sending event FMLPreInitializationEvent to mod mixinextras
[00:13:43] [Server thread/TRACE] [mixinextras/mixinextras]: Sent event FMLPreInitializationEvent to mod mixinextras
[00:13:43] [Server thread/DEBUG] [FML/]: Bar Step: PreInitialization - UniMixins: MixinExtras took 0,000s
[00:13:43] [Server thread/TRACE] [aiimprovements/aiimprovements]: Sending event FMLPreInitializationEvent to mod aiimprovements
[00:13:43] [Thread-6/INFO] [foamfix/FastCraft]: [Log4JExploitFix] Applying Log4j exploit mitigation to net/minecraft/server/management/PlayerManager/getLogger!
[00:13:43] [Server thread/INFO] [foamfix/aiimprovements]: [Log4JExploitFix] Applying Log4j exploit mitigation to com/builtbroken/ai/improvements/util/CheckFakeWorld/getLogger!
[00:13:43] [Server thread/TRACE] [aiimprovements/aiimprovements]: Sent event FMLPreInitializationEvent to mod aiimprovements
[00:13:43] [Server thread/DEBUG] [FML/]: Bar Step: PreInitialization - AI Improvements took 0,064s
[00:13:43] [Server thread/TRACE] [archaicfix/archaicfix]: Sending event FMLPreInitializationEvent to mod archaicfix
[00:13:43] [Server thread/INFO] [foamfix/archaicfix]: [Log4JExploitFix] Applying Log4j exploit mitigation to org/embeddedt/archaicfix/ArchaicLogger/getLogger!
[00:13:43] [Server thread/INFO] [ArchaicFix/archaicfix]: Fixed MC-111480
[00:13:43] [Server thread/INFO] [foamfix/archaicfix]: [Log4JExploitFix] Applying Log4j exploit mitigation to net/minecraft/network/NetworkManager/getLogger!
[00:13:43] [Server thread/DEBUG] [mixin/archaicfix]: Mixing common.core.MixinNetworkManager from mixins.archaicfix.early.json into net.minecraft.network.NetworkManager
[00:13:43] [Server thread/TRACE] [mixin/archaicfix]: Added class metadata for io/netty/channel/SimpleChannelInboundHandler to metadata cache
[00:13:43] [Server thread/TRACE] [mixin/archaicfix]: Added class metadata for io/netty/channel/ChannelInboundHandlerAdapter to metadata cache
[00:13:43] [Server thread/TRACE] [mixin/archaicfix]: Added class metadata for io/netty/channel/ChannelHandlerAdapter to metadata cache
[00:13:43] [Server thread/TRACE] [mixin/archaicfix]: Added class metadata for org/embeddedt/archaicfix/ducks/IArchaicNetworkManager to metadata cache
[00:13:43] [Server thread/TRACE] [mixin/archaicfix]: Added class metadata for io/netty/util/Attribute to metadata cache
[00:13:43] [Server thread/TRACE] [mixin/archaicfix]: Added class metadata for net/minecraft/network/EnumConnectionState to metadata cache
[00:13:43] [Server thread/TRACE] [mixin/archaicfix]: Added class metadata for io/netty/channel/ChannelHandler to metadata cache
[00:13:43] [Server thread/TRACE] [mixin/archaicfix]: Added class metadata for io/netty/channel/ChannelInboundHandler to metadata cache
[00:13:43] [Server thread/TRACE] [archaicfix/archaicfix]: Sent event FMLPreInitializationEvent to mod archaicfix
[00:13:43] [Server thread/DEBUG] [FML/]: Bar Step: PreInitialization - ArchaicFix took 0,021s
[00:13:43] [Server thread/TRACE] [carbonconfig/carbonconfig]: Sending event FMLPreInitializationEvent to mod carbonconfig
[00:13:43] [Server thread/TRACE] [carbonconfig/carbonconfig]: Sent event FMLPreInitializationEvent to mod carbonconfig
[00:13:43] [Server thread/DEBUG] [FML/]: Bar Step: PreInitialization - Carbon Config Library took 0,013s
[00:13:43] [Server thread/TRACE] [chunkpregenerator/chunkpregenerator]: Sending event FMLPreInitializationEvent to mod chunkpregenerator
[00:13:43] [Forge Version Check/INFO] [STDERR/Forge]: [java.lang.Throwable$WrappedPrintStream:println:749]: com.google.gson.JsonSyntaxException: java.lang.IllegalStateException: Expected BEGIN_OBJECT but was STRING at line 1 column 1
[00:13:43] [Forge Version Check/INFO] [STDERR/Forge]: [java.lang.Throwable$WrappedPrintStream:println:749]: 	at com.google.gson.Gson.fromJson(Gson.java:815)
[00:13:43] [Forge Version Check/INFO] [STDERR/Forge]: [java.lang.Throwable$WrappedPrintStream:println:749]: 	at com.google.gson.Gson.fromJson(Gson.java:768)
[00:13:43] [Forge Version Check/INFO] [STDERR/Forge]: [java.lang.Throwable$WrappedPrintStream:println:749]: 	at com.google.gson.Gson.fromJson(Gson.java:717)
[00:13:43] [Forge Version Check/INFO] [STDERR/Forge]: [java.lang.Throwable$WrappedPrintStream:println:749]: 	at com.google.gson.Gson.fromJson(Gson.java:689)
[00:13:43] [Forge Version Check/INFO] [STDERR/Forge]: [java.lang.Throwable$WrappedPrintStream:println:749]: 	at net.minecraftforge.common.ForgeVersion$1.run(ForgeVersion.java:94)
[00:13:43] [Forge Version Check/INFO] [STDERR/Forge]: [java.lang.Throwable$WrappedPrintStream:println:749]: Caused by: java.lang.IllegalStateException: Expected BEGIN_OBJECT but was STRING at line 1 column 1
[00:13:43] [Forge Version Check/INFO] [STDERR/Forge]: [java.lang.Throwable$WrappedPrintStream:println:749]: 	at com.google.gson.stream.JsonReader.beginObject(JsonReader.java:374)
[00:13:43] [Forge Version Check/INFO] [STDERR/Forge]: [java.lang.Throwable$WrappedPrintStream:println:749]: 	at com.google.gson.internal.bind.MapTypeAdapterFactory$Adapter.read(MapTypeAdapterFactory.java:183)
[00:13:43] [Forge Version Check/INFO] [STDERR/Forge]: [java.lang.Throwable$WrappedPrintStream:println:749]: 	at com.google.gson.internal.bind.MapTypeAdapterFactory$Adapter.read(MapTypeAdapterFactory.java:145)
[00:13:43] [Forge Version Check/INFO] [STDERR/Forge]: [java.lang.Throwable$WrappedPrintStream:println:749]: 	at com.google.gson.Gson.fromJson(Gson.java:803)
[00:13:43] [Forge Version Check/INFO] [STDERR/Forge]: [java.lang.Throwable$WrappedPrintStream:println:749]: 	... 4 more
[00:13:43] [Server thread/DEBUG] [mixin/chunkpregenerator]: Mixing common.pregen.MixinChunkProcessor from mixins.archaicfix.late.json into pregenerator.impl.processor.generator.ChunkProcessor
[00:13:43] [Server thread/TRACE] [mixin/chunkpregenerator]: Added class metadata for java/lang/System to metadata cache
[00:13:43] [Server thread/TRACE] [mixin/chunkpregenerator]: Added class metadata for java/util/TreeSet to metadata cache
[00:13:43] [Server thread/TRACE] [mixin/chunkpregenerator]: Added class metadata for java/util/concurrent/TimeUnit to metadata cache
[00:13:43] [Server thread/TRACE] [mixin/chunkpregenerator]: Added class metadata for pregenerator/impl/processor/IProcessor to metadata cache
[00:13:43] [Server thread/INFO] [Chunk Pregenerator/chunkpregenerator]: Made the Pregenerator ThreadSave
[00:13:43] [Server thread/TRACE] [chunkpregenerator/chunkpregenerator]: Sent event FMLPreInitializationEvent to mod chunkpregenerator
[00:13:43] [Server thread/DEBUG] [FML/]: Bar Step: PreInitialization - Chunk Pregenerator took 0,174s
[00:13:43] [Server thread/TRACE] [ChunkPurge/ChunkPurge]: Sending event FMLPreInitializationEvent to mod ChunkPurge
[00:13:43] [Server thread/TRACE] [ChunkPurge/ChunkPurge]: Sent event FMLPreInitializationEvent to mod ChunkPurge
[00:13:43] [Server thread/DEBUG] [FML/]: Bar Step: PreInitialization - Chunk Purge took 0,001s
[00:13:43] [Server thread/TRACE] [foamfix/foamfix]: Sending event FMLPreInitializationEvent to mod foamfix
[00:13:43] [Server thread/INFO] [foamfix/foamfix]: Removing LaunchWrapper package manifest map...
[00:13:43] [Server thread/TRACE] [foamfix/foamfix]: Sent event FMLPreInitializationEvent to mod foamfix
[00:13:43] [Server thread/DEBUG] [FML/]: Bar Step: PreInitialization - FoamFix took 0,001s
[00:13:43] [Server thread/TRACE] [gvc/gvc]: Sending event FMLPreInitializationEvent to mod gvc
[00:13:43] [Server thread/TRACE] [gvc/gvc]: Sent event FMLPreInitializationEvent to mod gvc
[00:13:43] [Server thread/DEBUG] [FML/]: Bar Step: PreInitialization - �aGliby's�f Voice Chat Mod took 0,017s
[00:13:43] [Server thread/TRACE] [gtnhlib/gtnhlib]: Sending event FMLPreInitializationEvent to mod gtnhlib
[00:13:43] [Server thread/INFO] [gtnhlib/gtnhlib]: GTNHLib version 0.9.45 loaded.
[00:13:43] [Server thread/TRACE] [gtnhlib/gtnhlib]: Sent event FMLPreInitializationEvent to mod gtnhlib
[00:13:43] [Server thread/DEBUG] [FML/]: Bar Step: PreInitialization - GTNH Lib took 0,064s
[00:13:43] [Server thread/TRACE] [iChunUtil/iChunUtil]: Sending event FMLPreInitializationEvent to mod iChunUtil
[00:13:43] [Server thread/TRACE] [iChunUtil/iChunUtil]: Sent event FMLPreInitializationEvent to mod iChunUtil
[00:13:43] [Server thread/DEBUG] [FML/]: Bar Step: PreInitialization - iChunUtil took 0,010s
[00:13:43] [Server thread/TRACE] [Hats/Hats]: Sending event FMLPreInitializationEvent to mod Hats
[00:13:43] [Server thread/TRACE] [Hats/Hats]: Sent event FMLPreInitializationEvent to mod Hats
[00:13:43] [Server thread/DEBUG] [FML/]: Bar Step: PreInitialization - Hats took 0,009s
[00:13:43] [Server thread/TRACE] [InventoryPets/InventoryPets]: Sending event FMLPreInitializationEvent to mod InventoryPets
[00:13:44] [pool-6-thread-1/INFO] [Gliby's Voice Chat Mod/gvc]: Mod is up-to-date.
[00:13:44] [Server thread/TRACE] [InventoryPets/InventoryPets]: Sent event FMLPreInitializationEvent to mod InventoryPets
[00:13:44] [Server thread/DEBUG] [FML/]: Bar Step: PreInitialization - Inventory Pets took 1,020s
[00:13:44] [Server thread/TRACE] [ironbackpacks/ironbackpacks]: Sending event FMLPreInitializationEvent to mod ironbackpacks
[00:13:44] [Server thread/TRACE] [ironbackpacks/ironbackpacks]: Sent event FMLPreInitializationEvent to mod ironbackpacks
[00:13:44] [Server thread/DEBUG] [FML/]: Bar Step: PreInitialization - Iron Backpacks took 0,031s
[00:13:44] [Server thread/TRACE] [IronChest/IronChest]: Sending event FMLPreInitializationEvent to mod IronChest
[00:13:44] [Server thread/TRACE] [IronChest/IronChest]: Sent event FMLPreInitializationEvent to mod IronChest
[00:13:44] [Server thread/DEBUG] [FML/]: Bar Step: PreInitialization - Iron Chests took 0,014s
[00:13:44] [Server thread/TRACE] [lucky/lucky]: Sending event FMLPreInitializationEvent to mod lucky
[00:13:45] [Server thread/TRACE] [lucky/lucky]: Sent event FMLPreInitializationEvent to mod lucky
[00:13:45] [Server thread/DEBUG] [FML/]: Bar Step: PreInitialization - Lucky Block took 0,243s
[00:13:45] [Server thread/TRACE] [MoreFurnaces/MoreFurnaces]: Sending event FMLPreInitializationEvent to mod MoreFurnaces
[00:13:45] [Server thread/TRACE] [MoreFurnaces/MoreFurnaces]: Sent event FMLPreInitializationEvent to mod MoreFurnaces
[00:13:45] [Server thread/DEBUG] [FML/]: Bar Step: PreInitialization - More Furnaces took 0,006s
[00:13:45] [Server thread/TRACE] [OreSpawn/OreSpawn]: Sending event FMLPreInitializationEvent to mod OreSpawn
[00:13:45] [Server thread/DEBUG] [FML/OreSpawn]: Skipping automatic mod OreSpawn entity registration for already registered class danger.orespawn.SunspotUrchin
[00:13:45] [Server thread/DEBUG] [FML/OreSpawn]: Skipping automatic mod OreSpawn entity registration for already registered class danger.orespawn.WaterBall
[00:13:45] [Server thread/DEBUG] [FML/OreSpawn]: Skipping automatic mod OreSpawn entity registration for already registered class danger.orespawn.InkSack
[00:13:45] [Server thread/DEBUG] [FML/OreSpawn]: Skipping automatic mod OreSpawn entity registration for already registered class danger.orespawn.LaserBall
[00:13:45] [Server thread/DEBUG] [FML/OreSpawn]: Skipping automatic mod OreSpawn entity registration for already registered class danger.orespawn.IceBall
[00:13:45] [Server thread/DEBUG] [FML/OreSpawn]: Skipping automatic mod OreSpawn entity registration for already registered class danger.orespawn.Acid
[00:13:45] [Server thread/DEBUG] [FML/OreSpawn]: Skipping automatic mod OreSpawn entity registration for already registered class danger.orespawn.DeadIrukandji
[00:13:45] [Server thread/DEBUG] [FML/OreSpawn]: Skipping automatic mod OreSpawn entity registration for already registered class danger.orespawn.BerthaHit
[00:13:45] [Server thread/DEBUG] [FML/OreSpawn]: Skipping automatic mod OreSpawn entity registration for already registered class danger.orespawn.PurplePower
[00:13:45] [Server thread/DEBUG] [FML/OreSpawn]: Skipping automatic mod OreSpawn entity registration for already registered class danger.orespawn.EntityThrownRock
[00:13:45] [Server thread/DEBUG] [FML/OreSpawn]: Skipping automatic mod OreSpawn entity registration for already registered class danger.orespawn.Girlfriend
[00:13:45] [Server thread/DEBUG] [FML/OreSpawn]: Skipping automatic mod OreSpawn entity registration for already registered class danger.orespawn.RedCow
[00:13:45] [Server thread/DEBUG] [FML/OreSpawn]: Skipping automatic mod OreSpawn entity registration for already registered class danger.orespawn.GoldCow
[00:13:45] [Server thread/DEBUG] [FML/OreSpawn]: Skipping automatic mod OreSpawn entity registration for already registered class danger.orespawn.EnchantedCow
[00:13:45] [Server thread/DEBUG] [FML/OreSpawn]: Skipping automatic mod OreSpawn entity registration for already registered class danger.orespawn.EntityButterfly
[00:13:45] [Server thread/DEBUG] [FML/OreSpawn]: Skipping automatic mod OreSpawn entity registration for already registered class danger.orespawn.EntityLunaMoth
[00:13:45] [Server thread/DEBUG] [FML/OreSpawn]: Skipping automatic mod OreSpawn entity registration for already registered class danger.orespawn.EntityMosquito
[00:13:45] [Server thread/DEBUG] [FML/OreSpawn]: Skipping automatic mod OreSpawn entity registration for already registered class danger.orespawn.Firefly
[00:13:45] [Server thread/DEBUG] [FML/OreSpawn]: Skipping automatic mod OreSpawn entity registration for already registered class danger.orespawn.Bee
[00:13:45] [Server thread/DEBUG] [FML/OreSpawn]: Skipping automatic mod OreSpawn entity registration for already registered class danger.orespawn.Mothra
[00:13:45] [Server thread/DEBUG] [FML/OreSpawn]: Skipping automatic mod OreSpawn entity registration for already registered class danger.orespawn.EntityAnt
[00:13:45] [Server thread/DEBUG] [FML/OreSpawn]: Skipping automatic mod OreSpawn entity registration for already registered class danger.orespawn.EntityRedAnt
[00:13:45] [Server thread/DEBUG] [FML/OreSpawn]: Skipping automatic mod OreSpawn entity registration for already registered class danger.orespawn.EntityRainbowAnt
[00:13:45] [Server thread/DEBUG] [FML/OreSpawn]: Skipping automatic mod OreSpawn entity registration for already registered class danger.orespawn.EntityUnstableAnt
[00:13:45] [Server thread/DEBUG] [FML/OreSpawn]: Skipping automatic mod OreSpawn entity registration for already registered class danger.orespawn.Robot1
[00:13:45] [Server thread/DEBUG] [FML/OreSpawn]: Skipping automatic mod OreSpawn entity registration for already registered class danger.orespawn.Robot2
[00:13:45] [Server thread/DEBUG] [FML/OreSpawn]: Skipping automatic mod OreSpawn entity registration for already registered class danger.orespawn.Robot3
[00:13:45] [Server thread/DEBUG] [FML/OreSpawn]: Skipping automatic mod OreSpawn entity registration for already registered class danger.orespawn.Robot4
[00:13:45] [Server thread/DEBUG] [FML/OreSpawn]: Skipping automatic mod OreSpawn entity registration for already registered class danger.orespawn.Robot5
[00:13:45] [Server thread/DEBUG] [FML/OreSpawn]: Skipping automatic mod OreSpawn entity registration for already registered class danger.orespawn.Alosaurus
[00:13:45] [Server thread/DEBUG] [FML/OreSpawn]: Skipping automatic mod OreSpawn entity registration for already registered class danger.orespawn.Cryolophosaurus
[00:13:45] [Server thread/DEBUG] [FML/OreSpawn]: Skipping automatic mod OreSpawn entity registration for already registered class danger.orespawn.Basilisk
[00:13:45] [Server thread/DEBUG] [FML/OreSpawn]: Skipping automatic mod OreSpawn entity registration for already registered class danger.orespawn.Camarasaurus
[00:13:45] [Server thread/DEBUG] [FML/OreSpawn]: Skipping automatic mod OreSpawn entity registration for already registered class danger.orespawn.Hydrolisc
[00:13:45] [Server thread/DEBUG] [FML/OreSpawn]: Skipping automatic mod OreSpawn entity registration for already registered class danger.orespawn.VelocityRaptor
[00:13:45] [Server thread/DEBUG] [FML/OreSpawn]: Skipping automatic mod OreSpawn entity registration for already registered class danger.orespawn.Dragonfly
[00:13:45] [Server thread/DEBUG] [FML/OreSpawn]: Skipping automatic mod OreSpawn entity registration for already registered class danger.orespawn.EmperorScorpion
[00:13:45] [Server thread/DEBUG] [FML/OreSpawn]: Skipping automatic mod OreSpawn entity registration for already registered class danger.orespawn.Scorpion
[00:13:45] [Server thread/DEBUG] [FML/OreSpawn]: Skipping automatic mod OreSpawn entity registration for already registered class danger.orespawn.CaveFisher
[00:13:45] [Server thread/DEBUG] [FML/OreSpawn]: Skipping automatic mod OreSpawn entity registration for already registered class danger.orespawn.Spyro
[00:13:45] [Server thread/DEBUG] [FML/OreSpawn]: Skipping automatic mod OreSpawn entity registration for already registered class danger.orespawn.Baryonyx
[00:13:45] [Server thread/DEBUG] [FML/OreSpawn]: Skipping automatic mod OreSpawn entity registration for already registered class danger.orespawn.GammaMetroid
[00:13:45] [Server thread/DEBUG] [FML/OreSpawn]: Skipping automatic mod OreSpawn entity registration for already registered class danger.orespawn.Cockateil
[00:13:45] [Server thread/DEBUG] [FML/OreSpawn]: Skipping automatic mod OreSpawn entity registration for already registered class danger.orespawn.RubyBird
[00:13:45] [Server thread/DEBUG] [FML/OreSpawn]: Skipping automatic mod OreSpawn entity registration for already registered class danger.orespawn.Kyuubi
[00:13:45] [Server thread/DEBUG] [FML/OreSpawn]: Skipping automatic mod OreSpawn entity registration for already registered class danger.orespawn.WaterDragon
[00:13:45] [Server thread/DEBUG] [FML/OreSpawn]: Skipping automatic mod OreSpawn entity registration for already registered class danger.orespawn.AttackSquid
[00:13:45] [Server thread/DEBUG] [FML/OreSpawn]: Skipping automatic mod OreSpawn entity registration for already registered class danger.orespawn.Alien
[00:13:45] [Server thread/DEBUG] [FML/OreSpawn]: Skipping automatic mod OreSpawn entity registration for already registered class danger.orespawn.Elevator
[00:13:45] [Server thread/DEBUG] [FML/OreSpawn]: Skipping automatic mod OreSpawn entity registration for already registered class danger.orespawn.Kraken
[00:13:45] [Server thread/DEBUG] [FML/OreSpawn]: Skipping automatic mod OreSpawn entity registration for already registered class danger.orespawn.Lizard
[00:13:45] [Server thread/DEBUG] [FML/OreSpawn]: Skipping automatic mod OreSpawn entity registration for already registered class danger.orespawn.Cephadrome
[00:13:45] [Server thread/DEBUG] [FML/OreSpawn]: Skipping automatic mod OreSpawn entity registration for already registered class danger.orespawn.Dragon
[00:13:45] [Server thread/DEBUG] [FML/OreSpawn]: Skipping automatic mod OreSpawn entity registration for already registered class danger.orespawn.Chipmunk
[00:13:45] [Server thread/DEBUG] [FML/OreSpawn]: Skipping automatic mod OreSpawn entity registration for already registered class danger.orespawn.Gazelle
[00:13:45] [Server thread/DEBUG] [FML/OreSpawn]: Skipping automatic mod OreSpawn entity registration for already registered class danger.orespawn.Ostrich
[00:13:45] [Server thread/DEBUG] [FML/OreSpawn]: Skipping automatic mod OreSpawn entity registration for already registered class danger.orespawn.TrooperBug
[00:13:45] [Server thread/DEBUG] [FML/OreSpawn]: Skipping automatic mod OreSpawn entity registration for already registered class danger.orespawn.SpitBug
[00:13:45] [Server thread/DEBUG] [FML/OreSpawn]: Skipping automatic mod OreSpawn entity registration for already registered class danger.orespawn.StinkBug
[00:13:45] [Server thread/DEBUG] [FML/OreSpawn]: Skipping automatic mod OreSpawn entity registration for already registered class danger.orespawn.Tshirt
[00:13:45] [Server thread/DEBUG] [FML/OreSpawn]: Skipping automatic mod OreSpawn entity registration for already registered class danger.orespawn.Island
[00:13:45] [Server thread/DEBUG] [FML/OreSpawn]: Skipping automatic mod OreSpawn entity registration for already registered class danger.orespawn.IslandToo
[00:13:45] [Server thread/DEBUG] [FML/OreSpawn]: Skipping automatic mod OreSpawn entity registration for already registered class danger.orespawn.CreepingHorror
[00:13:45] [Server thread/DEBUG] [FML/OreSpawn]: Skipping automatic mod OreSpawn entity registration for already registered class danger.orespawn.TerribleTerror
[00:13:45] [Server thread/DEBUG] [FML/OreSpawn]: Skipping automatic mod OreSpawn entity registration for already registered class danger.orespawn.CliffRacer
[00:13:45] [Server thread/DEBUG] [FML/OreSpawn]: Skipping automatic mod OreSpawn entity registration for already registered class danger.orespawn.Triffid
[00:13:45] [Server thread/DEBUG] [FML/OreSpawn]: Skipping automatic mod OreSpawn entity registration for already registered class danger.orespawn.PitchBlack
[00:13:45] [Server thread/DEBUG] [FML/OreSpawn]: Skipping automatic mod OreSpawn entity registration for already registered class danger.orespawn.LurkingTerror
[00:13:45] [Server thread/DEBUG] [FML/OreSpawn]: Skipping automatic mod OreSpawn entity registration for already registered class danger.orespawn.Godzilla
[00:13:45] [Server thread/DEBUG] [FML/OreSpawn]: Skipping automatic mod OreSpawn entity registration for already registered class danger.orespawn.Ghost
[00:13:45] [Server thread/DEBUG] [FML/OreSpawn]: Skipping automatic mod OreSpawn entity registration for already registered class danger.orespawn.GhostSkelly
[00:13:45] [Server thread/DEBUG] [FML/OreSpawn]: Skipping automatic mod OreSpawn entity registration for already registered class danger.orespawn.WormSmall
[00:13:45] [Server thread/DEBUG] [FML/OreSpawn]: Skipping automatic mod OreSpawn entity registration for already registered class danger.orespawn.WormMedium
[00:13:45] [Server thread/DEBUG] [FML/OreSpawn]: Skipping automatic mod OreSpawn entity registration for already registered class danger.orespawn.WormLarge
[00:13:45] [Server thread/DEBUG] [FML/OreSpawn]: Skipping automatic mod OreSpawn entity registration for already registered class danger.orespawn.Cassowary
[00:13:45] [Server thread/DEBUG] [FML/OreSpawn]: Skipping automatic mod OreSpawn entity registration for already registered class danger.orespawn.CloudShark
[00:13:45] [Server thread/DEBUG] [FML/OreSpawn]: Skipping automatic mod OreSpawn entity registration for already registered class danger.orespawn.GoldFish
[00:13:45] [Server thread/DEBUG] [FML/OreSpawn]: Skipping automatic mod OreSpawn entity registration for already registered class danger.orespawn.LeafMonster
[00:13:45] [Server thread/DEBUG] [FML/OreSpawn]: Skipping automatic mod OreSpawn entity registration for already registered class danger.orespawn.GodzillaHead
[00:13:45] [Server thread/DEBUG] [FML/OreSpawn]: Skipping automatic mod OreSpawn entity registration for already registered class danger.orespawn.EnderKnight
[00:13:45] [Server thread/DEBUG] [FML/OreSpawn]: Skipping automatic mod OreSpawn entity registration for already registered class danger.orespawn.EnderReaper
[00:13:45] [Server thread/DEBUG] [FML/OreSpawn]: Skipping automatic mod OreSpawn entity registration for already registered class danger.orespawn.Beaver
[00:13:45] [Server thread/DEBUG] [FML/OreSpawn]: Skipping automatic mod OreSpawn entity registration for already registered class danger.orespawn.Termite
[00:13:45] [Server thread/DEBUG] [FML/OreSpawn]: Skipping automatic mod OreSpawn entity registration for already registered class danger.orespawn.Fairy
[00:13:45] [Server thread/DEBUG] [FML/OreSpawn]: Skipping automatic mod OreSpawn entity registration for already registered class danger.orespawn.Peacock
[00:13:45] [Server thread/DEBUG] [FML/OreSpawn]: Skipping automatic mod OreSpawn entity registration for already registered class danger.orespawn.Rotator
[00:13:45] [Server thread/DEBUG] [FML/OreSpawn]: Skipping automatic mod OreSpawn entity registration for already registered class danger.orespawn.Vortex
[00:13:45] [Server thread/DEBUG] [FML/OreSpawn]: Skipping automatic mod OreSpawn entity registration for already registered class danger.orespawn.DungeonBeast
[00:13:45] [Server thread/DEBUG] [FML/OreSpawn]: Skipping automatic mod OreSpawn entity registration for already registered class danger.orespawn.Rat
[00:13:45] [Server thread/DEBUG] [FML/OreSpawn]: Skipping automatic mod OreSpawn entity registration for already registered class danger.orespawn.Flounder
[00:13:45] [Server thread/DEBUG] [FML/OreSpawn]: Skipping automatic mod OreSpawn entity registration for already registered class danger.orespawn.Whale
[00:13:45] [Server thread/DEBUG] [FML/OreSpawn]: Skipping automatic mod OreSpawn entity registration for already registered class danger.orespawn.Irukandji
[00:13:45] [Server thread/DEBUG] [FML/OreSpawn]: Skipping automatic mod OreSpawn entity registration for already registered class danger.orespawn.Skate
[00:13:45] [Server thread/DEBUG] [FML/OreSpawn]: Skipping automatic mod OreSpawn entity registration for already registered class danger.orespawn.Urchin
[00:13:45] [Server thread/DEBUG] [FML/OreSpawn]: Skipping automatic mod OreSpawn entity registration for already registered class danger.orespawn.Mantis
[00:13:45] [Server thread/DEBUG] [FML/OreSpawn]: Skipping automatic mod OreSpawn entity registration for already registered class danger.orespawn.HerculesBeetle
[00:13:45] [Server thread/DEBUG] [FML/OreSpawn]: Skipping automatic mod OreSpawn entity registration for already registered class danger.orespawn.TRex
[00:13:45] [Server thread/DEBUG] [FML/OreSpawn]: Skipping automatic mod OreSpawn entity registration for already registered class danger.orespawn.Stinky
[00:13:45] [Server thread/DEBUG] [FML/OreSpawn]: Skipping automatic mod OreSpawn entity registration for already registered class danger.orespawn.Coin
[00:13:45] [Server thread/DEBUG] [FML/OreSpawn]: Skipping automatic mod OreSpawn entity registration for already registered class danger.orespawn.TheKing
[00:13:45] [Server thread/DEBUG] [FML/OreSpawn]: Skipping automatic mod OreSpawn entity registration for already registered class danger.orespawn.KingHead
[00:13:45] [Server thread/DEBUG] [FML/OreSpawn]: Skipping automatic mod OreSpawn entity registration for already registered class danger.orespawn.TheQueen
[00:13:45] [Server thread/DEBUG] [FML/OreSpawn]: Skipping automatic mod OreSpawn entity registration for already registered class danger.orespawn.QueenHead
[00:13:45] [Server thread/DEBUG] [FML/OreSpawn]: Skipping automatic mod OreSpawn entity registration for already registered class danger.orespawn.Boyfriend
[00:13:45] [Server thread/DEBUG] [FML/OreSpawn]: Skipping automatic mod OreSpawn entity registration for already registered class danger.orespawn.ThePrince
[00:13:45] [Server thread/DEBUG] [FML/OreSpawn]: Skipping automatic mod OreSpawn entity registration for already registered class danger.orespawn.Molenoid
[00:13:45] [Server thread/DEBUG] [FML/OreSpawn]: Skipping automatic mod OreSpawn entity registration for already registered class danger.orespawn.SeaMonster
[00:13:45] [Server thread/DEBUG] [FML/OreSpawn]: Skipping automatic mod OreSpawn entity registration for already registered class danger.orespawn.SeaViper
[00:13:45] [Server thread/DEBUG] [FML/OreSpawn]: Skipping automatic mod OreSpawn entity registration for already registered class danger.orespawn.EasterBunny
[00:13:45] [Server thread/DEBUG] [FML/OreSpawn]: Skipping automatic mod OreSpawn entity registration for already registered class danger.orespawn.CaterKiller
[00:13:45] [Server thread/DEBUG] [FML/OreSpawn]: Skipping automatic mod OreSpawn entity registration for already registered class danger.orespawn.CrystalCow
[00:13:45] [Server thread/DEBUG] [FML/OreSpawn]: Skipping automatic mod OreSpawn entity registration for already registered class danger.orespawn.Leon
[00:13:45] [Server thread/DEBUG] [FML/OreSpawn]: Skipping automatic mod OreSpawn entity registration for already registered class danger.orespawn.Hammerhead
[00:13:45] [Server thread/DEBUG] [FML/OreSpawn]: Skipping automatic mod OreSpawn entity registration for already registered class danger.orespawn.RubberDucky
[00:13:45] [Server thread/DEBUG] [FML/OreSpawn]: Skipping automatic mod OreSpawn entity registration for already registered class danger.orespawn.ThePrinceTeen
[00:13:45] [Server thread/DEBUG] [FML/OreSpawn]: Skipping automatic mod OreSpawn entity registration for already registered class danger.orespawn.BandP
[00:13:45] [Server thread/DEBUG] [FML/OreSpawn]: Skipping automatic mod OreSpawn entity registration for already registered class danger.orespawn.RockBase
[00:13:45] [Server thread/DEBUG] [FML/OreSpawn]: Skipping automatic mod OreSpawn entity registration for already registered class danger.orespawn.Brutalfly
[00:13:45] [Server thread/DEBUG] [FML/OreSpawn]: Skipping automatic mod OreSpawn entity registration for already registered class danger.orespawn.Nastysaurus
[00:13:45] [Server thread/DEBUG] [FML/OreSpawn]: Skipping automatic mod OreSpawn entity registration for already registered class danger.orespawn.Pointysaurus
[00:13:45] [Server thread/DEBUG] [FML/OreSpawn]: Skipping automatic mod OreSpawn entity registration for already registered class danger.orespawn.Cricket
[00:13:45] [Server thread/DEBUG] [FML/OreSpawn]: Skipping automatic mod OreSpawn entity registration for already registered class danger.orespawn.ThePrincess
[00:13:45] [Server thread/DEBUG] [FML/OreSpawn]: Skipping automatic mod OreSpawn entity registration for already registered class danger.orespawn.Frog
[00:13:45] [Server thread/DEBUG] [FML/OreSpawn]: Skipping automatic mod OreSpawn entity registration for already registered class danger.orespawn.ThePrinceAdult
[00:13:45] [Server thread/DEBUG] [FML/OreSpawn]: Skipping automatic mod OreSpawn entity registration for already registered class danger.orespawn.SpiderRobot
[00:13:45] [Server thread/DEBUG] [FML/OreSpawn]: Skipping automatic mod OreSpawn entity registration for already registered class danger.orespawn.SpiderDriver
[00:13:45] [Server thread/DEBUG] [FML/OreSpawn]: Skipping automatic mod OreSpawn entity registration for already registered class danger.orespawn.GiantRobot
[00:13:45] [Server thread/DEBUG] [FML/OreSpawn]: Skipping automatic mod OreSpawn entity registration for already registered class danger.orespawn.AntRobot
[00:13:45] [Server thread/DEBUG] [FML/OreSpawn]: Skipping automatic mod OreSpawn entity registration for already registered class danger.orespawn.Crab
[00:13:45] [Server thread/DEBUG] [FML/OreSpawn]: Skipping automatic mod OreSpawn entity registration for already registered class danger.orespawn.Shoes
[00:13:45] [Server thread/DEBUG] [FML/OreSpawn]: Skipping automatic mod OreSpawn entity registration for already registered class danger.orespawn.EntityCage
[00:13:45] [Server thread/INFO] [foamfix/OreSpawn]: [Log4JExploitFix] Applying Log4j exploit mitigation to danger/orespawn/RiderControlMessageHandler/getLogger!
[00:13:45] [Server thread/INFO] [foamfix/OreSpawn]: [Log4JExploitFix] Applying Log4j exploit mitigation to net/minecraft/scoreboard/ScoreboardSaveData/getLogger!
[00:13:45] [Server thread/TRACE] [OreSpawn/OreSpawn]: Sent event FMLPreInitializationEvent to mod OreSpawn
[00:13:45] [Server thread/DEBUG] [FML/]: Bar Step: PreInitialization - OreSpawn took 0,350s
[00:13:45] [Server thread/TRACE] [PortalGun/PortalGun]: Sending event FMLPreInitializationEvent to mod PortalGun
[00:13:45] [Server thread/INFO] [PortalGun/PortalGun]: [4.0.0-beta-6] Config does not exist, generating.
[00:13:45] [Server thread/TRACE] [PortalGun/PortalGun]: Sent event FMLPreInitializationEvent to mod PortalGun
[00:13:45] [Server thread/DEBUG] [FML/]: Bar Step: PreInitialization - PortalGun took 0,023s
[00:13:45] [Server thread/TRACE] [denseores/denseores]: Sending event FMLPreInitializationEvent to mod denseores
[00:13:45] [Server thread/TRACE] [denseores/denseores]: Sent event FMLPreInitializationEvent to mod denseores
[00:13:45] [Server thread/DEBUG] [FML/]: Bar Step: PreInitialization - Dense Ores took 0,000s
[00:13:45] [Server thread/DEBUG] [FML/]: Bar Finished: PreInitialization took 2,089s
[00:13:45] [Server thread/INFO] [FML/]: Applying holder lookups
[00:13:45] [Server thread/INFO] [FML/]: Holder lookups applied
[00:13:45] [Server thread/INFO] [FML/]: Injecting itemstacks
[00:13:45] [Server thread/INFO] [FML/]: Itemstack injection complete
[00:13:45] [Server thread/INFO] [foamfix/]: [Log4JExploitFix] Applying Log4j exploit mitigation to net/minecraft/server/dedicated/PropertyManager/getLogger!
[00:13:45] [Server thread/INFO] [foamfix/]: [Log4JExploitFix] Applying Log4j exploit mitigation to net/minecraft/server/ServerEula/getLogger!
[00:13:45] [Server thread/INFO] [foamfix/]: [Log4JExploitFix] Applying Log4j exploit mitigation to net/minecraft/server/management/PreYggdrasilConverter/getLogger!
[00:13:45] [Server thread/INFO] [foamfix/]: [Log4JExploitFix] Applying Log4j exploit mitigation to net/minecraft/server/management/UserList/getLogger!
[00:13:45] [Server thread/TRACE] [mcp/mcp]: Sending event FMLInitializationEvent to mod mcp
[00:13:45] [Server thread/TRACE] [mcp/mcp]: Sent event FMLInitializationEvent to mod mcp
[00:13:45] [Server thread/DEBUG] [FML/]: Bar Step: Initialization - Minecraft Coder Pack took 0,000s
[00:13:45] [Server thread/TRACE] [FML/FML]: Sending event FMLInitializationEvent to mod FML
[00:13:45] [Server thread/TRACE] [FML/FML]: Sent event FMLInitializationEvent to mod FML
[00:13:45] [Server thread/DEBUG] [FML/]: Bar Step: Initialization - Forge Mod Loader took 0,000s
[00:13:45] [Server thread/TRACE] [Forge/Forge]: Sending event FMLInitializationEvent to mod Forge
[00:13:45] [Server thread/TRACE] [Forge/Forge]: Sent event FMLInitializationEvent to mod Forge
[00:13:45] [Server thread/DEBUG] [FML/]: Bar Step: Initialization - Minecraft Forge took 0,000s
[00:13:45] [Server thread/TRACE] [CodeChickenCore/CodeChickenCore]: Sending event FMLInitializationEvent to mod CodeChickenCore
[00:13:45] [Server thread/TRACE] [CodeChickenCore/CodeChickenCore]: Sent event FMLInitializationEvent to mod CodeChickenCore
[00:13:45] [Server thread/DEBUG] [FML/]: Bar Step: Initialization - CodeChicken Core took 0,000s
[00:13:45] [Server thread/TRACE] [NotEnoughItems/NotEnoughItems]: Sending event FMLInitializationEvent to mod NotEnoughItems
[00:13:45] [Server thread/INFO] [foamfix/NotEnoughItems]: [Log4JExploitFix] Applying Log4j exploit mitigation to codechicken/lib/inventory/ContainerExtended/getLogger!
[00:13:45] [Server thread/INFO] [foamfix/NotEnoughItems]: [Log4JExploitFix] Applying Log4j exploit mitigation to codechicken/lib/inventory/ContainerExtended/getLogger!
[00:13:45] [Server thread/TRACE] [NotEnoughItems/NotEnoughItems]: Sent event FMLInitializationEvent to mod NotEnoughItems
[00:13:45] [Server thread/DEBUG] [FML/]: Bar Step: Initialization - NotEnoughItems took 0,020s
[00:13:45] [Server thread/TRACE] [GTNHLib Core/GTNHLib Core]: Sending event FMLInitializationEvent to mod GTNHLib Core
[00:13:45] [Server thread/TRACE] [GTNHLib Core/GTNHLib Core]: Sent event FMLInitializationEvent to mod GTNHLib Core
[00:13:45] [Server thread/DEBUG] [FML/]: Bar Step: Initialization - GTNHLib Core took 0,000s
[00:13:45] [Server thread/TRACE] [FoamFixCore/FoamFixCore]: Sending event FMLInitializationEvent to mod FoamFixCore
[00:13:45] [Server thread/TRACE] [FoamFixCore/FoamFixCore]: Sent event FMLInitializationEvent to mod FoamFixCore
[00:13:45] [Server thread/DEBUG] [FML/]: Bar Step: Initialization - FoamFixCore took 0,000s
[00:13:45] [Server thread/TRACE] [FastCraft/FastCraft]: Sending event FMLInitializationEvent to mod FastCraft
[00:13:45] [Server thread/TRACE] [FastCraft/FastCraft]: Sent event FMLInitializationEvent to mod FastCraft
[00:13:45] [Server thread/DEBUG] [FML/]: Bar Step: Initialization - FastCraft took 0,000s
[00:13:45] [Server thread/TRACE] [debug/debug]: Sending event FMLInitializationEvent to mod debug
[00:13:45] [Server thread/TRACE] [debug/debug]: Sent event FMLInitializationEvent to mod debug
[00:13:45] [Server thread/DEBUG] [FML/]: Bar Step: Initialization - debug took 0,000s
[00:13:45] [Server thread/TRACE] [unimixins/unimixins]: Sending event FMLInitializationEvent to mod unimixins
[00:13:45] [Server thread/TRACE] [unimixins/unimixins]: Sent event FMLInitializationEvent to mod unimixins
[00:13:45] [Server thread/DEBUG] [FML/]: Bar Step: Initialization - UniMixins took 0,000s
[00:13:45] [Server thread/TRACE] [unimixins-mixin/unimixins-mixin]: Sending event FMLInitializationEvent to mod unimixins-mixin
[00:13:45] [Server thread/TRACE] [unimixins-mixin/unimixins-mixin]: Sent event FMLInitializationEvent to mod unimixins-mixin
[00:13:45] [Server thread/DEBUG] [FML/]: Bar Step: Initialization - UniMixins: Mixin (UniMix) took 0,000s
[00:13:45] [Server thread/TRACE] [unimixins-compat/unimixins-compat]: Sending event FMLInitializationEvent to mod unimixins-compat
[00:13:45] [Server thread/TRACE] [unimixins-compat/unimixins-compat]: Sent event FMLInitializationEvent to mod unimixins-compat
[00:13:45] [Server thread/DEBUG] [FML/]: Bar Step: Initialization - UniMixins: Compatibility took 0,000s
[00:13:45] [Server thread/TRACE] [mixingasm/mixingasm]: Sending event FMLInitializationEvent to mod mixingasm
[00:13:45] [Server thread/TRACE] [mixingasm/mixingasm]: Sent event FMLInitializationEvent to mod mixingasm
[00:13:45] [Server thread/DEBUG] [FML/]: Bar Step: Initialization - UniMixins: Mixingasm took 0,000s
[00:13:45] [Server thread/TRACE] [spongemixins/spongemixins]: Sending event FMLInitializationEvent to mod spongemixins
[00:13:45] [Server thread/TRACE] [spongemixins/spongemixins]: Sent event FMLInitializationEvent to mod spongemixins
[00:13:45] [Server thread/DEBUG] [FML/]: Bar Step: Initialization - UniMixins: SpongeMixins took 0,000s
[00:13:45] [Server thread/TRACE] [mixinbooterlegacy/mixinbooterlegacy]: Sending event FMLInitializationEvent to mod mixinbooterlegacy
[00:13:45] [Server thread/TRACE] [mixinbooterlegacy/mixinbooterlegacy]: Sent event FMLInitializationEvent to mod mixinbooterlegacy
[00:13:45] [Server thread/DEBUG] [FML/]: Bar Step: Initialization - UniMixins: MixinBooterLegacy took 0,000s
[00:13:45] [Server thread/TRACE] [gtnhmixins/gtnhmixins]: Sending event FMLInitializationEvent to mod gtnhmixins
[00:13:45] [Server thread/TRACE] [gtnhmixins/gtnhmixins]: Sent event FMLInitializationEvent to mod gtnhmixins
[00:13:45] [Server thread/DEBUG] [FML/]: Bar Step: Initialization - UniMixins: GTNHMixins took 0,000s
[00:13:45] [Server thread/TRACE] [mixinextras/mixinextras]: Sending event FMLInitializationEvent to mod mixinextras
[00:13:45] [Server thread/TRACE] [mixinextras/mixinextras]: Sent event FMLInitializationEvent to mod mixinextras
[00:13:45] [Server thread/DEBUG] [FML/]: Bar Step: Initialization - UniMixins: MixinExtras took 0,000s
[00:13:45] [Server thread/TRACE] [aiimprovements/aiimprovements]: Sending event FMLInitializationEvent to mod aiimprovements
[00:13:45] [Server thread/TRACE] [aiimprovements/aiimprovements]: Sent event FMLInitializationEvent to mod aiimprovements
[00:13:45] [Server thread/DEBUG] [FML/]: Bar Step: Initialization - AI Improvements took 0,003s
[00:13:45] [Server thread/TRACE] [archaicfix/archaicfix]: Sending event FMLInitializationEvent to mod archaicfix
[00:13:45] [Server thread/TRACE] [archaicfix/archaicfix]: Sent event FMLInitializationEvent to mod archaicfix
[00:13:45] [Server thread/DEBUG] [FML/]: Bar Step: Initialization - ArchaicFix took 0,000s
[00:13:45] [Server thread/TRACE] [carbonconfig/carbonconfig]: Sending event FMLInitializationEvent to mod carbonconfig
[00:13:45] [Server thread/TRACE] [carbonconfig/carbonconfig]: Sent event FMLInitializationEvent to mod carbonconfig
[00:13:45] [Server thread/DEBUG] [FML/]: Bar Step: Initialization - Carbon Config Library took 0,000s
[00:13:45] [Server thread/TRACE] [chunkpregenerator/chunkpregenerator]: Sending event FMLInitializationEvent to mod chunkpregenerator
[00:13:45] [Server thread/TRACE] [chunkpregenerator/chunkpregenerator]: Sent event FMLInitializationEvent to mod chunkpregenerator
[00:13:45] [Server thread/DEBUG] [FML/]: Bar Step: Initialization - Chunk Pregenerator took 0,018s
[00:13:45] [Server thread/TRACE] [ChunkPurge/ChunkPurge]: Sending event FMLInitializationEvent to mod ChunkPurge
[00:13:45] [Server thread/TRACE] [ChunkPurge/ChunkPurge]: Sent event FMLInitializationEvent to mod ChunkPurge
[00:13:45] [Server thread/DEBUG] [FML/]: Bar Step: Initialization - Chunk Purge took 0,000s
[00:13:45] [Server thread/TRACE] [foamfix/foamfix]: Sending event FMLInitializationEvent to mod foamfix
[00:13:45] [Server thread/INFO] [foamfix/foamfix]: Weakening LaunchWrapper resource cache...
[00:13:45] [Server thread/TRACE] [foamfix/foamfix]: Sent event FMLInitializationEvent to mod foamfix
[00:13:45] [Server thread/DEBUG] [FML/]: Bar Step: Initialization - FoamFix took 0,013s
[00:13:45] [Server thread/TRACE] [gvc/gvc]: Sending event FMLInitializationEvent to mod gvc
[00:13:45] [Server thread/TRACE] [gvc/gvc]: Sent event FMLInitializationEvent to mod gvc
[00:13:45] [Server thread/DEBUG] [FML/]: Bar Step: Initialization - �aGliby's�f Voice Chat Mod took 0,000s
[00:13:45] [Server thread/TRACE] [gtnhlib/gtnhlib]: Sending event FMLInitializationEvent to mod gtnhlib
[00:13:45] [Server thread/TRACE] [gtnhlib/gtnhlib]: Sent event FMLInitializationEvent to mod gtnhlib
[00:13:45] [Server thread/DEBUG] [FML/]: Bar Step: Initialization - GTNH Lib took 0,030s
[00:13:45] [Server thread/TRACE] [iChunUtil/iChunUtil]: Sending event FMLInitializationEvent to mod iChunUtil
[00:13:45] [Server thread/TRACE] [iChunUtil/iChunUtil]: Sent event FMLInitializationEvent to mod iChunUtil
[00:13:45] [Server thread/DEBUG] [FML/]: Bar Step: Initialization - iChunUtil took 0,001s
[00:13:45] [Server thread/TRACE] [Hats/Hats]: Sending event FMLInitializationEvent to mod Hats
[00:13:45] [Server thread/TRACE] [Hats/Hats]: Sent event FMLInitializationEvent to mod Hats
[00:13:45] [Server thread/DEBUG] [FML/]: Bar Step: Initialization - Hats took 0,022s
[00:13:45] [Server thread/TRACE] [InventoryPets/InventoryPets]: Sending event FMLInitializationEvent to mod InventoryPets
[00:13:45] [Server thread/TRACE] [FML/InventoryPets]: Automatically registered mod InventoryPets entity EntityBanana as InventoryPets.EntityBanana
[00:13:45] [Server thread/TRACE] [FML/InventoryPets]: Automatically registered mod InventoryPets entity MiniQuantumBlaze as InventoryPets.MiniQuantumBlaze
[00:13:45] [Server thread/TRACE] [FML/InventoryPets]: Automatically registered mod InventoryPets entity MiniQuantumEnderman as InventoryPets.MiniQuantumEnderman
[00:13:45] [Server thread/TRACE] [FML/InventoryPets]: Automatically registered mod InventoryPets entity EntityApple as InventoryPets.EntityApple
[00:13:45] [Server thread/TRACE] [FML/InventoryPets]: Automatically registered mod InventoryPets entity EntityGoldenApple as InventoryPets.EntityGoldenApple
[00:13:45] [Server thread/TRACE] [FML/InventoryPets]: Automatically registered mod InventoryPets entity EntityAnvilPet as InventoryPets.EntityAnvilPet
[00:13:45] [Server thread/TRACE] [FML/InventoryPets]: Automatically registered mod InventoryPets entity EntityBedPet as InventoryPets.EntityBedPet
[00:13:45] [Server thread/TRACE] [FML/InventoryPets]: Automatically registered mod InventoryPets entity BillGates as InventoryPets.BillGates
[00:13:45] [Server thread/TRACE] [FML/InventoryPets]: Automatically registered mod InventoryPets entity SteveBallmer as InventoryPets.SteveBallmer
[00:13:45] [Server thread/TRACE] [FML/InventoryPets]: Automatically registered mod InventoryPets entity SatyaNadella as InventoryPets.SatyaNadella
[00:13:45] [Server thread/TRACE] [InventoryPets/InventoryPets]: Sent event FMLInitializationEvent to mod InventoryPets
[00:13:45] [Server thread/DEBUG] [FML/]: Bar Step: Initialization - Inventory Pets took 0,038s
[00:13:45] [Server thread/TRACE] [ironbackpacks/ironbackpacks]: Sending event FMLInitializationEvent to mod ironbackpacks
[00:13:45] [Server thread/DEBUG] [CCL ASM/ironbackpacks]: NEI: Applying workbench fix
[00:13:45] [Server thread/TRACE] [FML/ironbackpacks]: Automatically registered mod ironbackpacks entity EntityBackpack as ironbackpacks.EntityBackpack
[00:13:45] [Server thread/TRACE] [ironbackpacks/ironbackpacks]: Sent event FMLInitializationEvent to mod ironbackpacks
[00:13:45] [Server thread/DEBUG] [FML/]: Bar Step: Initialization - Iron Backpacks took 0,021s
[00:13:45] [Server thread/TRACE] [IronChest/IronChest]: Sending event FMLInitializationEvent to mod IronChest
[00:13:45] [Server thread/TRACE] [IronChest/IronChest]: Sent event FMLInitializationEvent to mod IronChest
[00:13:45] [Server thread/DEBUG] [FML/]: Bar Step: Initialization - Iron Chests took 0,005s
[00:13:45] [Server thread/TRACE] [lucky/lucky]: Sending event FMLInitializationEvent to mod lucky
[00:13:45] [Server thread/TRACE] [lucky/lucky]: Sent event FMLInitializationEvent to mod lucky
[00:13:45] [Server thread/DEBUG] [FML/]: Bar Step: Initialization - Lucky Block took 0,000s
[00:13:45] [Server thread/TRACE] [MoreFurnaces/MoreFurnaces]: Sending event FMLInitializationEvent to mod MoreFurnaces
[00:13:45] [Server thread/TRACE] [MoreFurnaces/MoreFurnaces]: Sent event FMLInitializationEvent to mod MoreFurnaces
[00:13:45] [Server thread/DEBUG] [FML/]: Bar Step: Initialization - More Furnaces took 0,000s
[00:13:45] [Server thread/TRACE] [OreSpawn/OreSpawn]: Sending event FMLInitializationEvent to mod OreSpawn
[00:13:45] [Server thread/TRACE] [OreSpawn/OreSpawn]: Sent event FMLInitializationEvent to mod OreSpawn
[00:13:45] [Server thread/DEBUG] [FML/]: Bar Step: Initialization - OreSpawn took 0,000s
[00:13:45] [Server thread/TRACE] [PortalGun/PortalGun]: Sending event FMLInitializationEvent to mod PortalGun
[00:13:45] [Server thread/TRACE] [FML/PortalGun]: Automatically registered mod PortalGun entity portal_entityblock as PortalGun.portal_entityblock
[00:13:45] [Server thread/TRACE] [FML/PortalGun]: Automatically registered mod PortalGun entity portal_entityball as PortalGun.portal_entityball
[00:13:45] [Server thread/TRACE] [FML/PortalGun]: Automatically registered mod PortalGun entity portal_entityapg as PortalGun.portal_entityapg
[00:13:45] [Server thread/TRACE] [FML/PortalGun]: Automatically registered mod PortalGun entity portal_entitycube as PortalGun.portal_entitycube
[00:13:45] [Server thread/TRACE] [FML/PortalGun]: Automatically registered mod PortalGun entity portal_entityradio as PortalGun.portal_entityradio
[00:13:45] [Server thread/TRACE] [FML/PortalGun]: Automatically registered mod PortalGun entity portal_entitybullet as PortalGun.portal_entitybullet
[00:13:45] [Server thread/TRACE] [FML/PortalGun]: Automatically registered mod PortalGun entity portal_entityturret as PortalGun.portal_entityturret
[00:13:45] [Server thread/TRACE] [FML/PortalGun]: Automatically registered mod PortalGun entity portal_entityhep as PortalGun.portal_entityhep
[00:13:45] [Server thread/TRACE] [PortalGun/PortalGun]: Sent event FMLInitializationEvent to mod PortalGun
[00:13:45] [Server thread/DEBUG] [FML/]: Bar Step: Initialization - PortalGun took 0,043s
[00:13:45] [Server thread/TRACE] [denseores/denseores]: Sending event FMLInitializationEvent to mod denseores
[00:13:45] [Server thread/INFO] [denseores/denseores]: Ph'nglui mglw'nafh, y'uln Dense Ores shugg ch'agl
[00:13:45] [Server thread/TRACE] [denseores/denseores]: Sent event FMLInitializationEvent to mod denseores
[00:13:45] [Server thread/DEBUG] [FML/]: Bar Step: Initialization - Dense Ores took 0,017s
[00:13:45] [Server thread/DEBUG] [FML/]: Bar Finished: Initialization took 0,234s
[00:13:45] [Server thread/TRACE] [FML/]: Attempting to deliver 0 IMC messages to mod mcp
[00:13:45] [Server thread/TRACE] [mcp/mcp]: Sending event IMCEvent to mod mcp
[00:13:45] [Server thread/TRACE] [mcp/mcp]: Sent event IMCEvent to mod mcp
[00:13:45] [Server thread/DEBUG] [FML/]: Bar Step: InterModComms$IMC - Minecraft Coder Pack took 0,001s
[00:13:45] [Server thread/TRACE] [FML/]: Attempting to deliver 0 IMC messages to mod FML
[00:13:45] [Server thread/TRACE] [FML/FML]: Sending event IMCEvent to mod FML
[00:13:45] [Server thread/TRACE] [FML/FML]: Sent event IMCEvent to mod FML
[00:13:45] [Server thread/DEBUG] [FML/]: Bar Step: InterModComms$IMC - Forge Mod Loader took 0,000s
[00:13:45] [Server thread/TRACE] [FML/]: Attempting to deliver 0 IMC messages to mod Forge
[00:13:45] [Server thread/TRACE] [Forge/Forge]: Sending event IMCEvent to mod Forge
[00:13:45] [Server thread/TRACE] [Forge/Forge]: Sent event IMCEvent to mod Forge
[00:13:45] [Server thread/DEBUG] [FML/]: Bar Step: InterModComms$IMC - Minecraft Forge took 0,000s
[00:13:45] [Server thread/TRACE] [FML/]: Attempting to deliver 0 IMC messages to mod CodeChickenCore
[00:13:45] [Server thread/TRACE] [CodeChickenCore/CodeChickenCore]: Sending event IMCEvent to mod CodeChickenCore
[00:13:45] [Server thread/TRACE] [CodeChickenCore/CodeChickenCore]: Sent event IMCEvent to mod CodeChickenCore
[00:13:45] [Server thread/DEBUG] [FML/]: Bar Step: InterModComms$IMC - CodeChicken Core took 0,000s
[00:13:45] [Server thread/TRACE] [FML/]: Attempting to deliver 0 IMC messages to mod NotEnoughItems
[00:13:45] [Server thread/TRACE] [NotEnoughItems/NotEnoughItems]: Sending event IMCEvent to mod NotEnoughItems
[00:13:45] [Server thread/TRACE] [NotEnoughItems/NotEnoughItems]: Sent event IMCEvent to mod NotEnoughItems
[00:13:45] [Server thread/DEBUG] [FML/]: Bar Step: InterModComms$IMC - NotEnoughItems took 0,003s
[00:13:45] [Server thread/TRACE] [FML/]: Attempting to deliver 0 IMC messages to mod GTNHLib Core
[00:13:45] [Server thread/TRACE] [GTNHLib Core/GTNHLib Core]: Sending event IMCEvent to mod GTNHLib Core
[00:13:45] [Server thread/TRACE] [GTNHLib Core/GTNHLib Core]: Sent event IMCEvent to mod GTNHLib Core
[00:13:45] [Server thread/DEBUG] [FML/]: Bar Step: InterModComms$IMC - GTNHLib Core took 0,000s
[00:13:45] [Server thread/TRACE] [FML/]: Attempting to deliver 0 IMC messages to mod FoamFixCore
[00:13:45] [Server thread/TRACE] [FoamFixCore/FoamFixCore]: Sending event IMCEvent to mod FoamFixCore
[00:13:45] [Server thread/TRACE] [FoamFixCore/FoamFixCore]: Sent event IMCEvent to mod FoamFixCore
[00:13:45] [Server thread/DEBUG] [FML/]: Bar Step: InterModComms$IMC - FoamFixCore took 0,000s
[00:13:45] [Server thread/TRACE] [FML/]: Attempting to deliver 0 IMC messages to mod FastCraft
[00:13:45] [Server thread/TRACE] [FastCraft/FastCraft]: Sending event IMCEvent to mod FastCraft
[00:13:45] [Server thread/TRACE] [FastCraft/FastCraft]: Sent event IMCEvent to mod FastCraft
[00:13:45] [Server thread/DEBUG] [FML/]: Bar Step: InterModComms$IMC - FastCraft took 0,000s
[00:13:45] [Server thread/TRACE] [FML/]: Attempting to deliver 0 IMC messages to mod debug
[00:13:45] [Server thread/TRACE] [debug/debug]: Sending event IMCEvent to mod debug
[00:13:45] [Server thread/TRACE] [debug/debug]: Sent event IMCEvent to mod debug
[00:13:45] [Server thread/DEBUG] [FML/]: Bar Step: InterModComms$IMC - debug took 0,000s
[00:13:45] [Server thread/TRACE] [FML/]: Attempting to deliver 0 IMC messages to mod unimixins
[00:13:45] [Server thread/TRACE] [unimixins/unimixins]: Sending event IMCEvent to mod unimixins
[00:13:45] [Server thread/TRACE] [unimixins/unimixins]: Sent event IMCEvent to mod unimixins
[00:13:45] [Server thread/DEBUG] [FML/]: Bar Step: InterModComms$IMC - UniMixins took 0,000s
[00:13:45] [Server thread/TRACE] [FML/]: Attempting to deliver 0 IMC messages to mod unimixins-mixin
[00:13:45] [Server thread/TRACE] [unimixins-mixin/unimixins-mixin]: Sending event IMCEvent to mod unimixins-mixin
[00:13:45] [Server thread/TRACE] [unimixins-mixin/unimixins-mixin]: Sent event IMCEvent to mod unimixins-mixin
[00:13:45] [Server thread/DEBUG] [FML/]: Bar Step: InterModComms$IMC - UniMixins: Mixin (UniMix) took 0,000s
[00:13:45] [Server thread/TRACE] [FML/]: Attempting to deliver 0 IMC messages to mod unimixins-compat
[00:13:45] [Server thread/TRACE] [unimixins-compat/unimixins-compat]: Sending event IMCEvent to mod unimixins-compat
[00:13:45] [Server thread/TRACE] [unimixins-compat/unimixins-compat]: Sent event IMCEvent to mod unimixins-compat
[00:13:45] [Server thread/DEBUG] [FML/]: Bar Step: InterModComms$IMC - UniMixins: Compatibility took 0,000s
[00:13:45] [Server thread/TRACE] [FML/]: Attempting to deliver 0 IMC messages to mod mixingasm
[00:13:45] [Server thread/TRACE] [mixingasm/mixingasm]: Sending event IMCEvent to mod mixingasm
[00:13:45] [Server thread/TRACE] [mixingasm/mixingasm]: Sent event IMCEvent to mod mixingasm
[00:13:45] [Server thread/DEBUG] [FML/]: Bar Step: InterModComms$IMC - UniMixins: Mixingasm took 0,000s
[00:13:45] [Server thread/TRACE] [FML/]: Attempting to deliver 0 IMC messages to mod spongemixins
[00:13:45] [Server thread/TRACE] [spongemixins/spongemixins]: Sending event IMCEvent to mod spongemixins
[00:13:45] [Server thread/TRACE] [spongemixins/spongemixins]: Sent event IMCEvent to mod spongemixins
[00:13:45] [Server thread/DEBUG] [FML/]: Bar Step: InterModComms$IMC - UniMixins: SpongeMixins took 0,000s
[00:13:45] [Server thread/TRACE] [FML/]: Attempting to deliver 0 IMC messages to mod mixinbooterlegacy
[00:13:45] [Server thread/TRACE] [mixinbooterlegacy/mixinbooterlegacy]: Sending event IMCEvent to mod mixinbooterlegacy
[00:13:45] [Server thread/TRACE] [mixinbooterlegacy/mixinbooterlegacy]: Sent event IMCEvent to mod mixinbooterlegacy
[00:13:45] [Server thread/DEBUG] [FML/]: Bar Step: InterModComms$IMC - UniMixins: MixinBooterLegacy took 0,000s
[00:13:45] [Server thread/TRACE] [FML/]: Attempting to deliver 0 IMC messages to mod gtnhmixins
[00:13:45] [Server thread/TRACE] [gtnhmixins/gtnhmixins]: Sending event IMCEvent to mod gtnhmixins
[00:13:45] [Server thread/TRACE] [gtnhmixins/gtnhmixins]: Sent event IMCEvent to mod gtnhmixins
[00:13:45] [Server thread/DEBUG] [FML/]: Bar Step: InterModComms$IMC - UniMixins: GTNHMixins took 0,000s
[00:13:45] [Server thread/TRACE] [FML/]: Attempting to deliver 0 IMC messages to mod mixinextras
[00:13:45] [Server thread/TRACE] [mixinextras/mixinextras]: Sending event IMCEvent to mod mixinextras
[00:13:45] [Server thread/TRACE] [mixinextras/mixinextras]: Sent event IMCEvent to mod mixinextras
[00:13:45] [Server thread/DEBUG] [FML/]: Bar Step: InterModComms$IMC - UniMixins: MixinExtras took 0,000s
[00:13:45] [Server thread/TRACE] [FML/]: Attempting to deliver 0 IMC messages to mod aiimprovements
[00:13:45] [Server thread/TRACE] [aiimprovements/aiimprovements]: Sending event IMCEvent to mod aiimprovements
[00:13:45] [Server thread/TRACE] [aiimprovements/aiimprovements]: Sent event IMCEvent to mod aiimprovements
[00:13:45] [Server thread/DEBUG] [FML/]: Bar Step: InterModComms$IMC - AI Improvements took 0,000s
[00:13:45] [Server thread/TRACE] [FML/]: Attempting to deliver 0 IMC messages to mod archaicfix
[00:13:45] [Server thread/TRACE] [archaicfix/archaicfix]: Sending event IMCEvent to mod archaicfix
[00:13:45] [Server thread/TRACE] [archaicfix/archaicfix]: Sent event IMCEvent to mod archaicfix
[00:13:45] [Server thread/DEBUG] [FML/]: Bar Step: InterModComms$IMC - ArchaicFix took 0,000s
[00:13:45] [Server thread/TRACE] [FML/]: Attempting to deliver 0 IMC messages to mod carbonconfig
[00:13:45] [Server thread/TRACE] [carbonconfig/carbonconfig]: Sending event IMCEvent to mod carbonconfig
[00:13:45] [Server thread/TRACE] [carbonconfig/carbonconfig]: Sent event IMCEvent to mod carbonconfig
[00:13:45] [Server thread/DEBUG] [FML/]: Bar Step: InterModComms$IMC - Carbon Config Library took 0,008s
[00:13:45] [Server thread/TRACE] [FML/]: Attempting to deliver 0 IMC messages to mod chunkpregenerator
[00:13:45] [Server thread/TRACE] [chunkpregenerator/chunkpregenerator]: Sending event IMCEvent to mod chunkpregenerator
[00:13:45] [Server thread/TRACE] [chunkpregenerator/chunkpregenerator]: Sent event IMCEvent to mod chunkpregenerator
[00:13:45] [Server thread/DEBUG] [FML/]: Bar Step: InterModComms$IMC - Chunk Pregenerator took 0,000s
[00:13:45] [Server thread/TRACE] [FML/]: Attempting to deliver 0 IMC messages to mod ChunkPurge
[00:13:45] [Server thread/TRACE] [ChunkPurge/ChunkPurge]: Sending event IMCEvent to mod ChunkPurge
[00:13:45] [Server thread/TRACE] [ChunkPurge/ChunkPurge]: Sent event IMCEvent to mod ChunkPurge
[00:13:45] [Server thread/DEBUG] [FML/]: Bar Step: InterModComms$IMC - Chunk Purge took 0,000s
[00:13:45] [Server thread/TRACE] [FML/]: Attempting to deliver 0 IMC messages to mod foamfix
[00:13:45] [Server thread/TRACE] [foamfix/foamfix]: Sending event IMCEvent to mod foamfix
[00:13:45] [Server thread/TRACE] [foamfix/foamfix]: Sent event IMCEvent to mod foamfix
[00:13:45] [Server thread/DEBUG] [FML/]: Bar Step: InterModComms$IMC - FoamFix took 0,000s
[00:13:45] [Server thread/TRACE] [FML/]: Attempting to deliver 0 IMC messages to mod gvc
[00:13:45] [Server thread/TRACE] [gvc/gvc]: Sending event IMCEvent to mod gvc
[00:13:45] [Server thread/TRACE] [gvc/gvc]: Sent event IMCEvent to mod gvc
[00:13:45] [Server thread/DEBUG] [FML/]: Bar Step: InterModComms$IMC - �aGliby's�f Voice Chat Mod took 0,000s
[00:13:45] [Server thread/TRACE] [FML/]: Attempting to deliver 0 IMC messages to mod gtnhlib
[00:13:45] [Server thread/TRACE] [gtnhlib/gtnhlib]: Sending event IMCEvent to mod gtnhlib
[00:13:45] [Server thread/TRACE] [gtnhlib/gtnhlib]: Sent event IMCEvent to mod gtnhlib
[00:13:45] [Server thread/DEBUG] [FML/]: Bar Step: InterModComms$IMC - GTNH Lib took 0,000s
[00:13:45] [Server thread/TRACE] [FML/]: Attempting to deliver 0 IMC messages to mod iChunUtil
[00:13:45] [Server thread/TRACE] [iChunUtil/iChunUtil]: Sending event IMCEvent to mod iChunUtil
[00:13:45] [Server thread/TRACE] [iChunUtil/iChunUtil]: Sent event IMCEvent to mod iChunUtil
[00:13:45] [Server thread/DEBUG] [FML/]: Bar Step: InterModComms$IMC - iChunUtil took 0,000s
[00:13:45] [Server thread/TRACE] [FML/]: Attempting to deliver 0 IMC messages to mod Hats
[00:13:45] [Server thread/TRACE] [Hats/Hats]: Sending event IMCEvent to mod Hats
[00:13:45] [Server thread/TRACE] [Hats/Hats]: Sent event IMCEvent to mod Hats
[00:13:45] [Server thread/DEBUG] [FML/]: Bar Step: InterModComms$IMC - Hats took 0,000s
[00:13:45] [Server thread/TRACE] [FML/]: Attempting to deliver 0 IMC messages to mod InventoryPets
[00:13:45] [Server thread/TRACE] [InventoryPets/InventoryPets]: Sending event IMCEvent to mod InventoryPets
[00:13:45] [Server thread/TRACE] [InventoryPets/InventoryPets]: Sent event IMCEvent to mod InventoryPets
[00:13:46] [Server thread/DEBUG] [FML/]: Bar Step: InterModComms$IMC - Inventory Pets took 0,000s
[00:13:46] [Server thread/TRACE] [FML/]: Attempting to deliver 0 IMC messages to mod ironbackpacks
[00:13:46] [Server thread/TRACE] [ironbackpacks/ironbackpacks]: Sending event IMCEvent to mod ironbackpacks
[00:13:46] [Server thread/TRACE] [ironbackpacks/ironbackpacks]: Sent event IMCEvent to mod ironbackpacks
[00:13:46] [Server thread/DEBUG] [FML/]: Bar Step: InterModComms$IMC - Iron Backpacks took 0,000s
[00:13:46] [Server thread/TRACE] [FML/]: Attempting to deliver 0 IMC messages to mod IronChest
[00:13:46] [Server thread/TRACE] [IronChest/IronChest]: Sending event IMCEvent to mod IronChest
[00:13:46] [Server thread/TRACE] [IronChest/IronChest]: Sent event IMCEvent to mod IronChest
[00:13:46] [Server thread/DEBUG] [FML/]: Bar Step: InterModComms$IMC - Iron Chests took 0,000s
[00:13:46] [Server thread/TRACE] [FML/]: Attempting to deliver 0 IMC messages to mod lucky
[00:13:46] [Server thread/TRACE] [lucky/lucky]: Sending event IMCEvent to mod lucky
[00:13:46] [Server thread/TRACE] [lucky/lucky]: Sent event IMCEvent to mod lucky
[00:13:46] [Server thread/DEBUG] [FML/]: Bar Step: InterModComms$IMC - Lucky Block took 0,000s
[00:13:46] [Server thread/TRACE] [FML/]: Attempting to deliver 0 IMC messages to mod MoreFurnaces
[00:13:46] [Server thread/TRACE] [MoreFurnaces/MoreFurnaces]: Sending event IMCEvent to mod MoreFurnaces
[00:13:46] [Server thread/TRACE] [MoreFurnaces/MoreFurnaces]: Sent event IMCEvent to mod MoreFurnaces
[00:13:46] [Server thread/DEBUG] [FML/]: Bar Step: InterModComms$IMC - More Furnaces took 0,000s
[00:13:46] [Server thread/TRACE] [FML/]: Attempting to deliver 0 IMC messages to mod OreSpawn
[00:13:46] [Server thread/TRACE] [OreSpawn/OreSpawn]: Sending event IMCEvent to mod OreSpawn
[00:13:46] [Server thread/TRACE] [OreSpawn/OreSpawn]: Sent event IMCEvent to mod OreSpawn
[00:13:46] [Server thread/DEBUG] [FML/]: Bar Step: InterModComms$IMC - OreSpawn took 0,000s
[00:13:46] [Server thread/TRACE] [FML/]: Attempting to deliver 0 IMC messages to mod PortalGun
[00:13:46] [Server thread/TRACE] [PortalGun/PortalGun]: Sending event IMCEvent to mod PortalGun
[00:13:46] [Server thread/TRACE] [PortalGun/PortalGun]: Sent event IMCEvent to mod PortalGun
[00:13:46] [Server thread/DEBUG] [FML/]: Bar Step: InterModComms$IMC - PortalGun took 0,000s
[00:13:46] [Server thread/TRACE] [FML/]: Attempting to deliver 0 IMC messages to mod denseores
[00:13:46] [Server thread/TRACE] [denseores/denseores]: Sending event IMCEvent to mod denseores
[00:13:46] [Server thread/TRACE] [denseores/denseores]: Sent event IMCEvent to mod denseores
[00:13:46] [Server thread/DEBUG] [FML/]: Bar Step: InterModComms$IMC - Dense Ores took 0,000s
[00:13:46] [Server thread/DEBUG] [FML/]: Bar Finished: InterModComms$IMC took 0,016s
[00:13:46] [Server thread/INFO] [FML/]: Injecting itemstacks
[00:13:46] [Server thread/INFO] [FML/]: Itemstack injection complete
[00:13:46] [Server thread/TRACE] [mcp/mcp]: Sending event FMLPostInitializationEvent to mod mcp
[00:13:46] [Server thread/TRACE] [mcp/mcp]: Sent event FMLPostInitializationEvent to mod mcp
[00:13:46] [Server thread/DEBUG] [FML/]: Bar Step: PostInitialization - Minecraft Coder Pack took 0,000s
[00:13:46] [Server thread/TRACE] [FML/FML]: Sending event FMLPostInitializationEvent to mod FML
[00:13:46] [Server thread/TRACE] [FML/FML]: Sent event FMLPostInitializationEvent to mod FML
[00:13:46] [Server thread/DEBUG] [FML/]: Bar Step: PostInitialization - Forge Mod Loader took 0,000s
[00:13:46] [Server thread/TRACE] [Forge/Forge]: Sending event FMLPostInitializationEvent to mod Forge
[00:13:46] [Server thread/TRACE] [Forge/Forge]: Sent event FMLPostInitializationEvent to mod Forge
[00:13:46] [Server thread/DEBUG] [FML/]: Bar Step: PostInitialization - Minecraft Forge took 0,008s
[00:13:46] [Server thread/TRACE] [CodeChickenCore/CodeChickenCore]: Sending event FMLPostInitializationEvent to mod CodeChickenCore
[00:13:46] [Server thread/TRACE] [CodeChickenCore/CodeChickenCore]: Sent event FMLPostInitializationEvent to mod CodeChickenCore
[00:13:46] [Server thread/DEBUG] [FML/]: Bar Step: PostInitialization - CodeChicken Core took 0,000s
[00:13:46] [Server thread/TRACE] [NotEnoughItems/NotEnoughItems]: Sending event FMLPostInitializationEvent to mod NotEnoughItems
[00:13:46] [Server thread/TRACE] [NotEnoughItems/NotEnoughItems]: Sent event FMLPostInitializationEvent to mod NotEnoughItems
[00:13:46] [Server thread/DEBUG] [FML/]: Bar Step: PostInitialization - NotEnoughItems took 0,000s
[00:13:46] [Server thread/TRACE] [GTNHLib Core/GTNHLib Core]: Sending event FMLPostInitializationEvent to mod GTNHLib Core
[00:13:46] [Server thread/TRACE] [GTNHLib Core/GTNHLib Core]: Sent event FMLPostInitializationEvent to mod GTNHLib Core
[00:13:46] [Server thread/DEBUG] [FML/]: Bar Step: PostInitialization - GTNHLib Core took 0,000s
[00:13:46] [Server thread/TRACE] [FoamFixCore/FoamFixCore]: Sending event FMLPostInitializationEvent to mod FoamFixCore
[00:13:46] [Server thread/TRACE] [FoamFixCore/FoamFixCore]: Sent event FMLPostInitializationEvent to mod FoamFixCore
[00:13:46] [Server thread/DEBUG] [FML/]: Bar Step: PostInitialization - FoamFixCore took 0,000s
[00:13:46] [Server thread/TRACE] [FastCraft/FastCraft]: Sending event FMLPostInitializationEvent to mod FastCraft
[00:13:46] [Server thread/TRACE] [FastCraft/FastCraft]: Sent event FMLPostInitializationEvent to mod FastCraft
[00:13:46] [Server thread/DEBUG] [FML/]: Bar Step: PostInitialization - FastCraft took 0,000s
[00:13:46] [Server thread/TRACE] [debug/debug]: Sending event FMLPostInitializationEvent to mod debug
[00:13:46] [Server thread/TRACE] [debug/debug]: Sent event FMLPostInitializationEvent to mod debug
[00:13:46] [Server thread/DEBUG] [FML/]: Bar Step: PostInitialization - debug took 0,000s
[00:13:46] [Server thread/TRACE] [unimixins/unimixins]: Sending event FMLPostInitializationEvent to mod unimixins
[00:13:46] [Server thread/TRACE] [unimixins/unimixins]: Sent event FMLPostInitializationEvent to mod unimixins
[00:13:46] [Server thread/DEBUG] [FML/]: Bar Step: PostInitialization - UniMixins took 0,000s
[00:13:46] [Server thread/TRACE] [unimixins-mixin/unimixins-mixin]: Sending event FMLPostInitializationEvent to mod unimixins-mixin
[00:13:46] [Server thread/TRACE] [unimixins-mixin/unimixins-mixin]: Sent event FMLPostInitializationEvent to mod unimixins-mixin
[00:13:46] [Server thread/DEBUG] [FML/]: Bar Step: PostInitialization - UniMixins: Mixin (UniMix) took 0,000s
[00:13:46] [Server thread/TRACE] [unimixins-compat/unimixins-compat]: Sending event FMLPostInitializationEvent to mod unimixins-compat
[00:13:46] [Server thread/TRACE] [unimixins-compat/unimixins-compat]: Sent event FMLPostInitializationEvent to mod unimixins-compat
[00:13:46] [Server thread/DEBUG] [FML/]: Bar Step: PostInitialization - UniMixins: Compatibility took 0,000s
[00:13:46] [Server thread/TRACE] [mixingasm/mixingasm]: Sending event FMLPostInitializationEvent to mod mixingasm
[00:13:46] [Server thread/TRACE] [mixingasm/mixingasm]: Sent event FMLPostInitializationEvent to mod mixingasm
[00:13:46] [Server thread/DEBUG] [FML/]: Bar Step: PostInitialization - UniMixins: Mixingasm took 0,000s
[00:13:46] [Server thread/TRACE] [spongemixins/spongemixins]: Sending event FMLPostInitializationEvent to mod spongemixins
[00:13:46] [Server thread/TRACE] [spongemixins/spongemixins]: Sent event FMLPostInitializationEvent to mod spongemixins
[00:13:46] [Server thread/DEBUG] [FML/]: Bar Step: PostInitialization - UniMixins: SpongeMixins took 0,000s
[00:13:46] [Server thread/TRACE] [mixinbooterlegacy/mixinbooterlegacy]: Sending event FMLPostInitializationEvent to mod mixinbooterlegacy
[00:13:46] [Server thread/TRACE] [mixinbooterlegacy/mixinbooterlegacy]: Sent event FMLPostInitializationEvent to mod mixinbooterlegacy
[00:13:46] [Server thread/DEBUG] [FML/]: Bar Step: PostInitialization - UniMixins: MixinBooterLegacy took 0,000s
[00:13:46] [Server thread/TRACE] [gtnhmixins/gtnhmixins]: Sending event FMLPostInitializationEvent to mod gtnhmixins
[00:13:46] [Server thread/TRACE] [gtnhmixins/gtnhmixins]: Sent event FMLPostInitializationEvent to mod gtnhmixins
[00:13:46] [Server thread/DEBUG] [FML/]: Bar Step: PostInitialization - UniMixins: GTNHMixins took 0,000s
[00:13:46] [Server thread/TRACE] [mixinextras/mixinextras]: Sending event FMLPostInitializationEvent to mod mixinextras
[00:13:46] [Server thread/TRACE] [mixinextras/mixinextras]: Sent event FMLPostInitializationEvent to mod mixinextras
[00:13:46] [Server thread/DEBUG] [FML/]: Bar Step: PostInitialization - UniMixins: MixinExtras took 0,000s
[00:13:46] [Server thread/TRACE] [aiimprovements/aiimprovements]: Sending event FMLPostInitializationEvent to mod aiimprovements
[00:13:46] [Server thread/INFO] [foamfix/aiimprovements]: [Log4JExploitFix] Applying Log4j exploit mitigation to net/minecraft/entity/ai/EntityAITasks/getLogger!
[00:13:46] [Server thread/DEBUG] [FastCraft/aiimprovements]: 15 / 21 applied
[00:13:46] [Server thread/TRACE] [FastCraft/aiimprovements]: 2fef7b47 6a792565 c8279ba2 ce4e7906 6518b690 e5fd58fe
[00:13:46] [Server thread/ERROR] [AI_Improvements/aiimprovements]: EntityOverride: Failed to use constructor 'Entity(World)' for entity[Monster, class net.minecraft.entity.monster.EntityMob] in order to test for AI tasks
[00:13:46] [Server thread/ERROR] [AI_Improvements/aiimprovements]: EntityOverride: Failed to use constructor 'Entity(World)' for entity[Mob, class net.minecraft.entity.EntityLiving] in order to test for AI tasks
[00:13:46] [Server thread/ERROR] [AI_Improvements/aiimprovements]: EntityOverride: Failed to use constructor 'Entity(World)' for entity[Monster, class net.minecraft.entity.monster.EntityMob] in order to test for AI tasks
[00:13:46] [Server thread/ERROR] [AI_Improvements/aiimprovements]: EntityOverride: Failed to use constructor 'Entity(World)' for entity[Mob, class net.minecraft.entity.EntityLiving] in order to test for AI tasks
[00:13:46] [Server thread/TRACE] [aiimprovements/aiimprovements]: Sent event FMLPostInitializationEvent to mod aiimprovements
[00:13:46] [Server thread/DEBUG] [FML/]: Bar Step: PostInitialization - AI Improvements took 0,155s
[00:13:46] [Server thread/TRACE] [archaicfix/archaicfix]: Sending event FMLPostInitializationEvent to mod archaicfix
[00:13:46] [Server thread/TRACE] [archaicfix/archaicfix]: Sent event FMLPostInitializationEvent to mod archaicfix
[00:13:46] [Server thread/DEBUG] [FML/]: Bar Step: PostInitialization - ArchaicFix took 0,000s
[00:13:46] [Server thread/TRACE] [carbonconfig/carbonconfig]: Sending event FMLPostInitializationEvent to mod carbonconfig
[00:13:46] [Server thread/TRACE] [carbonconfig/carbonconfig]: Sent event FMLPostInitializationEvent to mod carbonconfig
[00:13:46] [Server thread/DEBUG] [FML/]: Bar Step: PostInitialization - Carbon Config Library took 0,005s
[00:13:46] [Server thread/TRACE] [chunkpregenerator/chunkpregenerator]: Sending event FMLPostInitializationEvent to mod chunkpregenerator
[00:13:46] [Server thread/TRACE] [chunkpregenerator/chunkpregenerator]: Sent event FMLPostInitializationEvent to mod chunkpregenerator
[00:13:46] [Server thread/DEBUG] [FML/]: Bar Step: PostInitialization - Chunk Pregenerator took 0,000s
[00:13:46] [Server thread/TRACE] [ChunkPurge/ChunkPurge]: Sending event FMLPostInitializationEvent to mod ChunkPurge
[00:13:46] [Server thread/TRACE] [ChunkPurge/ChunkPurge]: Sent event FMLPostInitializationEvent to mod ChunkPurge
[00:13:46] [Server thread/DEBUG] [FML/]: Bar Step: PostInitialization - Chunk Purge took 0,002s
[00:13:46] [Server thread/TRACE] [foamfix/foamfix]: Sending event FMLPostInitializationEvent to mod foamfix
[00:13:46] [Server thread/TRACE] [foamfix/foamfix]: Sent event FMLPostInitializationEvent to mod foamfix
[00:13:46] [Server thread/DEBUG] [FML/]: Bar Step: PostInitialization - FoamFix took 0,000s
[00:13:46] [Server thread/TRACE] [gvc/gvc]: Sending event FMLPostInitializationEvent to mod gvc
[00:13:46] [Server thread/TRACE] [gvc/gvc]: Sent event FMLPostInitializationEvent to mod gvc
[00:13:46] [Server thread/DEBUG] [FML/]: Bar Step: PostInitialization - �aGliby's�f Voice Chat Mod took 0,000s
[00:13:46] [Server thread/TRACE] [gtnhlib/gtnhlib]: Sending event FMLPostInitializationEvent to mod gtnhlib
[00:13:46] [Server thread/TRACE] [gtnhlib/gtnhlib]: Sent event FMLPostInitializationEvent to mod gtnhlib
[00:13:46] [Server thread/DEBUG] [FML/]: Bar Step: PostInitialization - GTNH Lib took 0,000s
[00:13:46] [Server thread/TRACE] [iChunUtil/iChunUtil]: Sending event FMLPostInitializationEvent to mod iChunUtil
[00:13:46] [Server thread/TRACE] [iChunUtil/iChunUtil]: Sent event FMLPostInitializationEvent to mod iChunUtil
[00:13:46] [Server thread/DEBUG] [FML/]: Bar Step: PostInitialization - iChunUtil took 0,001s
[00:13:46] [Server thread/TRACE] [Hats/Hats]: Sending event FMLPostInitializationEvent to mod Hats
[00:13:46] [Server thread/TRACE] [Hats/Hats]: Sent event FMLPostInitializationEvent to mod Hats
[00:13:46] [Server thread/DEBUG] [FML/]: Bar Step: PostInitialization - Hats took 0,000s
[00:13:46] [Server thread/TRACE] [InventoryPets/InventoryPets]: Sending event FMLPostInitializationEvent to mod InventoryPets
[00:13:46] [Server thread/TRACE] [InventoryPets/InventoryPets]: Sent event FMLPostInitializationEvent to mod InventoryPets
[00:13:46] [Server thread/DEBUG] [FML/]: Bar Step: PostInitialization - Inventory Pets took 0,000s
[00:13:46] [Server thread/TRACE] [ironbackpacks/ironbackpacks]: Sending event FMLPostInitializationEvent to mod ironbackpacks
[00:13:46] [Server thread/TRACE] [ironbackpacks/ironbackpacks]: Sent event FMLPostInitializationEvent to mod ironbackpacks
[00:13:46] [Server thread/DEBUG] [FML/]: Bar Step: PostInitialization - Iron Backpacks took 0,000s
[00:13:46] [Server thread/TRACE] [IronChest/IronChest]: Sending event FMLPostInitializationEvent to mod IronChest
[00:13:46] [Server thread/TRACE] [IronChest/IronChest]: Sent event FMLPostInitializationEvent to mod IronChest
[00:13:46] [Server thread/DEBUG] [FML/]: Bar Step: PostInitialization - Iron Chests took 0,000s
[00:13:46] [Server thread/TRACE] [lucky/lucky]: Sending event FMLPostInitializationEvent to mod lucky
[00:13:46] [Server thread/TRACE] [lucky/lucky]: Sent event FMLPostInitializationEvent to mod lucky
[00:13:46] [Server thread/DEBUG] [FML/]: Bar Step: PostInitialization - Lucky Block took 0,000s
[00:13:46] [Server thread/TRACE] [MoreFurnaces/MoreFurnaces]: Sending event FMLPostInitializationEvent to mod MoreFurnaces
[00:13:46] [Server thread/TRACE] [MoreFurnaces/MoreFurnaces]: Sent event FMLPostInitializationEvent to mod MoreFurnaces
[00:13:46] [Server thread/DEBUG] [FML/]: Bar Step: PostInitialization - More Furnaces took 0,000s
[00:13:46] [Server thread/TRACE] [OreSpawn/OreSpawn]: Sending event FMLPostInitializationEvent to mod OreSpawn
[00:13:46] [Server thread/TRACE] [OreSpawn/OreSpawn]: Sent event FMLPostInitializationEvent to mod OreSpawn
[00:13:46] [Server thread/DEBUG] [FML/]: Bar Step: PostInitialization - OreSpawn took 0,007s
[00:13:46] [Server thread/TRACE] [PortalGun/PortalGun]: Sending event FMLPostInitializationEvent to mod PortalGun
[00:13:46] [Server thread/TRACE] [PortalGun/PortalGun]: Sent event FMLPostInitializationEvent to mod PortalGun
[00:13:46] [Server thread/DEBUG] [FML/]: Bar Step: PostInitialization - PortalGun took 0,000s
[00:13:46] [Server thread/TRACE] [denseores/denseores]: Sending event FMLPostInitializationEvent to mod denseores
[00:13:46] [Server thread/INFO] [denseores/denseores]: Dense Ores is fully loaded but sadly it cannot tell you the unlocalized name for dirt.
[00:13:46] [Server thread/TRACE] [denseores/denseores]: Sent event FMLPostInitializationEvent to mod denseores
[00:13:46] [Server thread/DEBUG] [FML/]: Bar Step: PostInitialization - Dense Ores took 0,000s
[00:13:46] [Server thread/DEBUG] [FML/]: Bar Finished: PostInitialization took 0,182s
[00:13:46] [Server thread/TRACE] [mcp/mcp]: Sending event FMLLoadCompleteEvent to mod mcp
[00:13:46] [Server thread/TRACE] [mcp/mcp]: Sent event FMLLoadCompleteEvent to mod mcp
[00:13:46] [Server thread/DEBUG] [FML/]: Bar Step: LoadComplete - Minecraft Coder Pack took 0,000s
[00:13:46] [Server thread/TRACE] [FML/FML]: Sending event FMLLoadCompleteEvent to mod FML
[00:13:46] [Server thread/TRACE] [FML/FML]: Sent event FMLLoadCompleteEvent to mod FML
[00:13:46] [Server thread/DEBUG] [FML/]: Bar Step: LoadComplete - Forge Mod Loader took 0,000s
[00:13:46] [Server thread/TRACE] [Forge/Forge]: Sending event FMLLoadCompleteEvent to mod Forge
[00:13:46] [Server thread/DEBUG] [FML/Forge]: Forge RecipeSorter Baking:
[00:13:46] [Server thread/DEBUG] [FML/Forge]:   14: RecipeEntry("Before", UNKNOWN, )
[00:13:46] [Server thread/DEBUG] [FML/Forge]:   13: RecipeEntry("minecraft:shaped", SHAPED, net.minecraft.item.crafting.ShapedRecipes) Before: minecraft:shapeless
[00:13:46] [Server thread/DEBUG] [FML/Forge]:   12: RecipeEntry("RemoveUpgrade", SHAPELESS, main.ironbackpacks.crafting.BackpackRemoveUpgradeRecipe)
[00:13:46] [Server thread/DEBUG] [FML/Forge]:   11: RecipeEntry("forge:shapedore", SHAPED, net.minecraftforge.oredict.ShapedOreRecipe) Before: minecraft:shapeless After: minecraft:shaped
[00:13:46] [Server thread/DEBUG] [FML/Forge]:   10: RecipeEntry("minecraft:mapextending", SHAPED, net.minecraft.item.crafting.RecipesMapExtending) Before: minecraft:shapeless After: minecraft:shaped
[00:13:46] [Server thread/DEBUG] [FML/Forge]:   9: RecipeEntry("minecraft:shapeless", SHAPELESS, net.minecraft.item.crafting.ShapelessRecipes) After: minecraft:shaped
[00:13:46] [Server thread/DEBUG] [FML/Forge]:   8: RecipeEntry("forge:shapelessore", SHAPELESS, net.minecraftforge.oredict.ShapelessOreRecipe) After: minecraft:shapeless
[00:13:46] [Server thread/DEBUG] [FML/Forge]:   7: RecipeEntry("BackpackUpgrade", SHAPELESS, main.ironbackpacks.crafting.BackpackCraftWithUpgradeRecipe)
[00:13:46] [Server thread/DEBUG] [FML/Forge]:   6: RecipeEntry("BackpackTier", SHAPED, main.ironbackpacks.crafting.BackpackIncreaseTierRecipe)
[00:13:46] [Server thread/DEBUG] [FML/Forge]:   5: RecipeEntry("minecraft:armordyes", SHAPELESS, net.minecraft.item.crafting.RecipesArmorDyes) After: minecraft:shapeless
[00:13:46] [Server thread/DEBUG] [FML/Forge]:   4: RecipeEntry("minecraft:fireworks", SHAPELESS, net.minecraft.item.crafting.RecipeFireworks) After: minecraft:shapeless
[00:13:46] [Server thread/DEBUG] [FML/Forge]:   3: RecipeEntry("minecraft:bookcloning", SHAPELESS, net.minecraft.item.crafting.RecipeBookCloning) After: minecraft:shapeless
[00:13:46] [Server thread/DEBUG] [FML/Forge]:   2: RecipeEntry("minecraft:mapcloning", SHAPELESS, net.minecraft.item.crafting.RecipesMapCloning) After: minecraft:shapeless
[00:13:46] [Server thread/DEBUG] [FML/Forge]:   1: RecipeEntry("After", UNKNOWN, )
[00:13:46] [Server thread/DEBUG] [FML/Forge]: Sorting recipies
[00:13:46] [Server thread/TRACE] [Forge/Forge]: Sent event FMLLoadCompleteEvent to mod Forge
[00:13:46] [Server thread/DEBUG] [FML/]: Bar Step: LoadComplete - Minecraft Forge took 0,004s
[00:13:46] [Server thread/TRACE] [CodeChickenCore/CodeChickenCore]: Sending event FMLLoadCompleteEvent to mod CodeChickenCore
[00:13:46] [Server thread/TRACE] [CodeChickenCore/CodeChickenCore]: Sent event FMLLoadCompleteEvent to mod CodeChickenCore
[00:13:46] [Server thread/DEBUG] [FML/]: Bar Step: LoadComplete - CodeChicken Core took 0,000s
[00:13:46] [Server thread/TRACE] [NotEnoughItems/NotEnoughItems]: Sending event FMLLoadCompleteEvent to mod NotEnoughItems
[00:13:46] [Server thread/TRACE] [NotEnoughItems/NotEnoughItems]: Sent event FMLLoadCompleteEvent to mod NotEnoughItems
[00:13:46] [Server thread/DEBUG] [FML/]: Bar Step: LoadComplete - NotEnoughItems took 0,000s
[00:13:46] [Server thread/TRACE] [GTNHLib Core/GTNHLib Core]: Sending event FMLLoadCompleteEvent to mod GTNHLib Core
[00:13:46] [Server thread/TRACE] [GTNHLib Core/GTNHLib Core]: Sent event FMLLoadCompleteEvent to mod GTNHLib Core
[00:13:46] [Server thread/DEBUG] [FML/]: Bar Step: LoadComplete - GTNHLib Core took 0,000s
[00:13:46] [Server thread/TRACE] [FoamFixCore/FoamFixCore]: Sending event FMLLoadCompleteEvent to mod FoamFixCore
[00:13:46] [Server thread/TRACE] [FoamFixCore/FoamFixCore]: Sent event FMLLoadCompleteEvent to mod FoamFixCore
[00:13:46] [Server thread/DEBUG] [FML/]: Bar Step: LoadComplete - FoamFixCore took 0,000s
[00:13:46] [Server thread/TRACE] [FastCraft/FastCraft]: Sending event FMLLoadCompleteEvent to mod FastCraft
[00:13:46] [Server thread/TRACE] [FastCraft/FastCraft]: Sent event FMLLoadCompleteEvent to mod FastCraft
[00:13:46] [Server thread/DEBUG] [FML/]: Bar Step: LoadComplete - FastCraft took 0,000s
[00:13:46] [Server thread/TRACE] [debug/debug]: Sending event FMLLoadCompleteEvent to mod debug
[00:13:46] [Server thread/TRACE] [debug/debug]: Sent event FMLLoadCompleteEvent to mod debug
[00:13:46] [Server thread/DEBUG] [FML/]: Bar Step: LoadComplete - debug took 0,000s
[00:13:46] [Server thread/TRACE] [unimixins/unimixins]: Sending event FMLLoadCompleteEvent to mod unimixins
[00:13:46] [Server thread/TRACE] [unimixins/unimixins]: Sent event FMLLoadCompleteEvent to mod unimixins
[00:13:46] [Server thread/DEBUG] [FML/]: Bar Step: LoadComplete - UniMixins took 0,000s
[00:13:46] [Server thread/TRACE] [unimixins-mixin/unimixins-mixin]: Sending event FMLLoadCompleteEvent to mod unimixins-mixin
[00:13:46] [Server thread/TRACE] [unimixins-mixin/unimixins-mixin]: Sent event FMLLoadCompleteEvent to mod unimixins-mixin
[00:13:46] [Server thread/DEBUG] [FML/]: Bar Step: LoadComplete - UniMixins: Mixin (UniMix) took 0,000s
[00:13:46] [Server thread/TRACE] [unimixins-compat/unimixins-compat]: Sending event FMLLoadCompleteEvent to mod unimixins-compat
[00:13:46] [Server thread/TRACE] [unimixins-compat/unimixins-compat]: Sent event FMLLoadCompleteEvent to mod unimixins-compat
[00:13:46] [Server thread/DEBUG] [FML/]: Bar Step: LoadComplete - UniMixins: Compatibility took 0,000s
[00:13:46] [Server thread/TRACE] [mixingasm/mixingasm]: Sending event FMLLoadCompleteEvent to mod mixingasm
[00:13:46] [Server thread/TRACE] [mixingasm/mixingasm]: Sent event FMLLoadCompleteEvent to mod mixingasm
[00:13:46] [Server thread/DEBUG] [FML/]: Bar Step: LoadComplete - UniMixins: Mixingasm took 0,000s
[00:13:46] [Server thread/TRACE] [spongemixins/spongemixins]: Sending event FMLLoadCompleteEvent to mod spongemixins
[00:13:46] [Server thread/TRACE] [spongemixins/spongemixins]: Sent event FMLLoadCompleteEvent to mod spongemixins
[00:13:46] [Server thread/DEBUG] [FML/]: Bar Step: LoadComplete - UniMixins: SpongeMixins took 0,000s
[00:13:46] [Server thread/TRACE] [mixinbooterlegacy/mixinbooterlegacy]: Sending event FMLLoadCompleteEvent to mod mixinbooterlegacy
[00:13:46] [Server thread/TRACE] [mixinbooterlegacy/mixinbooterlegacy]: Sent event FMLLoadCompleteEvent to mod mixinbooterlegacy
[00:13:46] [Server thread/DEBUG] [FML/]: Bar Step: LoadComplete - UniMixins: MixinBooterLegacy took 0,000s
[00:13:46] [Server thread/TRACE] [gtnhmixins/gtnhmixins]: Sending event FMLLoadCompleteEvent to mod gtnhmixins
[00:13:46] [Server thread/TRACE] [gtnhmixins/gtnhmixins]: Sent event FMLLoadCompleteEvent to mod gtnhmixins
[00:13:46] [Server thread/DEBUG] [FML/]: Bar Step: LoadComplete - UniMixins: GTNHMixins took 0,000s
[00:13:46] [Server thread/TRACE] [mixinextras/mixinextras]: Sending event FMLLoadCompleteEvent to mod mixinextras
[00:13:46] [Server thread/TRACE] [mixinextras/mixinextras]: Sent event FMLLoadCompleteEvent to mod mixinextras
[00:13:46] [Server thread/DEBUG] [FML/]: Bar Step: LoadComplete - UniMixins: MixinExtras took 0,000s
[00:13:46] [Server thread/TRACE] [aiimprovements/aiimprovements]: Sending event FMLLoadCompleteEvent to mod aiimprovements
[00:13:46] [Server thread/TRACE] [aiimprovements/aiimprovements]: Sent event FMLLoadCompleteEvent to mod aiimprovements
[00:13:46] [Server thread/DEBUG] [FML/]: Bar Step: LoadComplete - AI Improvements took 0,000s
[00:13:46] [Server thread/TRACE] [archaicfix/archaicfix]: Sending event FMLLoadCompleteEvent to mod archaicfix
[00:13:46] [Server thread/INFO] [ArchaicFix/archaicfix]: Cleaning up LaunchClassLoader
[00:13:46] [Server thread/TRACE] [archaicfix/archaicfix]: Sent event FMLLoadCompleteEvent to mod archaicfix
[00:13:46] [Server thread/DEBUG] [FML/]: Bar Step: LoadComplete - ArchaicFix took 0,016s
[00:13:46] [Server thread/TRACE] [carbonconfig/carbonconfig]: Sending event FMLLoadCompleteEvent to mod carbonconfig
[00:13:46] [Server thread/TRACE] [carbonconfig/carbonconfig]: Sent event FMLLoadCompleteEvent to mod carbonconfig
[00:13:46] [Server thread/DEBUG] [FML/]: Bar Step: LoadComplete - Carbon Config Library took 0,000s
[00:13:46] [Server thread/TRACE] [chunkpregenerator/chunkpregenerator]: Sending event FMLLoadCompleteEvent to mod chunkpregenerator
[00:13:46] [Server thread/TRACE] [chunkpregenerator/chunkpregenerator]: Sent event FMLLoadCompleteEvent to mod chunkpregenerator
[00:13:46] [Server thread/DEBUG] [FML/]: Bar Step: LoadComplete - Chunk Pregenerator took 0,000s
[00:13:46] [Server thread/TRACE] [ChunkPurge/ChunkPurge]: Sending event FMLLoadCompleteEvent to mod ChunkPurge
[00:13:46] [Server thread/TRACE] [ChunkPurge/ChunkPurge]: Sent event FMLLoadCompleteEvent to mod ChunkPurge
[00:13:46] [Server thread/DEBUG] [FML/]: Bar Step: LoadComplete - Chunk Purge took 0,000s
[00:13:46] [Server thread/TRACE] [foamfix/foamfix]: Sending event FMLLoadCompleteEvent to mod foamfix
[00:13:46] [Server thread/TRACE] [foamfix/foamfix]: Sent event FMLLoadCompleteEvent to mod foamfix
[00:13:46] [Server thread/DEBUG] [FML/]: Bar Step: LoadComplete - FoamFix took 0,000s
[00:13:46] [Server thread/TRACE] [gvc/gvc]: Sending event FMLLoadCompleteEvent to mod gvc
[00:13:46] [Server thread/TRACE] [gvc/gvc]: Sent event FMLLoadCompleteEvent to mod gvc
[00:13:46] [Server thread/DEBUG] [FML/]: Bar Step: LoadComplete - �aGliby's�f Voice Chat Mod took 0,000s
[00:13:46] [Server thread/TRACE] [gtnhlib/gtnhlib]: Sending event FMLLoadCompleteEvent to mod gtnhlib
[00:13:46] [Server thread/TRACE] [gtnhlib/gtnhlib]: Sent event FMLLoadCompleteEvent to mod gtnhlib
[00:13:46] [Server thread/DEBUG] [FML/]: Bar Step: LoadComplete - GTNH Lib took 0,000s
[00:13:46] [Server thread/TRACE] [iChunUtil/iChunUtil]: Sending event FMLLoadCompleteEvent to mod iChunUtil
[00:13:46] [Server thread/TRACE] [iChunUtil/iChunUtil]: Sent event FMLLoadCompleteEvent to mod iChunUtil
[00:13:46] [Server thread/DEBUG] [FML/]: Bar Step: LoadComplete - iChunUtil took 0,000s
[00:13:46] [Server thread/TRACE] [Hats/Hats]: Sending event FMLLoadCompleteEvent to mod Hats
[00:13:46] [Server thread/TRACE] [Hats/Hats]: Sent event FMLLoadCompleteEvent to mod Hats
[00:13:46] [Server thread/DEBUG] [FML/]: Bar Step: LoadComplete - Hats took 0,000s
[00:13:46] [Server thread/TRACE] [InventoryPets/InventoryPets]: Sending event FMLLoadCompleteEvent to mod InventoryPets
[00:13:46] [Server thread/TRACE] [InventoryPets/InventoryPets]: Sent event FMLLoadCompleteEvent to mod InventoryPets
[00:13:46] [Server thread/DEBUG] [FML/]: Bar Step: LoadComplete - Inventory Pets took 0,000s
[00:13:46] [Server thread/TRACE] [ironbackpacks/ironbackpacks]: Sending event FMLLoadCompleteEvent to mod ironbackpacks
[00:13:46] [Server thread/TRACE] [ironbackpacks/ironbackpacks]: Sent event FMLLoadCompleteEvent to mod ironbackpacks
[00:13:46] [Server thread/DEBUG] [FML/]: Bar Step: LoadComplete - Iron Backpacks took 0,000s
[00:13:46] [Server thread/TRACE] [IronChest/IronChest]: Sending event FMLLoadCompleteEvent to mod IronChest
[00:13:46] [Server thread/TRACE] [IronChest/IronChest]: Sent event FMLLoadCompleteEvent to mod IronChest
[00:13:46] [Server thread/DEBUG] [FML/]: Bar Step: LoadComplete - Iron Chests took 0,000s
[00:13:46] [Server thread/TRACE] [lucky/lucky]: Sending event FMLLoadCompleteEvent to mod lucky
[00:13:46] [Server thread/TRACE] [lucky/lucky]: Sent event FMLLoadCompleteEvent to mod lucky
[00:13:46] [Server thread/DEBUG] [FML/]: Bar Step: LoadComplete - Lucky Block took 0,000s
[00:13:46] [Server thread/TRACE] [MoreFurnaces/MoreFurnaces]: Sending event FMLLoadCompleteEvent to mod MoreFurnaces
[00:13:46] [Server thread/TRACE] [MoreFurnaces/MoreFurnaces]: Sent event FMLLoadCompleteEvent to mod MoreFurnaces
[00:13:46] [Server thread/DEBUG] [FML/]: Bar Step: LoadComplete - More Furnaces took 0,000s
[00:13:46] [Server thread/TRACE] [OreSpawn/OreSpawn]: Sending event FMLLoadCompleteEvent to mod OreSpawn
[00:13:46] [Server thread/TRACE] [OreSpawn/OreSpawn]: Sent event FMLLoadCompleteEvent to mod OreSpawn
[00:13:46] [Server thread/DEBUG] [FML/]: Bar Step: LoadComplete - OreSpawn took 0,000s
[00:13:46] [Server thread/TRACE] [PortalGun/PortalGun]: Sending event FMLLoadCompleteEvent to mod PortalGun
[00:13:46] [Server thread/TRACE] [PortalGun/PortalGun]: Sent event FMLLoadCompleteEvent to mod PortalGun
[00:13:46] [Server thread/DEBUG] [FML/]: Bar Step: LoadComplete - PortalGun took 0,000s
[00:13:46] [Server thread/TRACE] [denseores/denseores]: Sending event FMLLoadCompleteEvent to mod denseores
[00:13:46] [Server thread/TRACE] [denseores/denseores]: Sent event FMLLoadCompleteEvent to mod denseores
[00:13:46] [Server thread/DEBUG] [FML/]: Bar Step: LoadComplete - Dense Ores took 0,000s
[00:13:46] [Server thread/DEBUG] [FML/]: Bar Finished: LoadComplete took 0,023s
[00:13:46] [Server thread/DEBUG] [FML/]: Freezing block and item id maps
[00:13:46] [Server thread/DEBUG] [FML/]: Registry consistency check successful
[00:13:46] [Server thread/DEBUG] [FML/]: Registry consistency check successful
[00:13:46] [Server thread/INFO] [FML/]: Forge Mod Loader has successfully loaded 35 mods
[00:13:46] [Server thread/TRACE] [mcp/mcp]: Sending event FMLServerAboutToStartEvent to mod mcp
[00:13:46] [Server thread/TRACE] [mcp/mcp]: Sent event FMLServerAboutToStartEvent to mod mcp
[00:13:46] [Server thread/DEBUG] [FML/]: Bar Step: ServerAboutToStart - Minecraft Coder Pack took 0,000s
[00:13:46] [Server thread/TRACE] [FML/FML]: Sending event FMLServerAboutToStartEvent to mod FML
[00:13:46] [Server thread/TRACE] [FML/FML]: Sent event FMLServerAboutToStartEvent to mod FML
[00:13:46] [Server thread/DEBUG] [FML/]: Bar Step: ServerAboutToStart - Forge Mod Loader took 0,000s
[00:13:46] [Server thread/TRACE] [Forge/Forge]: Sending event FMLServerAboutToStartEvent to mod Forge
[00:13:46] [Server thread/TRACE] [Forge/Forge]: Sent event FMLServerAboutToStartEvent to mod Forge
[00:13:46] [Server thread/DEBUG] [FML/]: Bar Step: ServerAboutToStart - Minecraft Forge took 0,000s
[00:13:46] [Server thread/TRACE] [CodeChickenCore/CodeChickenCore]: Sending event FMLServerAboutToStartEvent to mod CodeChickenCore
[00:13:46] [Server thread/TRACE] [CodeChickenCore/CodeChickenCore]: Sent event FMLServerAboutToStartEvent to mod CodeChickenCore
[00:13:46] [Server thread/DEBUG] [FML/]: Bar Step: ServerAboutToStart - CodeChicken Core took 0,000s
[00:13:46] [Server thread/TRACE] [NotEnoughItems/NotEnoughItems]: Sending event FMLServerAboutToStartEvent to mod NotEnoughItems
[00:13:46] [Server thread/INFO] [foamfix/NotEnoughItems]: [Log4JExploitFix] Applying Log4j exploit mitigation to codechicken/nei/NEIServerConfig/getLogger!
[00:13:46] [Server thread/TRACE] [NotEnoughItems/NotEnoughItems]: Sent event FMLServerAboutToStartEvent to mod NotEnoughItems
[00:13:46] [Server thread/DEBUG] [FML/]: Bar Step: ServerAboutToStart - NotEnoughItems took 0,006s
[00:13:46] [Server thread/TRACE] [GTNHLib Core/GTNHLib Core]: Sending event FMLServerAboutToStartEvent to mod GTNHLib Core
[00:13:46] [Server thread/TRACE] [GTNHLib Core/GTNHLib Core]: Sent event FMLServerAboutToStartEvent to mod GTNHLib Core
[00:13:46] [Server thread/DEBUG] [FML/]: Bar Step: ServerAboutToStart - GTNHLib Core took 0,000s
[00:13:46] [Server thread/TRACE] [FoamFixCore/FoamFixCore]: Sending event FMLServerAboutToStartEvent to mod FoamFixCore
[00:13:46] [Server thread/TRACE] [FoamFixCore/FoamFixCore]: Sent event FMLServerAboutToStartEvent to mod FoamFixCore
[00:13:46] [Server thread/DEBUG] [FML/]: Bar Step: ServerAboutToStart - FoamFixCore took 0,000s
[00:13:46] [Server thread/TRACE] [FastCraft/FastCraft]: Sending event FMLServerAboutToStartEvent to mod FastCraft
[00:13:46] [Server thread/TRACE] [FastCraft/FastCraft]: Sent event FMLServerAboutToStartEvent to mod FastCraft
[00:13:46] [Server thread/DEBUG] [FML/]: Bar Step: ServerAboutToStart - FastCraft took 0,000s
[00:13:46] [Server thread/TRACE] [debug/debug]: Sending event FMLServerAboutToStartEvent to mod debug
[00:13:46] [Server thread/TRACE] [debug/debug]: Sent event FMLServerAboutToStartEvent to mod debug
[00:13:46] [Server thread/DEBUG] [FML/]: Bar Step: ServerAboutToStart - debug took 0,000s
[00:13:46] [Server thread/TRACE] [unimixins/unimixins]: Sending event FMLServerAboutToStartEvent to mod unimixins
[00:13:46] [Server thread/TRACE] [unimixins/unimixins]: Sent event FMLServerAboutToStartEvent to mod unimixins
[00:13:46] [Server thread/DEBUG] [FML/]: Bar Step: ServerAboutToStart - UniMixins took 0,000s
[00:13:46] [Server thread/TRACE] [unimixins-mixin/unimixins-mixin]: Sending event FMLServerAboutToStartEvent to mod unimixins-mixin
[00:13:46] [Server thread/TRACE] [unimixins-mixin/unimixins-mixin]: Sent event FMLServerAboutToStartEvent to mod unimixins-mixin
[00:13:46] [Server thread/DEBUG] [FML/]: Bar Step: ServerAboutToStart - UniMixins: Mixin (UniMix) took 0,000s
[00:13:46] [Server thread/TRACE] [unimixins-compat/unimixins-compat]: Sending event FMLServerAboutToStartEvent to mod unimixins-compat
[00:13:46] [Server thread/TRACE] [unimixins-compat/unimixins-compat]: Sent event FMLServerAboutToStartEvent to mod unimixins-compat
[00:13:46] [Server thread/DEBUG] [FML/]: Bar Step: ServerAboutToStart - UniMixins: Compatibility took 0,000s
[00:13:46] [Server thread/TRACE] [mixingasm/mixingasm]: Sending event FMLServerAboutToStartEvent to mod mixingasm
[00:13:46] [Server thread/TRACE] [mixingasm/mixingasm]: Sent event FMLServerAboutToStartEvent to mod mixingasm
[00:13:46] [Server thread/DEBUG] [FML/]: Bar Step: ServerAboutToStart - UniMixins: Mixingasm took 0,000s
[00:13:46] [Server thread/TRACE] [spongemixins/spongemixins]: Sending event FMLServerAboutToStartEvent to mod spongemixins
[00:13:46] [Server thread/TRACE] [spongemixins/spongemixins]: Sent event FMLServerAboutToStartEvent to mod spongemixins
[00:13:46] [Server thread/DEBUG] [FML/]: Bar Step: ServerAboutToStart - UniMixins: SpongeMixins took 0,000s
[00:13:46] [Server thread/TRACE] [mixinbooterlegacy/mixinbooterlegacy]: Sending event FMLServerAboutToStartEvent to mod mixinbooterlegacy
[00:13:46] [Server thread/TRACE] [mixinbooterlegacy/mixinbooterlegacy]: Sent event FMLServerAboutToStartEvent to mod mixinbooterlegacy
[00:13:46] [Server thread/DEBUG] [FML/]: Bar Step: ServerAboutToStart - UniMixins: MixinBooterLegacy took 0,000s
[00:13:46] [Server thread/TRACE] [gtnhmixins/gtnhmixins]: Sending event FMLServerAboutToStartEvent to mod gtnhmixins
[00:13:46] [Server thread/TRACE] [gtnhmixins/gtnhmixins]: Sent event FMLServerAboutToStartEvent to mod gtnhmixins
[00:13:46] [Server thread/DEBUG] [FML/]: Bar Step: ServerAboutToStart - UniMixins: GTNHMixins took 0,000s
[00:13:46] [Server thread/TRACE] [mixinextras/mixinextras]: Sending event FMLServerAboutToStartEvent to mod mixinextras
[00:13:46] [Server thread/TRACE] [mixinextras/mixinextras]: Sent event FMLServerAboutToStartEvent to mod mixinextras
[00:13:46] [Server thread/DEBUG] [FML/]: Bar Step: ServerAboutToStart - UniMixins: MixinExtras took 0,000s
[00:13:46] [Server thread/TRACE] [aiimprovements/aiimprovements]: Sending event FMLServerAboutToStartEvent to mod aiimprovements
[00:13:46] [Server thread/TRACE] [aiimprovements/aiimprovements]: Sent event FMLServerAboutToStartEvent to mod aiimprovements
[00:13:46] [Server thread/DEBUG] [FML/]: Bar Step: ServerAboutToStart - AI Improvements took 0,000s
[00:13:46] [Server thread/TRACE] [archaicfix/archaicfix]: Sending event FMLServerAboutToStartEvent to mod archaicfix
[00:13:46] [Server thread/TRACE] [archaicfix/archaicfix]: Sent event FMLServerAboutToStartEvent to mod archaicfix
[00:13:46] [Server thread/DEBUG] [FML/]: Bar Step: ServerAboutToStart - ArchaicFix took 0,000s
[00:13:46] [Server thread/TRACE] [carbonconfig/carbonconfig]: Sending event FMLServerAboutToStartEvent to mod carbonconfig
[00:13:46] [Server thread/TRACE] [carbonconfig/carbonconfig]: Sent event FMLServerAboutToStartEvent to mod carbonconfig
[00:13:46] [Server thread/DEBUG] [FML/]: Bar Step: ServerAboutToStart - Carbon Config Library took 0,000s
[00:13:46] [Server thread/TRACE] [chunkpregenerator/chunkpregenerator]: Sending event FMLServerAboutToStartEvent to mod chunkpregenerator
[00:13:46] [Server thread/TRACE] [chunkpregenerator/chunkpregenerator]: Sent event FMLServerAboutToStartEvent to mod chunkpregenerator
[00:13:46] [Server thread/DEBUG] [FML/]: Bar Step: ServerAboutToStart - Chunk Pregenerator took 0,000s
[00:13:46] [Server thread/TRACE] [ChunkPurge/ChunkPurge]: Sending event FMLServerAboutToStartEvent to mod ChunkPurge
[00:13:46] [Server thread/TRACE] [ChunkPurge/ChunkPurge]: Sent event FMLServerAboutToStartEvent to mod ChunkPurge
[00:13:46] [Server thread/DEBUG] [FML/]: Bar Step: ServerAboutToStart - Chunk Purge took 0,000s
[00:13:46] [Server thread/TRACE] [foamfix/foamfix]: Sending event FMLServerAboutToStartEvent to mod foamfix
[00:13:46] [Server thread/TRACE] [foamfix/foamfix]: Sent event FMLServerAboutToStartEvent to mod foamfix
[00:13:46] [Server thread/DEBUG] [FML/]: Bar Step: ServerAboutToStart - FoamFix took 0,000s
[00:13:46] [Server thread/TRACE] [gvc/gvc]: Sending event FMLServerAboutToStartEvent to mod gvc
[00:13:46] [Server thread/TRACE] [gvc/gvc]: Sent event FMLServerAboutToStartEvent to mod gvc
[00:13:46] [Configuration Process/INFO] [Gliby's Voice Chat Mod/gvc]: No Configuration file found on server, will create one with default settings.
[00:13:46] [Server thread/DEBUG] [FML/]: Bar Step: ServerAboutToStart - �aGliby's�f Voice Chat Mod took 0,006s
[00:13:46] [Server thread/TRACE] [gtnhlib/gtnhlib]: Sending event FMLServerAboutToStartEvent to mod gtnhlib
[00:13:46] [Server thread/INFO] [foamfix/gtnhlib]: [Log4JExploitFix] Applying Log4j exploit mitigation to com/gtnewhorizon/gtnhlib/brigadier/BrigadierApi/getLogger!
[00:13:46] [Configuration Process/INFO] [Gliby's Voice Chat Mod/gvc]: Created Configuration file with default settings on server.
[00:13:46] [Server thread/TRACE] [gtnhlib/gtnhlib]: Sent event FMLServerAboutToStartEvent to mod gtnhlib
[00:13:46] [Server thread/DEBUG] [FML/]: Bar Step: ServerAboutToStart - GTNH Lib took 0,014s
[00:13:46] [Server thread/TRACE] [iChunUtil/iChunUtil]: Sending event FMLServerAboutToStartEvent to mod iChunUtil
[00:13:46] [Server thread/TRACE] [iChunUtil/iChunUtil]: Sent event FMLServerAboutToStartEvent to mod iChunUtil
[00:13:46] [Server thread/DEBUG] [FML/]: Bar Step: ServerAboutToStart - iChunUtil took 0,000s
[00:13:46] [Server thread/TRACE] [Hats/Hats]: Sending event FMLServerAboutToStartEvent to mod Hats
[00:13:46] [Server thread/TRACE] [Hats/Hats]: Sent event FMLServerAboutToStartEvent to mod Hats
[00:13:46] [Server thread/DEBUG] [FML/]: Bar Step: ServerAboutToStart - Hats took 0,002s
[00:13:46] [Server thread/TRACE] [InventoryPets/InventoryPets]: Sending event FMLServerAboutToStartEvent to mod InventoryPets
[00:13:46] [Server thread/TRACE] [InventoryPets/InventoryPets]: Sent event FMLServerAboutToStartEvent to mod InventoryPets
[00:13:46] [Server thread/DEBUG] [FML/]: Bar Step: ServerAboutToStart - Inventory Pets took 0,000s
[00:13:46] [Server thread/TRACE] [ironbackpacks/ironbackpacks]: Sending event FMLServerAboutToStartEvent to mod ironbackpacks
[00:13:46] [Server thread/TRACE] [ironbackpacks/ironbackpacks]: Sent event FMLServerAboutToStartEvent to mod ironbackpacks
[00:13:46] [Server thread/DEBUG] [FML/]: Bar Step: ServerAboutToStart - Iron Backpacks took 0,000s
[00:13:46] [Server thread/TRACE] [IronChest/IronChest]: Sending event FMLServerAboutToStartEvent to mod IronChest
[00:13:46] [Server thread/TRACE] [IronChest/IronChest]: Sent event FMLServerAboutToStartEvent to mod IronChest
[00:13:46] [Server thread/DEBUG] [FML/]: Bar Step: ServerAboutToStart - Iron Chests took 0,000s
[00:13:46] [Server thread/TRACE] [lucky/lucky]: Sending event FMLServerAboutToStartEvent to mod lucky
[00:13:46] [Server thread/TRACE] [lucky/lucky]: Sent event FMLServerAboutToStartEvent to mod lucky
[00:13:46] [Server thread/DEBUG] [FML/]: Bar Step: ServerAboutToStart - Lucky Block took 0,000s
[00:13:46] [Server thread/TRACE] [MoreFurnaces/MoreFurnaces]: Sending event FMLServerAboutToStartEvent to mod MoreFurnaces
[00:13:46] [Server thread/TRACE] [MoreFurnaces/MoreFurnaces]: Sent event FMLServerAboutToStartEvent to mod MoreFurnaces
[00:13:46] [Server thread/DEBUG] [FML/]: Bar Step: ServerAboutToStart - More Furnaces took 0,000s
[00:13:46] [Server thread/TRACE] [OreSpawn/OreSpawn]: Sending event FMLServerAboutToStartEvent to mod OreSpawn
[00:13:46] [Server thread/TRACE] [OreSpawn/OreSpawn]: Sent event FMLServerAboutToStartEvent to mod OreSpawn
[00:13:46] [Server thread/DEBUG] [FML/]: Bar Step: ServerAboutToStart - OreSpawn took 0,000s
[00:13:46] [Server thread/TRACE] [PortalGun/PortalGun]: Sending event FMLServerAboutToStartEvent to mod PortalGun
[00:13:46] [Server thread/TRACE] [PortalGun/PortalGun]: Sent event FMLServerAboutToStartEvent to mod PortalGun
[00:13:46] [Server thread/DEBUG] [FML/]: Bar Step: ServerAboutToStart - PortalGun took 0,000s
[00:13:46] [Server thread/TRACE] [denseores/denseores]: Sending event FMLServerAboutToStartEvent to mod denseores
[00:13:46] [Server thread/TRACE] [denseores/denseores]: Sent event FMLServerAboutToStartEvent to mod denseores
[00:13:46] [Server thread/DEBUG] [FML/]: Bar Step: ServerAboutToStart - Dense Ores took 0,000s
[00:13:46] [Server thread/DEBUG] [FML/]: Bar Finished: ServerAboutToStart took 0,031s
[00:13:46] [Server thread/INFO] [foamfix/]: [Log4JExploitFix] Applying Log4j exploit mitigation to net/minecraft/world/gen/layer/GenLayerHills/getLogger!
[00:13:46] [Server thread/INFO] [foamfix/]: [Log4JExploitFix] Applying Log4j exploit mitigation to net/minecraft/world/chunk/storage/AnvilChunkLoader/getLogger!
[00:13:46] [Server thread/DEBUG] [FastCraft/]: 16 / 21 applied
[00:13:46] [Server thread/TRACE] [FastCraft/]: 2fef7b47 6a792565 c8279ba2 ce4e7906 6518b690
[00:13:46] [Server thread/DEBUG] [mixin/]: Mixing common.lighting.MixinAnvilChunkLoader from mixins.archaicfix.early.json into net.minecraft.world.chunk.storage.AnvilChunkLoader
[00:13:46] [Server thread/DEBUG] [mixin/]: Mixing common.lighting.base.MixinAnvilChunkLoaderBase from mixins.archaicfix.late.json into net.minecraft.world.chunk.storage.AnvilChunkLoader
[00:13:46] [Server thread/TRACE] [mixin/]: Added class metadata for net/minecraft/world/chunk/storage/IChunkLoader to metadata cache
[00:13:46] [Server thread/TRACE] [mixin/]: Added class metadata for net/minecraft/world/storage/IThreadedFileIO to metadata cache
[00:13:46] [Server thread/DEBUG] [mixin/]: mixins.archaicfix.early.json:common.lighting.MixinAnvilChunkLoader from mod archaicfix->@Inject::onConstructed(Lnet/minecraft/world/World;Lnet/minecraft/world/chunk/Chunk;Lorg/spongepowered/asm/mixin/injection/callback/CallbackInfo;)V doesn't use it's CallbackInfo
[00:13:46] [Server thread/DEBUG] [mixin/]: mixins.archaicfix.early.json:common.lighting.MixinAnvilChunkLoader from mod archaicfix->@Inject::onConstructed(Lnet/minecraft/world/World;Lnet/minecraft/world/chunk/Chunk;Lorg/spongepowered/asm/mixin/injection/callback/CallbackInfo;)V has 0 override(s) in child classes
[00:13:46] [Server thread/DEBUG] [mixin/]: mixins.archaicfix.early.json:common.lighting.MixinAnvilChunkLoader from mod archaicfix->@Inject::onConstructed(Lnet/minecraft/world/World;Lnet/minecraft/world/chunk/Chunk;Lorg/spongepowered/asm/mixin/injection/callback/CallbackInfo;)V won't be passed a CallbackInfo as a result
[00:13:46] [Server thread/DEBUG] [mixin/]: mixins.archaicfix.late.json:common.lighting.base.MixinAnvilChunkLoaderBase from mod archaicfix->@Inject::onReadChunkFromNBT(Lnet/minecraft/world/World;Lnet/minecraft/nbt/NBTTagCompound;Lorg/spongepowered/asm/mixin/injection/callback/CallbackInfoReturnable;)V does use it's CallbackInfoReturnable
[00:13:46] [Server thread/DEBUG] [mixin/]: mixins.archaicfix.late.json:common.lighting.base.MixinAnvilChunkLoaderBase from mod archaicfix->@Inject::onWriteChunkToNBT(Lnet/minecraft/world/chunk/Chunk;Lnet/minecraft/world/World;Lnet/minecraft/nbt/NBTTagCompound;Lorg/spongepowered/asm/mixin/injection/callback/CallbackInfo;)V doesn't use it's CallbackInfo
[00:13:46] [Server thread/DEBUG] [mixin/]: mixins.archaicfix.late.json:common.lighting.base.MixinAnvilChunkLoaderBase from mod archaicfix->@Inject::onWriteChunkToNBT(Lnet/minecraft/world/chunk/Chunk;Lnet/minecraft/world/World;Lnet/minecraft/nbt/NBTTagCompound;Lorg/spongepowered/asm/mixin/injection/callback/CallbackInfo;)V has 0 override(s) in child classes
[00:13:46] [Server thread/DEBUG] [mixin/]: mixins.archaicfix.late.json:common.lighting.base.MixinAnvilChunkLoaderBase from mod archaicfix->@Inject::onWriteChunkToNBT(Lnet/minecraft/world/chunk/Chunk;Lnet/minecraft/world/World;Lnet/minecraft/nbt/NBTTagCompound;Lorg/spongepowered/asm/mixin/injection/callback/CallbackInfo;)V won't be passed a CallbackInfo as a result
[00:13:46] [Server thread/TRACE] [mixin/]: Added class metadata for java/io/DataInputStream to metadata cache
[00:13:46] [Server thread/INFO] [foamfix/]: [Log4JExploitFix] Applying Log4j exploit mitigation to net/minecraft/world/gen/ChunkProviderServer/getLogger!
[00:13:46] [Server thread/DEBUG] [FastCraft/]: 17 / 21 applied
[00:13:46] [Server thread/TRACE] [FastCraft/]: 2fef7b47 c8279ba2 ce4e7906 6518b690
[00:13:46] [Server thread/DEBUG] [mixin/]: Mixing common.core.MixinChunkProviderServer from mixins.archaicfix.early.json into net.minecraft.world.gen.ChunkProviderServer
[00:13:46] [Server thread/DEBUG] [mixin/]: Renaming synthetic method lambda$populate2WithCascade$0(Lcom/llamalad7/mixinextras/injector/wrapoperation/Operation;Lnet/minecraft/world/chunk/Chunk;Lnet/minecraft/world/chunk/IChunkProvider;Lnet/minecraft/world/chunk/IChunkProvider;II)V to md907797$archaicfix$lambda$populate2WithCascade$0$0 in mixins.archaicfix.early.json:common.core.MixinChunkProviderServer from mod archaicfix
[00:13:46] [Server thread/TRACE] [mixin/]: Added class metadata for net/minecraftforge/common/DimensionManager to metadata cache
[00:13:46] [Server thread/TRACE] [mixin/]: Added class metadata for net/minecraft/world/chunk/IChunkProvider to metadata cache
[00:13:46] [Server thread/TRACE] [mixin/]: Added class metadata for org/embeddedt/archaicfix/helpers/CascadeDetectionHelper to metadata cache
[00:13:46] [Server thread/DEBUG] [mixin/]: Mixing common.lighting.MixinChunkProviderServer from mixins.archaicfix.early.json into net.minecraft.world.gen.ChunkProviderServer
[00:13:46] [Server thread/DEBUG] [mixin/]: Mixing common.lighting.fastcraft.MixinChunkProviderServer from mixins.archaicfix.early.json into net.minecraft.world.gen.ChunkProviderServer
[00:13:46] [Server thread/TRACE] [mixin/]: Added class metadata for net/minecraft/util/IProgressUpdate to metadata cache
[00:13:46] [Server thread/DEBUG] [mixin/]: mixins.archaicfix.early.json:common.lighting.MixinChunkProviderServer from mod archaicfix->@Inject::onSaveChunks(ZLnet/minecraft/util/IProgressUpdate;Lorg/spongepowered/asm/mixin/injection/callback/CallbackInfoReturnable;)V doesn't use it's CallbackInfoReturnable
[00:13:46] [Server thread/DEBUG] [mixin/]: mixins.archaicfix.early.json:common.lighting.MixinChunkProviderServer from mod archaicfix->@Inject::onSaveChunks(ZLnet/minecraft/util/IProgressUpdate;Lorg/spongepowered/asm/mixin/injection/callback/CallbackInfoReturnable;)V has 0 override(s) in child classes
[00:13:46] [Server thread/DEBUG] [mixin/]: mixins.archaicfix.early.json:common.lighting.MixinChunkProviderServer from mod archaicfix->@Inject::onSaveChunks(ZLnet/minecraft/util/IProgressUpdate;Lorg/spongepowered/asm/mixin/injection/callback/CallbackInfoReturnable;)V won't be passed a CallbackInfoReturnable as a result
[00:13:46] [Server thread/DEBUG] [mixin/]: mixins.archaicfix.early.json:common.lighting.MixinChunkProviderServer from mod archaicfix->@Inject::onTick(Lorg/spongepowered/asm/mixin/injection/callback/CallbackInfoReturnable;)V doesn't use it's CallbackInfoReturnable
[00:13:46] [Server thread/DEBUG] [mixin/]: mixins.archaicfix.early.json:common.lighting.MixinChunkProviderServer from mod archaicfix->@Inject::onTick(Lorg/spongepowered/asm/mixin/injection/callback/CallbackInfoReturnable;)V has 0 override(s) in child classes
[00:13:46] [Server thread/DEBUG] [mixin/]: mixins.archaicfix.early.json:common.lighting.MixinChunkProviderServer from mod archaicfix->@Inject::onTick(Lorg/spongepowered/asm/mixin/injection/callback/CallbackInfoReturnable;)V won't be passed a CallbackInfoReturnable as a result
[00:13:46] [Server thread/DEBUG] [mixin/]: Mixing common.core.MixinMapGenStructure from mixins.archaicfix.early.json into net.minecraft.world.gen.structure.MapGenStructure
[00:13:46] [Server thread/TRACE] [mixin/]: Added class metadata for net/minecraft/world/gen/MapGenBase to metadata cache
[00:13:46] [Server thread/TRACE] [mixin/]: Added class metadata for com/google/common/collect/ImmutableList to metadata cache
[00:13:46] [Server thread/DEBUG] [mixin/]: Mixing common.core.MixinStructureStart from mixins.archaicfix.early.json into net.minecraft.world.gen.structure.StructureStart
[00:13:46] [Server thread/TRACE] [mixin/]: Added class metadata for java/util/LinkedList to metadata cache
[00:13:46] [Server thread/TRACE] [mixin/]: Added class metadata for java/util/AbstractSequentialList to metadata cache
[00:13:46] [Server thread/DEBUG] [FastCraft/]: 18 / 21 applied
[00:13:46] [Server thread/TRACE] [FastCraft/]: 2fef7b47 ce4e7906 6518b690
[00:13:46] [Hats Mod Mob Support Thread/INFO] [STDERR/Hats]: [java.lang.Throwable$WrappedPrintStream:println:749]: java.io.FileNotFoundException: https://raw.githubusercontent.com/iChun/Hats/master/src/main/resources/assets/hats/mod/HatModMobSupport.json
[00:13:46] [Hats Mod Mob Support Thread/INFO] [STDERR/Hats]: [java.lang.Throwable$WrappedPrintStream:println:749]: 	at sun.net.www.protocol.http.HttpURLConnection.getInputStream0(HttpURLConnection.java:1915)
[00:13:46] [Hats Mod Mob Support Thread/INFO] [STDERR/Hats]: [java.lang.Throwable$WrappedPrintStream:println:749]: 	at sun.net.www.protocol.http.HttpURLConnection.access$200(HttpURLConnection.java:94)
[00:13:46] [Hats Mod Mob Support Thread/INFO] [STDERR/Hats]: [java.lang.Throwable$WrappedPrintStream:println:749]: 	at sun.net.www.protocol.http.HttpURLConnection$9.run(HttpURLConnection.java:1509)
[00:13:46] [Hats Mod Mob Support Thread/INFO] [STDERR/Hats]: [java.lang.Throwable$WrappedPrintStream:println:749]: 	at sun.net.www.protocol.http.HttpURLConnection$9.run(HttpURLConnection.java:1507)
[00:13:46] [Hats Mod Mob Support Thread/INFO] [STDERR/Hats]: [java.lang.Throwable$WrappedPrintStream:println:749]: 	at java.security.AccessController.doPrivileged(Native Method)
[00:13:46] [Hats Mod Mob Support Thread/INFO] [STDERR/Hats]: [java.lang.Throwable$WrappedPrintStream:println:749]: 	at java.security.AccessController.doPrivilegedWithCombiner(AccessController.java:784)
[00:13:46] [Hats Mod Mob Support Thread/INFO] [STDERR/Hats]: [java.lang.Throwable$WrappedPrintStream:println:749]: 	at sun.net.www.protocol.http.HttpURLConnection.getInputStream(HttpURLConnection.java:1506)
[00:13:46] [Server thread/DEBUG] [mixin/]: Mixing common.core.MixinSpawnerAnimals from mixins.archaicfix.early.json into net.minecraft.world.SpawnerAnimals
[00:13:46] [Hats Mod Mob Support Thread/INFO] [STDERR/Hats]: [java.lang.Throwable$WrappedPrintStream:println:749]: 	at sun.net.www.protocol.https.HttpsURLConnectionImpl.getInputStream(HttpsURLConnectionImpl.java:268)
[00:13:46] [Hats Mod Mob Support Thread/INFO] [STDERR/Hats]: [java.lang.Throwable$WrappedPrintStream:println:749]: 	at java.net.URL.openStream(URL.java:1093)
[00:13:46] [Hats Mod Mob Support Thread/INFO] [STDERR/Hats]: [java.lang.Throwable$WrappedPrintStream:println:749]: 	at hats.common.thread.ThreadGetModMobSupport.run(ThreadGetModMobSupport.java:40)
[00:13:46] [Server thread/INFO] [foamfix/]: [Log4JExploitFix] Applying Log4j exploit mitigation to net/minecraft/entity/EntityTracker/getLogger!
[00:13:46] [Server thread/INFO] [FML/]: Loading dimension 0 (PitCraft) (net.minecraft.server.dedicated.DedicatedServer@2b93b3de)
[00:13:46] [iChunUtil Mod Version Check/INFO] [STDERR/iChunUtil]: [java.lang.Throwable$WrappedPrintStream:println:749]: java.io.FileNotFoundException: https://raw.githubusercontent.com/iChun/iChunUtil/master/src/main/resources/assets/ichunutil/mod/versions.json
[00:13:46] [iChunUtil Mod Version Check/INFO] [STDERR/iChunUtil]: [java.lang.Throwable$WrappedPrintStream:println:749]: 	at sun.net.www.protocol.http.HttpURLConnection.getInputStream0(HttpURLConnection.java:1915)
[00:13:46] [iChunUtil Mod Version Check/INFO] [STDERR/iChunUtil]: [java.lang.Throwable$WrappedPrintStream:println:749]: 	at sun.net.www.protocol.http.HttpURLConnection.access$200(HttpURLConnection.java:94)
[00:13:46] [iChunUtil Mod Version Check/INFO] [STDERR/iChunUtil]: [java.lang.Throwable$WrappedPrintStream:println:749]: 	at sun.net.www.protocol.http.HttpURLConnection$9.run(HttpURLConnection.java:1509)
[00:13:46] [iChunUtil Mod Version Check/INFO] [STDERR/iChunUtil]: [java.lang.Throwable$WrappedPrintStream:println:749]: 	at sun.net.www.protocol.http.HttpURLConnection$9.run(HttpURLConnection.java:1507)
[00:13:46] [iChunUtil Mod Version Check/INFO] [STDERR/iChunUtil]: [java.lang.Throwable$WrappedPrintStream:println:749]: 	at java.security.AccessController.doPrivileged(Native Method)
[00:13:46] [iChunUtil Mod Version Check/INFO] [STDERR/iChunUtil]: [java.lang.Throwable$WrappedPrintStream:println:749]: 	at java.security.AccessController.doPrivilegedWithCombiner(AccessController.java:784)
[00:13:46] [iChunUtil Mod Version Check/INFO] [STDERR/iChunUtil]: [java.lang.Throwable$WrappedPrintStream:println:749]: 	at sun.net.www.protocol.http.HttpURLConnection.getInputStream(HttpURLConnection.java:1506)
[00:13:46] [iChunUtil Mod Version Check/INFO] [STDERR/iChunUtil]: [java.lang.Throwable$WrappedPrintStream:println:749]: 	at sun.net.www.protocol.https.HttpsURLConnectionImpl.getInputStream(HttpsURLConnectionImpl.java:268)
[00:13:46] [iChunUtil Mod Version Check/INFO] [STDERR/iChunUtil]: [java.lang.Throwable$WrappedPrintStream:println:749]: 	at java.net.URL.openStream(URL.java:1093)
[00:13:46] [iChunUtil Mod Version Check/INFO] [STDERR/iChunUtil]: [java.lang.Throwable$WrappedPrintStream:println:749]: 	at ichun.common.core.updateChecker.ModVersionChecker$1.run(ModVersionChecker.java:47)
[00:13:46] [Server thread/INFO] [FML/]: Loading dimension 85 (PitCraft) (net.minecraft.server.dedicated.DedicatedServer@2b93b3de)
[00:13:46] [Server thread/DEBUG] [FastCraft/]: 19 / 21 applied
[00:13:46] [Server thread/TRACE] [FastCraft/]: 2fef7b47 ce4e7906
[00:13:46] [Server thread/DEBUG] [NotEnoughItems/]: Loading NEI Server
[00:13:48] [Server thread/INFO] [FML/]: Loading dimension 84 (PitCraft) (net.minecraft.server.dedicated.DedicatedServer@2b93b3de)
[00:13:48] [Server thread/INFO] [FML/]: Loading dimension 83 (PitCraft) (net.minecraft.server.dedicated.DedicatedServer@2b93b3de)
[00:13:48] [Hats Download/Read Hats Thread/INFO] [STDERR/Hats]: [java.lang.Throwable$WrappedPrintStream:println:749]: org.xml.sax.SAXParseException; lineNumber: 2; columnNumber: 144; O atributo "content" já foi especificado para o elemento "meta".
[00:13:48] [Hats Download/Read Hats Thread/INFO] [STDERR/Hats]: [java.lang.Throwable$WrappedPrintStream:println:749]: 	at com.sun.org.apache.xerces.internal.parsers.DOMParser.parse(DOMParser.java:257)
[00:13:48] [Hats Download/Read Hats Thread/INFO] [STDERR/Hats]: [java.lang.Throwable$WrappedPrintStream:println:749]: 	at com.sun.org.apache.xerces.internal.jaxp.DocumentBuilderImpl.parse(DocumentBuilderImpl.java:338)
[00:13:48] [Hats Download/Read Hats Thread/INFO] [STDERR/Hats]: [java.lang.Throwable$WrappedPrintStream:println:749]: 	at javax.xml.parsers.DocumentBuilder.parse(DocumentBuilder.java:121)
[00:13:48] [Hats Download/Read Hats Thread/INFO] [STDERR/Hats]: [java.lang.Throwable$WrappedPrintStream:println:749]: 	at hats.common.thread.ThreadHatsReader.run(ThreadHatsReader.java:52)
[00:13:48] [Hats Download/Read Hats Thread/INFO] [Hats/Hats]: [4.0.1] Loaded 0 hats. 0 are contributor hats.
[00:13:48] [Server thread/INFO] [foamfix/]: [Log4JExploitFix] Applying Log4j exploit mitigation to net/minecraft/world/gen/structure/MapGenStructureIO/getLogger!
[00:13:48] [Server thread/DEBUG] [mixin/]: Mixing common.core.MixinSwampHut from mixins.archaicfix.early.json into net.minecraft.world.gen.structure.ComponentScatteredFeaturePieces$SwampHut
[00:13:48] [Server thread/TRACE] [mixin/]: Added class metadata for net/minecraft/world/gen/structure/ComponentScatteredFeaturePieces$Feature to metadata cache
[00:13:48] [Server thread/TRACE] [mixin/]: Added class metadata for net/minecraft/world/gen/structure/StructureComponent to metadata cache
[00:13:48] [Server thread/TRACE] [mixin/]: Added class metadata for net/minecraft/entity/monster/EntityWitch to metadata cache
[00:13:48] [Server thread/TRACE] [mixin/]: Added class metadata for net/minecraft/entity/monster/EntityMob to metadata cache
[00:13:48] [Server thread/INFO] [FML/]: Loading dimension 82 (PitCraft) (net.minecraft.server.dedicated.DedicatedServer@2b93b3de)
[00:13:48] [Server thread/INFO] [FML/]: Loading dimension 81 (PitCraft) (net.minecraft.server.dedicated.DedicatedServer@2b93b3de)
[00:13:48] [Server thread/INFO] [FML/]: Loading dimension 80 (PitCraft) (net.minecraft.server.dedicated.DedicatedServer@2b93b3de)
[00:13:48] [Server thread/DEBUG] [mixin/]: Mixing common.core.MixinChunkProviderHell from mixins.archaicfix.early.json into net.minecraft.world.gen.ChunkProviderHell
[00:13:48] [Server thread/TRACE] [mixin/]: Added class metadata for net/minecraft/world/gen/feature/WorldGenHellLava to metadata cache
[00:13:48] [Server thread/INFO] [FML/]: Loading dimension -1 (PitCraft) (net.minecraft.server.dedicated.DedicatedServer@2b93b3de)
[00:13:48] [Server thread/INFO] [FML/]: Loading dimension 1 (PitCraft) (net.minecraft.server.dedicated.DedicatedServer@2b93b3de)
[00:13:48] [Server thread/INFO] [PortalGun/]: [4.0.0-beta-6] Save data does not exist!
[00:13:48] [Server thread/WARN] [ArchaicFix/]: Minecraft loaded a new chunk [-28, 17] in dimension 0 (Overworld) while populating chunk [-26, 18], causing cascading worldgen lag.
[00:13:48] [Server thread/WARN] [ArchaicFix/]: Minecraft loaded a new chunk [-28, 21] in dimension 0 (Overworld) while populating chunk [-26, 22], causing cascading worldgen lag.
[00:13:48] [Server thread/INFO] [foamfix/]: [Log4JExploitFix] Applying Log4j exploit mitigation to net/minecraft/entity/EntityTrackerEntry/getLogger!
[00:13:48] [Server thread/DEBUG] [mixin/]: Mixing common.core.MixinEntityTrackerEntry from mixins.archaicfix.early.json into net.minecraft.entity.EntityTrackerEntry
[00:13:48] [Server thread/TRACE] [mixin/]: Added class metadata for net/minecraft/network/play/server/S0EPacketSpawnObject to metadata cache
[00:13:48] [Server thread/TRACE] [mixin/]: Added class metadata for net/minecraft/network/play/server/S0CPacketSpawnPlayer to metadata cache
[00:13:48] [Server thread/TRACE] [mixin/]: Added class metadata for net/minecraft/network/play/server/S11PacketSpawnExperienceOrb to metadata cache
[00:13:48] [Server thread/TRACE] [mixin/]: Added class metadata for net/minecraft/network/Packet to metadata cache
[00:13:48] [Server thread/TRACE] [mixin/]: Added class metadata for net/minecraft/network/play/server/S1BPacketEntityAttach to metadata cache
[00:13:48] [Server thread/TRACE] [mixin/]: Added class metadata for net/minecraft/network/play/server/S12PacketEntityVelocity to metadata cache
[00:13:48] [Server thread/TRACE] [mixin/]: Added class metadata for net/minecraft/network/play/server/S19PacketEntityHeadLook to metadata cache
[00:13:48] [Server thread/TRACE] [mixin/]: Added class metadata for net/minecraft/network/play/server/S14PacketEntity$S16PacketEntityLook to metadata cache
[00:13:48] [Server thread/TRACE] [mixin/]: Added class metadata for net/minecraft/network/play/server/S14PacketEntity to metadata cache
[00:13:48] [Server thread/TRACE] [mixin/]: Added class metadata for net/minecraft/network/play/server/S18PacketEntityTeleport to metadata cache
[00:13:48] [Server thread/TRACE] [mixin/]: Added class metadata for net/minecraft/network/play/server/S14PacketEntity$S15PacketEntityRelMove to metadata cache
[00:13:48] [Server thread/TRACE] [mixin/]: Added class metadata for net/minecraft/network/play/server/S14PacketEntity$S17PacketEntityLookMove to metadata cache
[00:13:49] [Server thread/DEBUG] [mixin/]: mixins.archaicfix.early.json:common.core.MixinEntityTrackerEntry from mod archaicfix->@Inject::saveIfTeleported(Ljava/util/List;Lorg/spongepowered/asm/mixin/injection/callback/CallbackInfo;IIIIIIIILjava/lang/Object;)V doesn't use it's CallbackInfo
[00:13:49] [Server thread/DEBUG] [mixin/]: mixins.archaicfix.early.json:common.core.MixinEntityTrackerEntry from mod archaicfix->@Inject::saveIfTeleported(Ljava/util/List;Lorg/spongepowered/asm/mixin/injection/callback/CallbackInfo;IIIIIIIILjava/lang/Object;)V has 0 override(s) in child classes
[00:13:49] [Server thread/DEBUG] [mixin/]: mixins.archaicfix.early.json:common.core.MixinEntityTrackerEntry from mod archaicfix->@Inject::saveIfTeleported(Ljava/util/List;Lorg/spongepowered/asm/mixin/injection/callback/CallbackInfo;IIIIIIIILjava/lang/Object;)V won't be passed a CallbackInfo as a result
[00:13:49] [Server thread/DEBUG] [mixin/]: mixins.archaicfix.early.json:common.core.MixinEntityTrackerEntry from mod archaicfix->@Inject::useCorrectSpawnPosition(Lorg/spongepowered/asm/mixin/injection/callback/CallbackInfoReturnable;)V does use it's CallbackInfoReturnable
[00:13:49] [Server thread/DEBUG] [mixin/]: mixins.archaicfix.early.json:common.core.MixinEntityTrackerEntry from mod archaicfix->@Inject::useCorrectSpawnPosition(Lorg/spongepowered/asm/mixin/injection/callback/CallbackInfoReturnable;)V does use it's CallbackInfoReturnable
[00:13:49] [Server thread/DEBUG] [mixin/]: mixins.archaicfix.early.json:common.core.MixinEntityTrackerEntry from mod archaicfix->@Inject::useCorrectSpawnPosition(Lorg/spongepowered/asm/mixin/injection/callback/CallbackInfoReturnable;)V does use it's CallbackInfoReturnable
[00:13:49] [Server thread/DEBUG] [mixin/]: mixins.archaicfix.early.json:common.core.MixinEntityTrackerEntry from mod archaicfix->@Inject::useCorrectSpawnPosition(Lorg/spongepowered/asm/mixin/injection/callback/CallbackInfoReturnable;)V does use it's CallbackInfoReturnable
[00:13:49] [Server thread/DEBUG] [mixin/]: mixins.archaicfix.early.json:common.core.MixinEntityTrackerEntry from mod archaicfix->@Inject::useCorrectSpawnPosition(Lorg/spongepowered/asm/mixin/injection/callback/CallbackInfoReturnable;)V does use it's CallbackInfoReturnable
[00:13:49] [Server thread/DEBUG] [mixin/]: mixins.archaicfix.early.json:common.core.MixinEntityTrackerEntry from mod archaicfix->@Inject::useCorrectSpawnPosition(Lorg/spongepowered/asm/mixin/injection/callback/CallbackInfoReturnable;)V does use it's CallbackInfoReturnable
[00:13:49] [Server thread/DEBUG] [mixin/]: mixins.archaicfix.early.json:common.core.MixinEntityTrackerEntry from mod archaicfix->@Inject::useCorrectSpawnPosition(Lorg/spongepowered/asm/mixin/injection/callback/CallbackInfoReturnable;)V does use it's CallbackInfoReturnable
[00:13:49] [Server thread/DEBUG] [mixin/]: mixins.archaicfix.early.json:common.core.MixinEntityTrackerEntry from mod archaicfix->@Inject::useCorrectSpawnPosition(Lorg/spongepowered/asm/mixin/injection/callback/CallbackInfoReturnable;)V does use it's CallbackInfoReturnable
[00:13:49] [Server thread/DEBUG] [mixin/]: mixins.archaicfix.early.json:common.core.MixinEntityTrackerEntry from mod archaicfix->@Inject::useCorrectSpawnPosition(Lorg/spongepowered/asm/mixin/injection/callback/CallbackInfoReturnable;)V does use it's CallbackInfoReturnable
[00:13:49] [Server thread/DEBUG] [mixin/]: mixins.archaicfix.early.json:common.core.MixinEntityTrackerEntry from mod archaicfix->@Inject::useCorrectSpawnPosition(Lorg/spongepowered/asm/mixin/injection/callback/CallbackInfoReturnable;)V does use it's CallbackInfoReturnable
[00:13:49] [Server thread/DEBUG] [mixin/]: mixins.archaicfix.early.json:common.core.MixinEntityTrackerEntry from mod archaicfix->@Inject::useCorrectSpawnPosition(Lorg/spongepowered/asm/mixin/injection/callback/CallbackInfoReturnable;)V does use it's CallbackInfoReturnable
[00:13:49] [Server thread/DEBUG] [mixin/]: mixins.archaicfix.early.json:common.core.MixinEntityTrackerEntry from mod archaicfix->@Inject::useCorrectSpawnPosition(Lorg/spongepowered/asm/mixin/injection/callback/CallbackInfoReturnable;)V does use it's CallbackInfoReturnable
[00:13:49] [Server thread/DEBUG] [mixin/]: mixins.archaicfix.early.json:common.core.MixinEntityTrackerEntry from mod archaicfix->@Inject::useCorrectSpawnPosition(Lorg/spongepowered/asm/mixin/injection/callback/CallbackInfoReturnable;)V does use it's CallbackInfoReturnable
[00:13:49] [Server thread/DEBUG] [mixin/]: mixins.archaicfix.early.json:common.core.MixinEntityTrackerEntry from mod archaicfix->@Inject::useCorrectSpawnPosition(Lorg/spongepowered/asm/mixin/injection/callback/CallbackInfoReturnable;)V does use it's CallbackInfoReturnable
[00:13:49] [Server thread/DEBUG] [mixin/]: mixins.archaicfix.early.json:common.core.MixinEntityTrackerEntry from mod archaicfix->@Inject::useCorrectSpawnPosition(Lorg/spongepowered/asm/mixin/injection/callback/CallbackInfoReturnable;)V does use it's CallbackInfoReturnable
[00:13:49] [Server thread/DEBUG] [mixin/]: mixins.archaicfix.early.json:common.core.MixinEntityTrackerEntry from mod archaicfix->@Inject::useCorrectSpawnPosition(Lorg/spongepowered/asm/mixin/injection/callback/CallbackInfoReturnable;)V does use it's CallbackInfoReturnable
[00:13:49] [Server thread/DEBUG] [mixin/]: mixins.archaicfix.early.json:common.core.MixinEntityTrackerEntry from mod archaicfix->@Inject::useCorrectSpawnPosition(Lorg/spongepowered/asm/mixin/injection/callback/CallbackInfoReturnable;)V does use it's CallbackInfoReturnable
[00:13:49] [Server thread/DEBUG] [mixin/]: mixins.archaicfix.early.json:common.core.MixinEntityTrackerEntry from mod archaicfix->@Inject::useCorrectSpawnPosition(Lorg/spongepowered/asm/mixin/injection/callback/CallbackInfoReturnable;)V does use it's CallbackInfoReturnable
[00:13:49] [Server thread/DEBUG] [mixin/]: mixins.archaicfix.early.json:common.core.MixinEntityTrackerEntry from mod archaicfix->@Inject::useCorrectSpawnPosition(Lorg/spongepowered/asm/mixin/injection/callback/CallbackInfoReturnable;)V does use it's CallbackInfoReturnable
[00:13:49] [Server thread/DEBUG] [mixin/]: mixins.archaicfix.early.json:common.core.MixinEntityTrackerEntry from mod archaicfix->@Inject::useCorrectSpawnPosition(Lorg/spongepowered/asm/mixin/injection/callback/CallbackInfoReturnable;)V does use it's CallbackInfoReturnable
[00:13:49] [Server thread/DEBUG] [mixin/]: mixins.archaicfix.early.json:common.core.MixinEntityTrackerEntry from mod archaicfix->@Inject::useCorrectSpawnPosition(Lorg/spongepowered/asm/mixin/injection/callback/CallbackInfoReturnable;)V does use it's CallbackInfoReturnable
[00:13:49] [Server thread/DEBUG] [mixin/]: mixins.archaicfix.early.json:common.core.MixinEntityTrackerEntry from mod archaicfix->@Inject::useCorrectSpawnPosition(Lorg/spongepowered/asm/mixin/injection/callback/CallbackInfoReturnable;)V does use it's CallbackInfoReturnable
[00:13:49] [Server thread/DEBUG] [mixin/]: mixins.archaicfix.early.json:common.core.MixinEntityTrackerEntry from mod archaicfix->@Inject::useCorrectSpawnPosition(Lorg/spongepowered/asm/mixin/injection/callback/CallbackInfoReturnable;)V does use it's CallbackInfoReturnable
[00:13:49] [Thread-6/INFO] [FastCraft/FastCraft]: You are using the latest suitable version.
[00:13:49] [Server thread/DEBUG] [mixin/]: Mixing common.core.MixinEnchantmentHelper from mixins.archaicfix.early.json into net.minecraft.enchantment.EnchantmentHelper
[00:13:49] [Server thread/TRACE] [mixin/]: Added class metadata for net/minecraft/util/DamageSource to metadata cache
[00:13:49] [Server thread/DEBUG] [mixin/]: mixins.archaicfix.early.json:common.core.MixinEnchantmentHelper from mod archaicfix->@Inject::clearWorldReference1([Lnet/minecraft/item/ItemStack;Lnet/minecraft/util/DamageSource;Lorg/spongepowered/asm/mixin/injection/callback/CallbackInfoReturnable;)V doesn't use it's CallbackInfoReturnable
[00:13:49] [Server thread/DEBUG] [mixin/]: mixins.archaicfix.early.json:common.core.MixinEnchantmentHelper from mod archaicfix->@Inject::clearWorldReference2(Lnet/minecraft/entity/EntityLivingBase;Lnet/minecraft/entity/Entity;Lorg/spongepowered/asm/mixin/injection/callback/CallbackInfo;)V doesn't use it's CallbackInfo
[00:13:49] [Server thread/DEBUG] [mixin/]: mixins.archaicfix.early.json:common.core.MixinEnchantmentHelper from mod archaicfix->@Inject::clearWorldReference3(Lnet/minecraft/entity/EntityLivingBase;Lnet/minecraft/entity/Entity;Lorg/spongepowered/asm/mixin/injection/callback/CallbackInfo;)V doesn't use it's CallbackInfo
[00:13:51] [Server thread/TRACE] [mcp/mcp]: Sending event FMLServerStartingEvent to mod mcp
[00:13:51] [Server thread/TRACE] [mcp/mcp]: Sent event FMLServerStartingEvent to mod mcp
[00:13:51] [Server thread/DEBUG] [FML/]: Bar Step: ServerStarting - Minecraft Coder Pack took 0,000s
[00:13:51] [Server thread/TRACE] [FML/FML]: Sending event FMLServerStartingEvent to mod FML
[00:13:51] [Server thread/TRACE] [FML/FML]: Sent event FMLServerStartingEvent to mod FML
[00:13:51] [Server thread/DEBUG] [FML/]: Bar Step: ServerStarting - Forge Mod Loader took 0,000s
[00:13:51] [Server thread/TRACE] [Forge/Forge]: Sending event FMLServerStartingEvent to mod Forge
[00:13:51] [Server thread/TRACE] [Forge/Forge]: Sent event FMLServerStartingEvent to mod Forge
[00:13:51] [Server thread/DEBUG] [FML/]: Bar Step: ServerStarting - Minecraft Forge took 0,002s
[00:13:51] [Server thread/TRACE] [CodeChickenCore/CodeChickenCore]: Sending event FMLServerStartingEvent to mod CodeChickenCore
[00:13:51] [Server thread/TRACE] [CodeChickenCore/CodeChickenCore]: Sent event FMLServerStartingEvent to mod CodeChickenCore
[00:13:51] [Server thread/DEBUG] [FML/]: Bar Step: ServerStarting - CodeChicken Core took 0,000s
[00:13:51] [Server thread/TRACE] [NotEnoughItems/NotEnoughItems]: Sending event FMLServerStartingEvent to mod NotEnoughItems
[00:13:51] [Server thread/TRACE] [NotEnoughItems/NotEnoughItems]: Sent event FMLServerStartingEvent to mod NotEnoughItems
[00:13:51] [Server thread/DEBUG] [FML/]: Bar Step: ServerStarting - NotEnoughItems took 0,000s
[00:13:51] [Server thread/TRACE] [GTNHLib Core/GTNHLib Core]: Sending event FMLServerStartingEvent to mod GTNHLib Core
[00:13:51] [Server thread/TRACE] [GTNHLib Core/GTNHLib Core]: Sent event FMLServerStartingEvent to mod GTNHLib Core
[00:13:51] [Server thread/DEBUG] [FML/]: Bar Step: ServerStarting - GTNHLib Core took 0,000s
[00:13:51] [Server thread/TRACE] [FoamFixCore/FoamFixCore]: Sending event FMLServerStartingEvent to mod FoamFixCore
[00:13:51] [Server thread/TRACE] [FoamFixCore/FoamFixCore]: Sent event FMLServerStartingEvent to mod FoamFixCore
[00:13:51] [Server thread/DEBUG] [FML/]: Bar Step: ServerStarting - FoamFixCore took 0,000s
[00:13:51] [Server thread/TRACE] [FastCraft/FastCraft]: Sending event FMLServerStartingEvent to mod FastCraft
[00:13:51] [Server thread/TRACE] [FastCraft/FastCraft]: Sent event FMLServerStartingEvent to mod FastCraft
[00:13:51] [Server thread/DEBUG] [FML/]: Bar Step: ServerStarting - FastCraft took 0,000s
[00:13:51] [Server thread/TRACE] [debug/debug]: Sending event FMLServerStartingEvent to mod debug
[00:13:51] [Server thread/TRACE] [debug/debug]: Sent event FMLServerStartingEvent to mod debug
[00:13:51] [Server thread/DEBUG] [FML/]: Bar Step: ServerStarting - debug took 0,000s
[00:13:51] [Server thread/TRACE] [unimixins/unimixins]: Sending event FMLServerStartingEvent to mod unimixins
[00:13:51] [Server thread/TRACE] [unimixins/unimixins]: Sent event FMLServerStartingEvent to mod unimixins
[00:13:51] [Server thread/DEBUG] [FML/]: Bar Step: ServerStarting - UniMixins took 0,000s
[00:13:51] [Server thread/TRACE] [unimixins-mixin/unimixins-mixin]: Sending event FMLServerStartingEvent to mod unimixins-mixin
[00:13:51] [Server thread/TRACE] [unimixins-mixin/unimixins-mixin]: Sent event FMLServerStartingEvent to mod unimixins-mixin
[00:13:51] [Server thread/DEBUG] [FML/]: Bar Step: ServerStarting - UniMixins: Mixin (UniMix) took 0,000s
[00:13:51] [Server thread/TRACE] [unimixins-compat/unimixins-compat]: Sending event FMLServerStartingEvent to mod unimixins-compat
[00:13:51] [Server thread/TRACE] [unimixins-compat/unimixins-compat]: Sent event FMLServerStartingEvent to mod unimixins-compat
[00:13:51] [Server thread/DEBUG] [FML/]: Bar Step: ServerStarting - UniMixins: Compatibility took 0,000s
[00:13:51] [Server thread/TRACE] [mixingasm/mixingasm]: Sending event FMLServerStartingEvent to mod mixingasm
[00:13:51] [Server thread/TRACE] [mixingasm/mixingasm]: Sent event FMLServerStartingEvent to mod mixingasm
[00:13:51] [Server thread/DEBUG] [FML/]: Bar Step: ServerStarting - UniMixins: Mixingasm took 0,000s
[00:13:51] [Server thread/TRACE] [spongemixins/spongemixins]: Sending event FMLServerStartingEvent to mod spongemixins
[00:13:51] [Server thread/TRACE] [spongemixins/spongemixins]: Sent event FMLServerStartingEvent to mod spongemixins
[00:13:51] [Server thread/DEBUG] [FML/]: Bar Step: ServerStarting - UniMixins: SpongeMixins took 0,000s
[00:13:51] [Server thread/TRACE] [mixinbooterlegacy/mixinbooterlegacy]: Sending event FMLServerStartingEvent to mod mixinbooterlegacy
[00:13:51] [Server thread/TRACE] [mixinbooterlegacy/mixinbooterlegacy]: Sent event FMLServerStartingEvent to mod mixinbooterlegacy
[00:13:51] [Server thread/DEBUG] [FML/]: Bar Step: ServerStarting - UniMixins: MixinBooterLegacy took 0,000s
[00:13:51] [Server thread/TRACE] [gtnhmixins/gtnhmixins]: Sending event FMLServerStartingEvent to mod gtnhmixins
[00:13:51] [Server thread/TRACE] [gtnhmixins/gtnhmixins]: Sent event FMLServerStartingEvent to mod gtnhmixins
[00:13:51] [Server thread/DEBUG] [FML/]: Bar Step: ServerStarting - UniMixins: GTNHMixins took 0,000s
[00:13:51] [Server thread/TRACE] [mixinextras/mixinextras]: Sending event FMLServerStartingEvent to mod mixinextras
[00:13:51] [Server thread/TRACE] [mixinextras/mixinextras]: Sent event FMLServerStartingEvent to mod mixinextras
[00:13:51] [Server thread/DEBUG] [FML/]: Bar Step: ServerStarting - UniMixins: MixinExtras took 0,000s
[00:13:51] [Server thread/TRACE] [aiimprovements/aiimprovements]: Sending event FMLServerStartingEvent to mod aiimprovements
[00:13:51] [Server thread/TRACE] [aiimprovements/aiimprovements]: Sent event FMLServerStartingEvent to mod aiimprovements
[00:13:51] [Server thread/DEBUG] [FML/]: Bar Step: ServerStarting - AI Improvements took 0,000s
[00:13:51] [Server thread/TRACE] [archaicfix/archaicfix]: Sending event FMLServerStartingEvent to mod archaicfix
[00:13:51] [Server thread/TRACE] [archaicfix/archaicfix]: Sent event FMLServerStartingEvent to mod archaicfix
[00:13:51] [Server thread/DEBUG] [FML/]: Bar Step: ServerStarting - ArchaicFix took 0,001s
[00:13:51] [Server thread/TRACE] [carbonconfig/carbonconfig]: Sending event FMLServerStartingEvent to mod carbonconfig
[00:13:51] [Server thread/TRACE] [carbonconfig/carbonconfig]: Sent event FMLServerStartingEvent to mod carbonconfig
[00:13:51] [Server thread/DEBUG] [FML/]: Bar Step: ServerStarting - Carbon Config Library took 0,000s
[00:13:51] [Server thread/TRACE] [chunkpregenerator/chunkpregenerator]: Sending event FMLServerStartingEvent to mod chunkpregenerator
[00:13:51] [Server thread/TRACE] [chunkpregenerator/chunkpregenerator]: Sent event FMLServerStartingEvent to mod chunkpregenerator
[00:13:51] [Server thread/DEBUG] [FML/]: Bar Step: ServerStarting - Chunk Pregenerator took 0,035s
[00:13:51] [Server thread/TRACE] [ChunkPurge/ChunkPurge]: Sending event FMLServerStartingEvent to mod ChunkPurge
[00:13:51] [Server thread/TRACE] [ChunkPurge/ChunkPurge]: Sent event FMLServerStartingEvent to mod ChunkPurge
[00:13:51] [Server thread/DEBUG] [FML/]: Bar Step: ServerStarting - Chunk Purge took 0,003s
[00:13:51] [Server thread/TRACE] [foamfix/foamfix]: Sending event FMLServerStartingEvent to mod foamfix
[00:13:51] [Server thread/TRACE] [foamfix/foamfix]: Sent event FMLServerStartingEvent to mod foamfix
[00:13:51] [Server thread/DEBUG] [FML/]: Bar Step: ServerStarting - FoamFix took 0,000s
[00:13:51] [Server thread/TRACE] [gvc/gvc]: Sending event FMLServerStartingEvent to mod gvc
[00:13:51] [Server thread/TRACE] [gvc/gvc]: Sent event FMLServerStartingEvent to mod gvc
[00:13:51] [Server thread/DEBUG] [FML/]: Bar Step: ServerStarting - �aGliby's�f Voice Chat Mod took 0,002s
[00:13:51] [Server thread/TRACE] [gtnhlib/gtnhlib]: Sending event FMLServerStartingEvent to mod gtnhlib
[00:13:51] [Server thread/TRACE] [gtnhlib/gtnhlib]: Sent event FMLServerStartingEvent to mod gtnhlib
[00:13:51] [Server thread/DEBUG] [FML/]: Bar Step: ServerStarting - GTNH Lib took 0,001s
[00:13:51] [Server thread/TRACE] [iChunUtil/iChunUtil]: Sending event FMLServerStartingEvent to mod iChunUtil
[00:13:51] [Server thread/TRACE] [iChunUtil/iChunUtil]: Sent event FMLServerStartingEvent to mod iChunUtil
[00:13:51] [Server thread/DEBUG] [FML/]: Bar Step: ServerStarting - iChunUtil took 0,000s
[00:13:51] [Server thread/TRACE] [Hats/Hats]: Sending event FMLServerStartingEvent to mod Hats
[00:13:51] [Server thread/TRACE] [Hats/Hats]: Sent event FMLServerStartingEvent to mod Hats
[00:13:51] [Server thread/DEBUG] [FML/]: Bar Step: ServerStarting - Hats took 0,000s
[00:13:51] [Server thread/TRACE] [InventoryPets/InventoryPets]: Sending event FMLServerStartingEvent to mod InventoryPets
[00:13:51] [Server thread/TRACE] [InventoryPets/InventoryPets]: Sent event FMLServerStartingEvent to mod InventoryPets
[00:13:51] [Server thread/DEBUG] [FML/]: Bar Step: ServerStarting - Inventory Pets took 0,000s
[00:13:51] [Server thread/TRACE] [ironbackpacks/ironbackpacks]: Sending event FMLServerStartingEvent to mod ironbackpacks
[00:13:51] [Server thread/TRACE] [ironbackpacks/ironbackpacks]: Sent event FMLServerStartingEvent to mod ironbackpacks
[00:13:51] [Server thread/DEBUG] [FML/]: Bar Step: ServerStarting - Iron Backpacks took 0,000s
[00:13:51] [Server thread/TRACE] [IronChest/IronChest]: Sending event FMLServerStartingEvent to mod IronChest
[00:13:51] [Server thread/TRACE] [IronChest/IronChest]: Sent event FMLServerStartingEvent to mod IronChest
[00:13:51] [Server thread/DEBUG] [FML/]: Bar Step: ServerStarting - Iron Chests took 0,000s
[00:13:51] [Server thread/TRACE] [lucky/lucky]: Sending event FMLServerStartingEvent to mod lucky
[00:13:51] [Server thread/TRACE] [lucky/lucky]: Sent event FMLServerStartingEvent to mod lucky
[00:13:51] [Server thread/DEBUG] [FML/]: Bar Step: ServerStarting - Lucky Block took 0,000s
[00:13:51] [Server thread/TRACE] [MoreFurnaces/MoreFurnaces]: Sending event FMLServerStartingEvent to mod MoreFurnaces
[00:13:51] [Server thread/TRACE] [MoreFurnaces/MoreFurnaces]: Sent event FMLServerStartingEvent to mod MoreFurnaces
[00:13:51] [Server thread/DEBUG] [FML/]: Bar Step: ServerStarting - More Furnaces took 0,000s
[00:13:51] [Server thread/TRACE] [OreSpawn/OreSpawn]: Sending event FMLServerStartingEvent to mod OreSpawn
[00:13:51] [Server thread/TRACE] [OreSpawn/OreSpawn]: Sent event FMLServerStartingEvent to mod OreSpawn
[00:13:51] [Server thread/DEBUG] [FML/]: Bar Step: ServerStarting - OreSpawn took 0,000s
[00:13:51] [Server thread/TRACE] [PortalGun/PortalGun]: Sending event FMLServerStartingEvent to mod PortalGun
[00:13:51] [Server thread/TRACE] [PortalGun/PortalGun]: Sent event FMLServerStartingEvent to mod PortalGun
[00:13:51] [Server thread/DEBUG] [FML/]: Bar Step: ServerStarting - PortalGun took 0,004s
[00:13:51] [Server thread/TRACE] [denseores/denseores]: Sending event FMLServerStartingEvent to mod denseores
[00:13:51] [Server thread/TRACE] [denseores/denseores]: Sent event FMLServerStartingEvent to mod denseores
[00:13:51] [Server thread/DEBUG] [FML/]: Bar Step: ServerStarting - Dense Ores took 0,000s
[00:13:51] [Server thread/DEBUG] [FML/]: Bar Finished: ServerStarting took 0,048s
[00:13:51] [Server thread/TRACE] [mcp/mcp]: Sending event FMLServerStartedEvent to mod mcp
[00:13:51] [Server thread/TRACE] [mcp/mcp]: Sent event FMLServerStartedEvent to mod mcp
[00:13:51] [Server thread/DEBUG] [FML/]: Bar Step: ServerStarted - Minecraft Coder Pack took 0,000s
[00:13:51] [Server thread/TRACE] [FML/FML]: Sending event FMLServerStartedEvent to mod FML
[00:13:51] [Server thread/TRACE] [FML/FML]: Sent event FMLServerStartedEvent to mod FML
[00:13:51] [Server thread/DEBUG] [FML/]: Bar Step: ServerStarted - Forge Mod Loader took 0,000s
[00:13:51] [Server thread/TRACE] [Forge/Forge]: Sending event FMLServerStartedEvent to mod Forge
[00:13:51] [Server thread/TRACE] [Forge/Forge]: Sent event FMLServerStartedEvent to mod Forge
[00:13:51] [Server thread/DEBUG] [FML/]: Bar Step: ServerStarted - Minecraft Forge took 0,000s
[00:13:51] [Server thread/TRACE] [CodeChickenCore/CodeChickenCore]: Sending event FMLServerStartedEvent to mod CodeChickenCore
[00:13:51] [Server thread/TRACE] [CodeChickenCore/CodeChickenCore]: Sent event FMLServerStartedEvent to mod CodeChickenCore
[00:13:51] [Server thread/DEBUG] [FML/]: Bar Step: ServerStarted - CodeChicken Core took 0,000s
[00:13:51] [Server thread/TRACE] [NotEnoughItems/NotEnoughItems]: Sending event FMLServerStartedEvent to mod NotEnoughItems
[00:13:51] [Server thread/TRACE] [NotEnoughItems/NotEnoughItems]: Sent event FMLServerStartedEvent to mod NotEnoughItems
[00:13:51] [Server thread/DEBUG] [FML/]: Bar Step: ServerStarted - NotEnoughItems took 0,000s
[00:13:51] [Server thread/TRACE] [GTNHLib Core/GTNHLib Core]: Sending event FMLServerStartedEvent to mod GTNHLib Core
[00:13:51] [Server thread/TRACE] [GTNHLib Core/GTNHLib Core]: Sent event FMLServerStartedEvent to mod GTNHLib Core
[00:13:51] [Server thread/DEBUG] [FML/]: Bar Step: ServerStarted - GTNHLib Core took 0,000s
[00:13:51] [Server thread/TRACE] [FoamFixCore/FoamFixCore]: Sending event FMLServerStartedEvent to mod FoamFixCore
[00:13:51] [Server thread/TRACE] [FoamFixCore/FoamFixCore]: Sent event FMLServerStartedEvent to mod FoamFixCore
[00:13:51] [Server thread/DEBUG] [FML/]: Bar Step: ServerStarted - FoamFixCore took 0,000s
[00:13:51] [Server thread/TRACE] [FastCraft/FastCraft]: Sending event FMLServerStartedEvent to mod FastCraft
[00:13:51] [Server thread/TRACE] [FastCraft/FastCraft]: Sent event FMLServerStartedEvent to mod FastCraft
[00:13:51] [Server thread/DEBUG] [FML/]: Bar Step: ServerStarted - FastCraft took 0,000s
[00:13:51] [Server thread/TRACE] [debug/debug]: Sending event FMLServerStartedEvent to mod debug
[00:13:51] [Server thread/TRACE] [debug/debug]: Sent event FMLServerStartedEvent to mod debug
[00:13:51] [Server thread/DEBUG] [FML/]: Bar Step: ServerStarted - debug took 0,000s
[00:13:51] [Server thread/TRACE] [unimixins/unimixins]: Sending event FMLServerStartedEvent to mod unimixins
[00:13:51] [Server thread/TRACE] [unimixins/unimixins]: Sent event FMLServerStartedEvent to mod unimixins
[00:13:51] [Server thread/DEBUG] [FML/]: Bar Step: ServerStarted - UniMixins took 0,000s
[00:13:51] [Server thread/TRACE] [unimixins-mixin/unimixins-mixin]: Sending event FMLServerStartedEvent to mod unimixins-mixin
[00:13:51] [Server thread/TRACE] [unimixins-mixin/unimixins-mixin]: Sent event FMLServerStartedEvent to mod unimixins-mixin
[00:13:51] [Server thread/DEBUG] [FML/]: Bar Step: ServerStarted - UniMixins: Mixin (UniMix) took 0,000s
[00:13:51] [Server thread/TRACE] [unimixins-compat/unimixins-compat]: Sending event FMLServerStartedEvent to mod unimixins-compat
[00:13:51] [Server thread/TRACE] [unimixins-compat/unimixins-compat]: Sent event FMLServerStartedEvent to mod unimixins-compat
[00:13:51] [Server thread/DEBUG] [FML/]: Bar Step: ServerStarted - UniMixins: Compatibility took 0,000s
[00:13:51] [Server thread/TRACE] [mixingasm/mixingasm]: Sending event FMLServerStartedEvent to mod mixingasm
[00:13:51] [Server thread/TRACE] [mixingasm/mixingasm]: Sent event FMLServerStartedEvent to mod mixingasm
[00:13:51] [Server thread/DEBUG] [FML/]: Bar Step: ServerStarted - UniMixins: Mixingasm took 0,000s
[00:13:51] [Server thread/TRACE] [spongemixins/spongemixins]: Sending event FMLServerStartedEvent to mod spongemixins
[00:13:51] [Server thread/TRACE] [spongemixins/spongemixins]: Sent event FMLServerStartedEvent to mod spongemixins
[00:13:51] [Server thread/DEBUG] [FML/]: Bar Step: ServerStarted - UniMixins: SpongeMixins took 0,000s
[00:13:51] [Server thread/TRACE] [mixinbooterlegacy/mixinbooterlegacy]: Sending event FMLServerStartedEvent to mod mixinbooterlegacy
[00:13:51] [Server thread/TRACE] [mixinbooterlegacy/mixinbooterlegacy]: Sent event FMLServerStartedEvent to mod mixinbooterlegacy
[00:13:51] [Server thread/DEBUG] [FML/]: Bar Step: ServerStarted - UniMixins: MixinBooterLegacy took 0,000s
[00:13:51] [Server thread/TRACE] [gtnhmixins/gtnhmixins]: Sending event FMLServerStartedEvent to mod gtnhmixins
[00:13:51] [Server thread/TRACE] [gtnhmixins/gtnhmixins]: Sent event FMLServerStartedEvent to mod gtnhmixins
[00:13:51] [Server thread/DEBUG] [FML/]: Bar Step: ServerStarted - UniMixins: GTNHMixins took 0,000s
[00:13:51] [Server thread/TRACE] [mixinextras/mixinextras]: Sending event FMLServerStartedEvent to mod mixinextras
[00:13:51] [Server thread/TRACE] [mixinextras/mixinextras]: Sent event FMLServerStartedEvent to mod mixinextras
[00:13:51] [Server thread/DEBUG] [FML/]: Bar Step: ServerStarted - UniMixins: MixinExtras took 0,000s
[00:13:51] [Server thread/TRACE] [aiimprovements/aiimprovements]: Sending event FMLServerStartedEvent to mod aiimprovements
[00:13:51] [Server thread/TRACE] [aiimprovements/aiimprovements]: Sent event FMLServerStartedEvent to mod aiimprovements
[00:13:51] [Server thread/DEBUG] [FML/]: Bar Step: ServerStarted - AI Improvements took 0,000s
[00:13:51] [Server thread/TRACE] [archaicfix/archaicfix]: Sending event FMLServerStartedEvent to mod archaicfix
[00:13:51] [Server thread/TRACE] [archaicfix/archaicfix]: Sent event FMLServerStartedEvent to mod archaicfix
[00:13:51] [Server thread/DEBUG] [FML/]: Bar Step: ServerStarted - ArchaicFix took 0,000s
[00:13:51] [Server thread/TRACE] [carbonconfig/carbonconfig]: Sending event FMLServerStartedEvent to mod carbonconfig
[00:13:51] [Server thread/TRACE] [carbonconfig/carbonconfig]: Sent event FMLServerStartedEvent to mod carbonconfig
[00:13:51] [Server thread/DEBUG] [FML/]: Bar Step: ServerStarted - Carbon Config Library took 0,000s
[00:13:51] [Server thread/TRACE] [chunkpregenerator/chunkpregenerator]: Sending event FMLServerStartedEvent to mod chunkpregenerator
[00:13:51] [Server thread/TRACE] [chunkpregenerator/chunkpregenerator]: Sent event FMLServerStartedEvent to mod chunkpregenerator
[00:13:51] [Server thread/DEBUG] [FML/]: Bar Step: ServerStarted - Chunk Pregenerator took 0,000s
[00:13:51] [Server thread/TRACE] [ChunkPurge/ChunkPurge]: Sending event FMLServerStartedEvent to mod ChunkPurge
[00:13:51] [Server thread/TRACE] [ChunkPurge/ChunkPurge]: Sent event FMLServerStartedEvent to mod ChunkPurge
[00:13:51] [Server thread/DEBUG] [FML/]: Bar Step: ServerStarted - Chunk Purge took 0,000s
[00:13:51] [Server thread/TRACE] [foamfix/foamfix]: Sending event FMLServerStartedEvent to mod foamfix
[00:13:51] [Server thread/TRACE] [foamfix/foamfix]: Sent event FMLServerStartedEvent to mod foamfix
[00:13:51] [Server thread/DEBUG] [FML/]: Bar Step: ServerStarted - FoamFix took 0,000s
[00:13:51] [Server thread/TRACE] [gvc/gvc]: Sending event FMLServerStartedEvent to mod gvc
[00:13:51] [Server thread/TRACE] [gvc/gvc]: Sent event FMLServerStartedEvent to mod gvc
[00:13:51] [Voice Server Process/WARN] [Gliby's Voice Chat Mod/gvc]: Minecraft Networking is not recommended and is consider very slow, please setup UDP.
[00:13:51] [Server thread/DEBUG] [FML/]: Bar Step: ServerStarted - �aGliby's�f Voice Chat Mod took 0,003s
[00:13:51] [Server thread/TRACE] [gtnhlib/gtnhlib]: Sending event FMLServerStartedEvent to mod gtnhlib
[00:13:51] [Server thread/TRACE] [gtnhlib/gtnhlib]: Sent event FMLServerStartedEvent to mod gtnhlib
[00:13:51] [Server thread/DEBUG] [FML/]: Bar Step: ServerStarted - GTNH Lib took 0,000s
[00:13:51] [Server thread/TRACE] [iChunUtil/iChunUtil]: Sending event FMLServerStartedEvent to mod iChunUtil
[00:13:51] [Server thread/TRACE] [iChunUtil/iChunUtil]: Sent event FMLServerStartedEvent to mod iChunUtil
[00:13:51] [Server thread/DEBUG] [FML/]: Bar Step: ServerStarted - iChunUtil took 0,000s
[00:13:51] [Server thread/TRACE] [Hats/Hats]: Sending event FMLServerStartedEvent to mod Hats
[00:13:51] [Server thread/TRACE] [Hats/Hats]: Sent event FMLServerStartedEvent to mod Hats
[00:13:51] [Server thread/DEBUG] [FML/]: Bar Step: ServerStarted - Hats took 0,000s
[00:13:51] [Server thread/TRACE] [InventoryPets/InventoryPets]: Sending event FMLServerStartedEvent to mod InventoryPets
[00:13:51] [Server thread/TRACE] [InventoryPets/InventoryPets]: Sent event FMLServerStartedEvent to mod InventoryPets
[00:13:51] [Server thread/DEBUG] [FML/]: Bar Step: ServerStarted - Inventory Pets took 0,000s
[00:13:51] [Server thread/TRACE] [ironbackpacks/ironbackpacks]: Sending event FMLServerStartedEvent to mod ironbackpacks
[00:13:51] [Server thread/TRACE] [ironbackpacks/ironbackpacks]: Sent event FMLServerStartedEvent to mod ironbackpacks
[00:13:51] [Server thread/DEBUG] [FML/]: Bar Step: ServerStarted - Iron Backpacks took 0,000s
[00:13:51] [Server thread/TRACE] [IronChest/IronChest]: Sending event FMLServerStartedEvent to mod IronChest
[00:13:51] [Server thread/TRACE] [IronChest/IronChest]: Sent event FMLServerStartedEvent to mod IronChest
[00:13:51] [Server thread/DEBUG] [FML/]: Bar Step: ServerStarted - Iron Chests took 0,000s
[00:13:51] [Server thread/TRACE] [lucky/lucky]: Sending event FMLServerStartedEvent to mod lucky
[00:13:51] [Server thread/TRACE] [lucky/lucky]: Sent event FMLServerStartedEvent to mod lucky
[00:13:51] [Server thread/DEBUG] [FML/]: Bar Step: ServerStarted - Lucky Block took 0,000s
[00:13:51] [Server thread/TRACE] [MoreFurnaces/MoreFurnaces]: Sending event FMLServerStartedEvent to mod MoreFurnaces
[00:13:51] [Server thread/TRACE] [MoreFurnaces/MoreFurnaces]: Sent event FMLServerStartedEvent to mod MoreFurnaces
[00:13:51] [Server thread/DEBUG] [FML/]: Bar Step: ServerStarted - More Furnaces took 0,000s
[00:13:51] [Server thread/TRACE] [OreSpawn/OreSpawn]: Sending event FMLServerStartedEvent to mod OreSpawn
[00:13:51] [Server thread/TRACE] [OreSpawn/OreSpawn]: Sent event FMLServerStartedEvent to mod OreSpawn
[00:13:51] [Server thread/DEBUG] [FML/]: Bar Step: ServerStarted - OreSpawn took 0,000s
[00:13:51] [Voice Server Process/INFO] [Gliby's Voice Chat Mod/gvc]: Started [Minecraft] Server.
[00:13:51] [Server thread/TRACE] [PortalGun/PortalGun]: Sending event FMLServerStartedEvent to mod PortalGun
[00:13:51] [Server thread/INFO] [PortalGun/PortalGun]: [4.0.0-beta-6] World config does not exist, generating.
[00:13:51] [Server thread/TRACE] [PortalGun/PortalGun]: Sent event FMLServerStartedEvent to mod PortalGun
[00:13:51] [Server thread/DEBUG] [FML/]: Bar Step: ServerStarted - PortalGun took 0,002s
[00:13:51] [Server thread/TRACE] [denseores/denseores]: Sending event FMLServerStartedEvent to mod denseores
[00:13:51] [Server thread/TRACE] [denseores/denseores]: Sent event FMLServerStartedEvent to mod denseores
[00:13:51] [Server thread/DEBUG] [FML/]: Bar Step: ServerStarted - Dense Ores took 0,000s
[00:13:51] [Server thread/DEBUG] [FML/]: Bar Finished: ServerStarted took 0,008s
[00:13:51] [Server thread/DEBUG] [mixin/]: Mixing common.core.MixinChunkIOProvider from mixins.archaicfix.early.json into net.minecraftforge.common.chunkio.ChunkIOProvider
[00:13:51] [Server thread/DEBUG] [mixin/]: Renaming synthetic method lambda$callStage2WithCascade$0(Lcom/llamalad7/mixinextras/injector/wrapoperation/Operation;Lnet/minecraft/world/chunk/Chunk;Lnet/minecraft/world/chunk/IChunkProvider;Lnet/minecraft/world/chunk/IChunkProvider;II)V to md907797$archaicfix$lambda$callStage2WithCascade$0$0 in mixins.archaicfix.early.json:common.core.MixinChunkIOProvider from mod archaicfix
[00:13:51] [Server thread/TRACE] [mixin/]: Added class metadata for net/minecraftforge/common/util/AsynchronousExecutor$CallBackProvider to metadata cache
[00:13:51] [Server thread/TRACE] [mixin/]: Added class metadata for java/util/concurrent/ThreadFactory to metadata cache
[00:13:52] [Server thread/DEBUG] [FastCraft/]: 20 / 21 applied
[00:13:52] [Server thread/TRACE] [FastCraft/]: ce4e7906
[00:13:56] [Snooper Timer/INFO] [foamfix/]: [Log4JExploitFix] Applying Log4j exploit mitigation to net/minecraft/util/HttpUtil/getLogger!
[00:14:36] [Server thread/DEBUG] [FML/]: Gathering id map for writing to world save PitCraft
[00:15:21] [Server thread/DEBUG] [FML/]: Gathering id map for writing to world save PitCraft
[00:16:06] [Server thread/DEBUG] [FML/]: Gathering id map for writing to world save PitCraft
[00:16:08] [Netty IO #1/INFO] [foamfix/]: [Log4JExploitFix] Applying Log4j exploit mitigation to net/minecraft/network/PingResponseHandler/getLogger!
[00:16:08] [Netty IO #1/INFO] [foamfix/]: [Log4JExploitFix] Applying Log4j exploit mitigation to net/minecraft/util/MessageDeserializer/getLogger!
[00:16:08] [Netty IO #1/INFO] [foamfix/]: [Log4JExploitFix] Applying Log4j exploit mitigation to net/minecraft/network/NetworkStatistics/getLogger!
[00:16:08] [Netty IO #1/INFO] [foamfix/]: [Log4JExploitFix] Applying Log4j exploit mitigation to net/minecraft/util/MessageSerializer/getLogger!
[00:16:08] [Netty IO #1/INFO] [foamfix/]: [Log4JExploitFix] Applying Log4j exploit mitigation to net/minecraft/network/EnumConnectionState/getLogger!
[00:16:08] [Netty IO #1/INFO] [foamfix/]: [Log4JExploitFix] Applying Log4j exploit mitigation to net/minecraft/network/EnumConnectionState/getLogger!
[00:16:08] [Netty IO #1/INFO] [foamfix/]: [Log4JExploitFix] Applying Log4j exploit mitigation to net/minecraft/network/EnumConnectionState/getLogger!
[00:16:08] [Netty IO #1/INFO] [foamfix/]: [Log4JExploitFix] Applying Log4j exploit mitigation to net/minecraft/network/EnumConnectionState/getLogger!
[00:16:08] [Netty IO #1/DEBUG] [mixin/]: Mixing common.lighting.MixinSPacketChunkData from mixins.archaicfix.early.json into net.minecraft.network.play.server.S21PacketChunkData
[00:16:08] [Netty IO #1/DEBUG] [mixin/]: mixins.archaicfix.early.json:common.lighting.MixinSPacketChunkData from mod archaicfix->@Inject::onCalculateChunkSize(Lnet/minecraft/world/chunk/Chunk;ZILorg/spongepowered/asm/mixin/injection/callback/CallbackInfoReturnable;)V doesn't use it's CallbackInfoReturnable
[00:16:08] [Netty IO #1/INFO] [foamfix/]: [Log4JExploitFix] Applying Log4j exploit mitigation to net/minecraft/network/play/server/S22PacketMultiBlockChange/getLogger!
[00:16:08] [Netty IO #1/INFO] [foamfix/]: [Log4JExploitFix] Applying Log4j exploit mitigation to net/minecraft/server/network/NetHandlerLoginServer/getLogger!
[00:16:08] [Server thread/INFO] [foamfix/]: [Log4JExploitFix] Applying Log4j exploit mitigation to net/minecraft/inventory/ContainerRepair/getLogger!
[00:16:08] [Server thread/INFO] [foamfix/]: [Log4JExploitFix] Applying Log4j exploit mitigation to net/minecraft/stats/StatisticsFile/getLogger!
[00:16:08] [Server thread/DEBUG] [mixin/]: Mixing common.core.MixinNetworkDispatcher from mixins.archaicfix.early.json into cpw.mods.fml.common.network.handshake.NetworkDispatcher
[00:16:08] [Server thread/TRACE] [mixin/]: Added class metadata for io/netty/channel/ChannelOutboundHandler to metadata cache
[00:16:08] [Netty IO #1/TRACE] [FML/]: $ClientHello->FMLHandshakeServerState$2:HELLO
[00:16:08] [Netty IO #1/INFO] [FML/]: Client protocol version 2
[00:16:08] [Netty IO #1/TRACE] [FML/]: $ModList:44 mods->FMLHandshakeServerState$2:HELLO
[00:16:08] [Netty IO #1/INFO] [FML/]: Client attempting to join with 44 mods : lucky@5.1.0,ResourceLoader@1.3,NotEnoughItems@2.8.81-GTNH,mobsnorender@0.4,Waila@1.5.10,CustomMainMenu@1.9.2,unimixins-compat@0.2.1,FastCraft@1.25,Forge@10.13.4.1614,IronChest@6.1.11,iChunUtil@4.2.3,CodeChickenCore@1.4.12,chunkpregenerator@4.4.9,PortalGun@4.0.0-beta-6,GTNHLib Core@0.9.45,gvc@0.6.1,XaeroMinimap@21.10.44,mixinbooterlegacy@1.2.1,mcp@9.05,unimixins-mixin@0.2.1,mixingasm@0.3,gtnhmixins@2.2.0,InventoryPets@1.5.2,debug@1.0,mixinextras@0.2.1,FML@7.10.99.99,spongemixins@2.0.1,ironbackpacks@1.7.10-1.2.20,MoreFurnaces@1.3.9,xaerominimap_core@1.7.10-1.0,gtnhlib@0.9.45,foamfix@@VERSION@,denseores@1.0,ears@1.4.7,FoamFixCore@1.0.4,unimixins@0.2.1,XaeroWorldMap@1.14.1.33,archaicfix@0.7.9,xaeroworldmap_core@1.7.10-1.0,flyingcullers@1.3,coretweaks@0.3.3.2,Hats@4.0.1,OreSpawn@1.7.10.20.3,carbonconfig@1.1.3
[00:16:08] [Netty IO #1/INFO] [FML/]: Attempting connection with missing mods [aiimprovements, ChunkPurge] at CLIENT
[00:16:08] [Netty IO #1/TRACE] [FML/]: $HandshakeAck:{2}->FMLHandshakeServerState$3:WAITINGCACK
[00:16:08] [Netty IO #1/TRACE] [FML/]: $HandshakeAck:{3}->FMLHandshakeServerState$4:COMPLETE
[00:16:08] [Netty IO #1/TRACE] [FML/]: $HandshakeAck:{4}->FMLHandshakeServerState$5:DONE
[00:16:08] [Netty IO #1/TRACE] [FML/]: $HandshakeAck:{5}->FMLHandshakeServerState$5:DONE
[00:16:08] [Server thread/INFO] [FML/]: [Server thread] Server side modded connection established
[00:16:08] [Server thread/DEBUG] [FastCraft/]: 21 / 21 applied
[00:16:08] [Server thread/TRACE] [FastCraft/]: 
[00:16:08] [Server thread/DEBUG] [mixin/]: Mixing MixinIChatComponentSerializer from mixins.gtnhlib.early.json into net.minecraft.util.IChatComponent$Serializer
[00:16:08] [Server thread/TRACE] [mixin/]: Added class metadata for com/google/gson/JsonObject to metadata cache
[00:16:08] [Server thread/TRACE] [mixin/]: Added class metadata for com/google/gson/JsonElement to metadata cache
[00:16:08] [Server thread/TRACE] [mixin/]: Added class metadata for com/gtnewhorizon/gtnhlib/chat/AbstractChatComponentCustom to metadata cache
[00:16:08] [Server thread/TRACE] [mixin/]: Added class metadata for net/minecraft/util/IChatComponent to metadata cache
[00:16:08] [Server thread/TRACE] [mixin/]: Added class metadata for net/minecraft/util/ChatStyle to metadata cache
[00:16:08] [Server thread/TRACE] [mixin/]: Added class metadata for com/google/gson/JsonArray to metadata cache
[00:16:08] [Server thread/TRACE] [mixin/]: Added class metadata for com/google/gson/JsonSerializationContext to metadata cache
[00:16:08] [Server thread/TRACE] [mixin/]: Added class metadata for com/google/gson/JsonParseException to metadata cache
[00:16:08] [Server thread/TRACE] [mixin/]: Added class metadata for com/gtnewhorizon/gtnhlib/chat/ChatComponentCustomRegistry to metadata cache
[00:16:08] [Server thread/TRACE] [mixin/]: Added class metadata for com/google/gson/JsonDeserializationContext to metadata cache
[00:16:08] [Server thread/TRACE] [mixin/]: Added class metadata for com/google/gson/JsonSerializer to metadata cache
[00:16:08] [Server thread/TRACE] [mixin/]: Added class metadata for com/google/gson/JsonDeserializer to metadata cache
[00:16:08] [Server thread/TRACE] [mixin/]: Added class metadata for java/lang/reflect/Type to metadata cache
[00:16:08] [Server thread/DEBUG] [mixin/]: mixins.gtnhlib.early.json:MixinIChatComponentSerializer from mod gtnhlib->@Inject::gtnhlib$serializeCustom(Lnet/minecraft/util/IChatComponent;Ljava/lang/reflect/Type;Lcom/google/gson/JsonSerializationContext;Lorg/spongepowered/asm/mixin/injection/callback/CallbackInfoReturnable;)V does use it's CallbackInfoReturnable
[00:16:08] [Server thread/DEBUG] [mixin/]: mixins.gtnhlib.early.json:MixinIChatComponentSerializer from mod gtnhlib->@Inject::gtnhlib$deserializeCustom(Lcom/google/gson/JsonElement;Ljava/lang/reflect/Type;Lcom/google/gson/JsonDeserializationContext;Lorg/spongepowered/asm/mixin/injection/callback/CallbackInfoReturnable;)V does use it's CallbackInfoReturnable
[00:16:08] [Server thread/TRACE] [mixin/]: Added class metadata for net/minecraft/util/ChatComponentText to metadata cache
[00:16:08] [Server thread/DEBUG] [NotEnoughItems/]: Loading Player: TyREXy_
[00:16:08] [Server thread/DEBUG] [NotEnoughItems/]: Sending serverside check to: TyREXy_
[00:16:51] [Server thread/DEBUG] [FML/]: Gathering id map for writing to world save PitCraft
[00:17:36] [Server thread/DEBUG] [FML/]: Gathering id map for writing to world save PitCraft
[00:18:21] [Server thread/DEBUG] [FML/]: Gathering id map for writing to world save PitCraft
[00:19:06] [Server thread/DEBUG] [FML/]: Gathering id map for writing to world save PitCraft
[00:19:51] [Server thread/DEBUG] [NotEnoughItems/]: Unloading Player: TyREXy_
[00:19:51] [Server thread/DEBUG] [FML/]: Gathering id map for writing to world save PitCraft
[00:20:36] [Server thread/DEBUG] [FML/]: Gathering id map for writing to world save PitCraft
[00:21:21] [Server thread/DEBUG] [FML/]: Gathering id map for writing to world save PitCraft
[00:22:06] [Server thread/DEBUG] [FML/]: Gathering id map for writing to world save PitCraft
[00:22:51] [Server thread/DEBUG] [FML/]: Gathering id map for writing to world save PitCraft
