[01:06:11] [main/DEBUG] [FML/]: Injecting tracing printstreams for STDOUT/STDERR.
[01:06:11] [main/INFO] [FML/]: Forge Mod Loader version 7.99.40.1614 for Minecraft 1.7.10 loading
[01:06:11] [main/INFO] [FML/]: Java is OpenJDK 64-Bit Server VM, version 1.8.0_482, running on Linux:amd64:6.17.0-19-generic, installed at /usr/lib/jvm/java-8-openjdk-amd64/jre
[01:06:11] [main/DEBUG] [FML/]: Java classpath at launch is forge-1.7.10-10.13.4.1614-1.7.10-universal.jar
[01:06:11] [main/DEBUG] [FML/]: Java library path at launch is /usr/java/packages/lib/amd64:/usr/lib/x86_64-linux-gnu/jni:/lib/x86_64-linux-gnu:/usr/lib/x86_64-linux-gnu:/usr/lib/jni:/lib:/usr/lib
[01:06:11] [main/DEBUG] [FML/]: Enabling runtime deobfuscation
[01:06:11] [main/DEBUG] [FML/]: Instantiating coremod class FMLCorePlugin
[01:06:11] [main/DEBUG] [FML/]: Added access transformer class cpw.mods.fml.common.asm.transformers.AccessTransformer to enqueued access transformers
[01:06:11] [main/DEBUG] [FML/]: Enqueued coremod FMLCorePlugin
[01:06:11] [main/DEBUG] [FML/]: Instantiating coremod class FMLForgePlugin
[01:06:11] [main/DEBUG] [FML/]: Added access transformer class net.minecraftforge.transformers.ForgeAccessTransformer to enqueued access transformers
[01:06:11] [main/DEBUG] [FML/]: Enqueued coremod FMLForgePlugin
[01:06:11] [main/DEBUG] [FML/]: All fundamental core mods are successfully located
[01:06:11] [main/DEBUG] [FML/]: Attempting to load commandline specified mods, relative to /home/pit/Programas/Servers/PitCraft/.
[01:06:11] [main/DEBUG] [FML/]: Discovering coremods
[01:06:11] [main/DEBUG] [FML/]: Examining for coremod candidacy orespawn-1.7.10-20.3.jar
[01:06:11] [main/DEBUG] [FML/]: Not found coremod data in orespawn-1.7.10-20.3.jar
[01:06:11] [main/INFO] [LaunchWrapper/]: Loading tweak class name cpw.mods.fml.common.launcher.FMLInjectionAndSortingTweaker
[01:06:11] [main/INFO] [LaunchWrapper/]: Loading tweak class name cpw.mods.fml.common.launcher.FMLDeobfTweaker
[01:06:11] [main/INFO] [LaunchWrapper/]: Calling tweak class cpw.mods.fml.common.launcher.FMLInjectionAndSortingTweaker
[01:06:11] [main/INFO] [LaunchWrapper/]: Calling tweak class cpw.mods.fml.common.launcher.FMLInjectionAndSortingTweaker
[01:06:11] [main/INFO] [LaunchWrapper/]: Calling tweak class cpw.mods.fml.relauncher.CoreModManager$FMLPluginWrapper
[01:06:11] [main/DEBUG] [FML/]: Injecting coremod FMLCorePlugin {cpw.mods.fml.relauncher.FMLCorePlugin} class transformers
[01:06:11] [main/TRACE] [FML/]: Registering transformer cpw.mods.fml.common.asm.transformers.MarkerTransformer
[01:06:11] [main/TRACE] [FML/]: Registering transformer cpw.mods.fml.common.asm.transformers.SideTransformer
[01:06:11] [main/TRACE] [FML/]: Registering transformer cpw.mods.fml.common.asm.transformers.EventSubscriptionTransformer
[01:06:11] [main/DEBUG] [FML/]: Injection complete
[01:06:11] [main/DEBUG] [FML/]: Running coremod plugin for FMLCorePlugin {cpw.mods.fml.relauncher.FMLCorePlugin}
[01:06:11] [main/DEBUG] [FML/]: Running coremod plugin FMLCorePlugin
[01:06:11] [main/DEBUG] [FML/]: Read 527 binary patches
[01:06:12] [main/ERROR] [FML/]: FML appears to be missing any signature data. This is not a good thing
[01:06:12] [main/DEBUG] [FML/]: Coremod plugin class FMLCorePlugin run successfully
[01:06:12] [main/INFO] [LaunchWrapper/]: Calling tweak class cpw.mods.fml.relauncher.CoreModManager$FMLPluginWrapper
[01:06:12] [main/DEBUG] [FML/]: Injecting coremod FMLForgePlugin {net.minecraftforge.classloading.FMLForgePlugin} class transformers
[01:06:12] [main/TRACE] [FML/]: Registering transformer net.minecraftforge.classloading.FluidIdTransformer
[01:06:12] [main/DEBUG] [FML/]: Injection complete
[01:06:12] [main/DEBUG] [FML/]: Running coremod plugin for FMLForgePlugin {net.minecraftforge.classloading.FMLForgePlugin}
[01:06:12] [main/DEBUG] [FML/]: Running coremod plugin FMLForgePlugin
[01:06:12] [main/DEBUG] [FML/]: Coremod plugin class FMLForgePlugin run successfully
[01:06:12] [main/INFO] [LaunchWrapper/]: Calling tweak class cpw.mods.fml.common.launcher.FMLDeobfTweaker
[01:06:12] [main/DEBUG] [FML/]: Loaded 57 rules from AccessTransformer config file fml_at.cfg
[01:06:12] [main/DEBUG] [FML/]: Loaded 89 rules from AccessTransformer config file forge_at.cfg
[01:06:12] [main/DEBUG] [FML/]: Validating minecraft
[01:06:12] [main/DEBUG] [FML/]: Minecraft validated, launching...
[01:06:12] [main/INFO] [LaunchWrapper/]: Loading tweak class name cpw.mods.fml.common.launcher.TerminalTweaker
[01:06:12] [main/INFO] [LaunchWrapper/]: Calling tweak class cpw.mods.fml.common.launcher.TerminalTweaker
[01:06:12] [main/INFO] [LaunchWrapper/]: Launching wrapped minecraft {net.minecraft.server.MinecraftServer}
[01:06:13] [Server thread/INFO] [MinecraftForge/]: Attempting early MinecraftForge initialization
[01:06:13] [Server thread/INFO] [FML/]: MinecraftForge v10.13.4.1614 Initialized
[01:06:13] [Server thread/INFO] [FML/]: Replaced 183 ore recipies
[01:06:13] [Server thread/INFO] [MinecraftForge/]: Completed early MinecraftForge initialization
[01:06:13] [Server thread/DEBUG] [FML/]: File /home/pit/Programas/Servers/PitCraft/config/injectedDependencies.json not found. No dependencies injected
[01:06:13] [Server thread/DEBUG] [FML/]: Building injected Mod Containers [cpw.mods.fml.common.FMLContainer, net.minecraftforge.common.ForgeModContainer]
[01:06:13] [Server thread/DEBUG] [FML/]: Attempting to load mods contained in the minecraft jar file and associated classes
[01:06:13] [Server thread/DEBUG] [FML/]: Minecraft is a file at /home/pit/Programas/Servers/PitCraft/forge-1.7.10-10.13.4.1614-1.7.10-universal.jar, loading
[01:06:13] [Server thread/DEBUG] [FML/]: Minecraft jar mods loaded successfully
[01:06:13] [Server thread/INFO] [FML/]: Found 0 mods from the command line. Injecting into mod discoverer
[01:06:13] [Server thread/INFO] [FML/]: Searching /home/pit/Programas/Servers/PitCraft/mods for mods
[01:06:13] [Server thread/DEBUG] [FML/]: Found a candidate zip or jar file orespawn-1.7.10-20.3.jar
[01:06:13] [Server thread/DEBUG] [FML/]: Examining file forge-1.7.10-10.13.4.1614-1.7.10-universal.jar for potential mods
[01:06:13] [Server thread/DEBUG] [FML/]: The mod container forge-1.7.10-10.13.4.1614-1.7.10-universal.jar appears to be missing an mcmod.info file
[01:06:14] [Server thread/DEBUG] [FML/]: Examining file orespawn-1.7.10-20.3.jar for potential mods
[01:06:14] [Server thread/TRACE] [FML/]: Located mcmod.info file in file orespawn-1.7.10-20.3.jar
[01:06:14] [Server thread/DEBUG] [FML/]: Identified a mod of type Lcpw/mods/fml/common/Mod; (danger.orespawn.OreSpawnMain) - loading
[01:06:14] [Server thread/TRACE] [OreSpawn/]: Parsed dependency info : [] [] []
[01:06:14] [Server thread/INFO] [FML/]: Forge Mod Loader has identified 4 mods to load
[01:06:14] [Server thread/TRACE] [FML/]: Received a system property request ''
[01:06:14] [Server thread/TRACE] [FML/]: System property request managing the state of 0 mods
[01:06:14] [Server thread/DEBUG] [FML/]: After merging, found state information for 0 mods
[01:06:14] [Server thread/DEBUG] [FML/]: Found translations in forge-1.7.10-10.13.4.1614-1.7.10-universal.jar [en_US, en_US, es_ES, fr_FR, ru_RU, de_DE, af_ZA, ar_SA, br_FR, ca_ES, cs_CZ, da_DK, el_GR, fa_IR, fi_FI, he_IL, hu_HU, it_IT, ja_JP, ko_KR, lt_LT, nb_NO, nl_NL, nn_NO, no_NO, pl_PL, pt_BR, pt_PT, ro_RO, sl_SI, sr_SP, sv_SE, tr_TR, uk_UA, vi_VN, zh_CN, zh_TW]
[01:06:14] [Server thread/DEBUG] [FML/]: Found translations in forge-1.7.10-10.13.4.1614-1.7.10-universal.jar [en_US, en_US, es_ES, fr_FR, ru_RU, de_DE, af_ZA, ar_SA, br_FR, ca_ES, cs_CZ, da_DK, el_GR, fa_IR, fi_FI, he_IL, hu_HU, it_IT, ja_JP, ko_KR, lt_LT, nb_NO, nl_NL, nn_NO, no_NO, pl_PL, pt_BR, pt_PT, ro_RO, sl_SI, sr_SP, sv_SE, tr_TR, uk_UA, vi_VN, zh_CN, zh_TW]
[01:06:14] [Server thread/DEBUG] [OreSpawn/]: Enabling mod OreSpawn
[01:06:14] [Server thread/TRACE] [FML/]: Verifying mod requirements are satisfied
[01:06:14] [Server thread/TRACE] [FML/]: All mod requirements are satisfied
[01:06:14] [Server thread/TRACE] [FML/]: Sorting mods into an ordered list
[01:06:14] [Server thread/TRACE] [FML/]: Mod sorting completed successfully
[01:06:14] [Server thread/DEBUG] [FML/]: Mod sorting data
[01:06:14] [Server thread/DEBUG] [FML/]: 	OreSpawn(OreSpawn:1.7.10.20.3): orespawn-1.7.10-20.3.jar ()
[01:06:14] [Server thread/TRACE] [mcp/mcp]: Sending event FMLConstructionEvent to mod mcp
[01:06:14] [Server thread/TRACE] [mcp/mcp]: Sent event FMLConstructionEvent to mod mcp
[01:06:14] [Server thread/DEBUG] [FML/]: Bar Step: Construction - Minecraft Coder Pack took 0,001s
[01:06:14] [Server thread/TRACE] [FML/FML]: Sending event FMLConstructionEvent to mod FML
[01:06:14] [Server thread/TRACE] [FML/FML]: Mod FML is using network checker : Invoking method checkModLists
[01:06:14] [Server thread/TRACE] [FML/FML]: Testing mod FML to verify it accepts its own version in a remote connection
[01:06:14] [Server thread/TRACE] [FML/FML]: The mod FML accepts its own version (7.10.99.99)
[01:06:14] [Server thread/INFO] [FML/FML]: Attempting connection with missing mods [mcp, FML, Forge, OreSpawn] at CLIENT
[01:06:14] [Server thread/INFO] [FML/FML]: Attempting connection with missing mods [mcp, FML, Forge, OreSpawn] at SERVER
[01:06:14] [Server thread/TRACE] [FML/FML]: Sent event FMLConstructionEvent to mod FML
[01:06:14] [Server thread/DEBUG] [FML/]: Bar Step: Construction - Forge Mod Loader took 0,125s
[01:06:14] [Server thread/TRACE] [Forge/Forge]: Sending event FMLConstructionEvent to mod Forge
[01:06:14] [Server thread/TRACE] [FML/Forge]: Mod Forge is using network checker : No network checking performed
[01:06:14] [Server thread/TRACE] [FML/Forge]: Testing mod Forge to verify it accepts its own version in a remote connection
[01:06:14] [Server thread/TRACE] [FML/Forge]: The mod Forge accepts its own version (10.13.4.1614)
[01:06:14] [Server thread/TRACE] [Forge/Forge]: Sent event FMLConstructionEvent to mod Forge
[01:06:14] [Server thread/DEBUG] [FML/]: Bar Step: Construction - Minecraft Forge took 0,005s
[01:06:14] [Server thread/TRACE] [OreSpawn/OreSpawn]: Sending event FMLConstructionEvent to mod OreSpawn
[01:06:14] [Server thread/TRACE] [FML/OreSpawn]: Mod OreSpawn is using network checker : Accepting version 1.7.10.20.3
[01:06:14] [Server thread/TRACE] [FML/OreSpawn]: Testing mod OreSpawn to verify it accepts its own version in a remote connection
[01:06:14] [Server thread/TRACE] [FML/OreSpawn]: The mod OreSpawn accepts its own version (1.7.10.20.3)
[01:06:14] [Server thread/DEBUG] [FML/OreSpawn]: Attempting to inject @SidedProxy classes into OreSpawn
[01:06:14] [Server thread/TRACE] [OreSpawn/OreSpawn]: Sent event FMLConstructionEvent to mod OreSpawn
[01:06:14] [Server thread/DEBUG] [FML/]: Bar Step: Construction - OreSpawn took 0,139s
[01:06:14] [Server thread/DEBUG] [FML/]: Bar Finished: Construction took 0,270s
[01:06:14] [Server thread/DEBUG] [FML/]: Mod signature data
[01:06:14] [Server thread/DEBUG] [FML/]:  	Valid Signatures:
[01:06:14] [Server thread/DEBUG] [FML/]:  	Missing Signatures:
[01:06:14] [Server thread/DEBUG] [FML/]: 		mcp	(Minecraft Coder Pack	9.05)	minecraft.jar
[01:06:14] [Server thread/DEBUG] [FML/]: 		FML	(Forge Mod Loader	7.10.99.99)	forge-1.7.10-10.13.4.1614-1.7.10-universal.jar
[01:06:14] [Server thread/DEBUG] [FML/]: 		Forge	(Minecraft Forge	10.13.4.1614)	forge-1.7.10-10.13.4.1614-1.7.10-universal.jar
[01:06:14] [Server thread/DEBUG] [FML/]: 		OreSpawn	(OreSpawn	1.7.10.20.3)	orespawn-1.7.10-20.3.jar
[01:06:14] [Server thread/INFO] [FML/]: Processing ObjectHolder annotations
[01:06:14] [Server thread/INFO] [FML/]: Found 341 ObjectHolder annotations
[01:06:14] [Server thread/INFO] [FML/]: Identifying ItemStackHolder annotations
[01:06:14] [Server thread/INFO] [FML/]: Found 0 ItemStackHolder annotations
[01:06:14] [Server thread/TRACE] [mcp/mcp]: Sending event FMLPreInitializationEvent to mod mcp
[01:06:14] [Server thread/TRACE] [mcp/mcp]: Sent event FMLPreInitializationEvent to mod mcp
[01:06:14] [Server thread/DEBUG] [FML/]: Bar Step: PreInitialization - Minecraft Coder Pack took 0,000s
[01:06:14] [Server thread/TRACE] [FML/FML]: Sending event FMLPreInitializationEvent to mod FML
[01:06:14] [Server thread/TRACE] [FML/FML]: Sent event FMLPreInitializationEvent to mod FML
[01:06:14] [Server thread/DEBUG] [FML/]: Bar Step: PreInitialization - Forge Mod Loader took 0,000s
[01:06:14] [Server thread/TRACE] [Forge/Forge]: Sending event FMLPreInitializationEvent to mod Forge
[01:06:14] [Server thread/INFO] [FML/Forge]: Configured a dormant chunk cache size of 0
[01:06:14] [Server thread/TRACE] [Forge/Forge]: Sent event FMLPreInitializationEvent to mod Forge
[01:06:14] [Server thread/DEBUG] [FML/]: Bar Step: PreInitialization - Minecraft Forge took 0,021s
[01:06:14] [Server thread/TRACE] [OreSpawn/OreSpawn]: Sending event FMLPreInitializationEvent to mod OreSpawn
[01:06:14] [Server thread/DEBUG] [FML/OreSpawn]: Skipping automatic mod OreSpawn entity registration for already registered class danger.orespawn.SunspotUrchin
[01:06:14] [Server thread/DEBUG] [FML/OreSpawn]: Skipping automatic mod OreSpawn entity registration for already registered class danger.orespawn.WaterBall
[01:06:14] [Server thread/DEBUG] [FML/OreSpawn]: Skipping automatic mod OreSpawn entity registration for already registered class danger.orespawn.InkSack
[01:06:14] [Server thread/DEBUG] [FML/OreSpawn]: Skipping automatic mod OreSpawn entity registration for already registered class danger.orespawn.LaserBall
[01:06:14] [Server thread/DEBUG] [FML/OreSpawn]: Skipping automatic mod OreSpawn entity registration for already registered class danger.orespawn.IceBall
[01:06:14] [Server thread/DEBUG] [FML/OreSpawn]: Skipping automatic mod OreSpawn entity registration for already registered class danger.orespawn.Acid
[01:06:14] [Server thread/DEBUG] [FML/OreSpawn]: Skipping automatic mod OreSpawn entity registration for already registered class danger.orespawn.DeadIrukandji
[01:06:14] [Server thread/DEBUG] [FML/OreSpawn]: Skipping automatic mod OreSpawn entity registration for already registered class danger.orespawn.BerthaHit
[01:06:14] [Server thread/DEBUG] [FML/OreSpawn]: Skipping automatic mod OreSpawn entity registration for already registered class danger.orespawn.PurplePower
[01:06:14] [Server thread/DEBUG] [FML/OreSpawn]: Skipping automatic mod OreSpawn entity registration for already registered class danger.orespawn.EntityThrownRock
[01:06:14] [Forge Version Check/INFO] [STDERR/Forge]: [java.lang.Throwable$WrappedPrintStream:println:749]: com.google.gson.JsonSyntaxException: java.lang.IllegalStateException: Expected BEGIN_OBJECT but was STRING at line 1 column 1
[01:06:14] [Forge Version Check/INFO] [STDERR/Forge]: [java.lang.Throwable$WrappedPrintStream:println:749]: 	at com.google.gson.Gson.fromJson(Gson.java:815)
[01:06:14] [Forge Version Check/INFO] [STDERR/Forge]: [java.lang.Throwable$WrappedPrintStream:println:749]: 	at com.google.gson.Gson.fromJson(Gson.java:768)
[01:06:14] [Forge Version Check/INFO] [STDERR/Forge]: [java.lang.Throwable$WrappedPrintStream:println:749]: 	at com.google.gson.Gson.fromJson(Gson.java:717)
[01:06:14] [Forge Version Check/INFO] [STDERR/Forge]: [java.lang.Throwable$WrappedPrintStream:println:749]: 	at com.google.gson.Gson.fromJson(Gson.java:689)
[01:06:14] [Forge Version Check/INFO] [STDERR/Forge]: [java.lang.Throwable$WrappedPrintStream:println:749]: 	at net.minecraftforge.common.ForgeVersion$1.run(ForgeVersion.java:94)
[01:06:14] [Forge Version Check/INFO] [STDERR/Forge]: [java.lang.Throwable$WrappedPrintStream:println:749]: Caused by: java.lang.IllegalStateException: Expected BEGIN_OBJECT but was STRING at line 1 column 1
[01:06:14] [Forge Version Check/INFO] [STDERR/Forge]: [java.lang.Throwable$WrappedPrintStream:println:749]: 	at com.google.gson.stream.JsonReader.beginObject(JsonReader.java:374)
[01:06:14] [Forge Version Check/INFO] [STDERR/Forge]: [java.lang.Throwable$WrappedPrintStream:println:749]: 	at com.google.gson.internal.bind.MapTypeAdapterFactory$Adapter.read(MapTypeAdapterFactory.java:183)
[01:06:14] [Forge Version Check/INFO] [STDERR/Forge]: [java.lang.Throwable$WrappedPrintStream:println:749]: 	at com.google.gson.internal.bind.MapTypeAdapterFactory$Adapter.read(MapTypeAdapterFactory.java:145)
[01:06:14] [Forge Version Check/INFO] [STDERR/Forge]: [java.lang.Throwable$WrappedPrintStream:println:749]: 	at com.google.gson.Gson.fromJson(Gson.java:803)
[01:06:14] [Forge Version Check/INFO] [STDERR/Forge]: [java.lang.Throwable$WrappedPrintStream:println:749]: 	... 4 more
[01:06:14] [Server thread/DEBUG] [FML/OreSpawn]: Skipping automatic mod OreSpawn entity registration for already registered class danger.orespawn.Girlfriend
[01:06:14] [Server thread/DEBUG] [FML/OreSpawn]: Skipping automatic mod OreSpawn entity registration for already registered class danger.orespawn.RedCow
[01:06:14] [Server thread/DEBUG] [FML/OreSpawn]: Skipping automatic mod OreSpawn entity registration for already registered class danger.orespawn.GoldCow
[01:06:14] [Server thread/DEBUG] [FML/OreSpawn]: Skipping automatic mod OreSpawn entity registration for already registered class danger.orespawn.EnchantedCow
[01:06:14] [Server thread/DEBUG] [FML/OreSpawn]: Skipping automatic mod OreSpawn entity registration for already registered class danger.orespawn.EntityButterfly
[01:06:14] [Server thread/DEBUG] [FML/OreSpawn]: Skipping automatic mod OreSpawn entity registration for already registered class danger.orespawn.EntityLunaMoth
[01:06:14] [Server thread/DEBUG] [FML/OreSpawn]: Skipping automatic mod OreSpawn entity registration for already registered class danger.orespawn.EntityMosquito
[01:06:14] [Server thread/DEBUG] [FML/OreSpawn]: Skipping automatic mod OreSpawn entity registration for already registered class danger.orespawn.Firefly
[01:06:14] [Server thread/DEBUG] [FML/OreSpawn]: Skipping automatic mod OreSpawn entity registration for already registered class danger.orespawn.Bee
[01:06:14] [Server thread/DEBUG] [FML/OreSpawn]: Skipping automatic mod OreSpawn entity registration for already registered class danger.orespawn.Mothra
[01:06:14] [Server thread/DEBUG] [FML/OreSpawn]: Skipping automatic mod OreSpawn entity registration for already registered class danger.orespawn.EntityAnt
[01:06:14] [Server thread/DEBUG] [FML/OreSpawn]: Skipping automatic mod OreSpawn entity registration for already registered class danger.orespawn.EntityRedAnt
[01:06:14] [Server thread/DEBUG] [FML/OreSpawn]: Skipping automatic mod OreSpawn entity registration for already registered class danger.orespawn.EntityRainbowAnt
[01:06:14] [Server thread/DEBUG] [FML/OreSpawn]: Skipping automatic mod OreSpawn entity registration for already registered class danger.orespawn.EntityUnstableAnt
[01:06:14] [Server thread/DEBUG] [FML/OreSpawn]: Skipping automatic mod OreSpawn entity registration for already registered class danger.orespawn.Robot1
[01:06:14] [Server thread/DEBUG] [FML/OreSpawn]: Skipping automatic mod OreSpawn entity registration for already registered class danger.orespawn.Robot2
[01:06:14] [Server thread/DEBUG] [FML/OreSpawn]: Skipping automatic mod OreSpawn entity registration for already registered class danger.orespawn.Robot3
[01:06:14] [Server thread/DEBUG] [FML/OreSpawn]: Skipping automatic mod OreSpawn entity registration for already registered class danger.orespawn.Robot4
[01:06:14] [Server thread/DEBUG] [FML/OreSpawn]: Skipping automatic mod OreSpawn entity registration for already registered class danger.orespawn.Robot5
[01:06:14] [Server thread/DEBUG] [FML/OreSpawn]: Skipping automatic mod OreSpawn entity registration for already registered class danger.orespawn.Alosaurus
[01:06:14] [Server thread/DEBUG] [FML/OreSpawn]: Skipping automatic mod OreSpawn entity registration for already registered class danger.orespawn.Cryolophosaurus
[01:06:14] [Server thread/DEBUG] [FML/OreSpawn]: Skipping automatic mod OreSpawn entity registration for already registered class danger.orespawn.Basilisk
[01:06:14] [Server thread/DEBUG] [FML/OreSpawn]: Skipping automatic mod OreSpawn entity registration for already registered class danger.orespawn.Camarasaurus
[01:06:14] [Server thread/DEBUG] [FML/OreSpawn]: Skipping automatic mod OreSpawn entity registration for already registered class danger.orespawn.Hydrolisc
[01:06:14] [Server thread/DEBUG] [FML/OreSpawn]: Skipping automatic mod OreSpawn entity registration for already registered class danger.orespawn.VelocityRaptor
[01:06:14] [Server thread/DEBUG] [FML/OreSpawn]: Skipping automatic mod OreSpawn entity registration for already registered class danger.orespawn.Dragonfly
[01:06:14] [Server thread/DEBUG] [FML/OreSpawn]: Skipping automatic mod OreSpawn entity registration for already registered class danger.orespawn.EmperorScorpion
[01:06:14] [Server thread/DEBUG] [FML/OreSpawn]: Skipping automatic mod OreSpawn entity registration for already registered class danger.orespawn.Scorpion
[01:06:14] [Server thread/DEBUG] [FML/OreSpawn]: Skipping automatic mod OreSpawn entity registration for already registered class danger.orespawn.CaveFisher
[01:06:14] [Server thread/DEBUG] [FML/OreSpawn]: Skipping automatic mod OreSpawn entity registration for already registered class danger.orespawn.Spyro
[01:06:14] [Server thread/DEBUG] [FML/OreSpawn]: Skipping automatic mod OreSpawn entity registration for already registered class danger.orespawn.Baryonyx
[01:06:14] [Server thread/DEBUG] [FML/OreSpawn]: Skipping automatic mod OreSpawn entity registration for already registered class danger.orespawn.GammaMetroid
[01:06:14] [Server thread/DEBUG] [FML/OreSpawn]: Skipping automatic mod OreSpawn entity registration for already registered class danger.orespawn.Cockateil
[01:06:14] [Server thread/DEBUG] [FML/OreSpawn]: Skipping automatic mod OreSpawn entity registration for already registered class danger.orespawn.RubyBird
[01:06:14] [Server thread/DEBUG] [FML/OreSpawn]: Skipping automatic mod OreSpawn entity registration for already registered class danger.orespawn.Kyuubi
[01:06:14] [Server thread/DEBUG] [FML/OreSpawn]: Skipping automatic mod OreSpawn entity registration for already registered class danger.orespawn.WaterDragon
[01:06:14] [Server thread/DEBUG] [FML/OreSpawn]: Skipping automatic mod OreSpawn entity registration for already registered class danger.orespawn.AttackSquid
[01:06:14] [Server thread/DEBUG] [FML/OreSpawn]: Skipping automatic mod OreSpawn entity registration for already registered class danger.orespawn.Alien
[01:06:14] [Server thread/DEBUG] [FML/OreSpawn]: Skipping automatic mod OreSpawn entity registration for already registered class danger.orespawn.Elevator
[01:06:14] [Server thread/DEBUG] [FML/OreSpawn]: Skipping automatic mod OreSpawn entity registration for already registered class danger.orespawn.Kraken
[01:06:14] [Server thread/DEBUG] [FML/OreSpawn]: Skipping automatic mod OreSpawn entity registration for already registered class danger.orespawn.Lizard
[01:06:14] [Server thread/DEBUG] [FML/OreSpawn]: Skipping automatic mod OreSpawn entity registration for already registered class danger.orespawn.Cephadrome
[01:06:14] [Server thread/DEBUG] [FML/OreSpawn]: Skipping automatic mod OreSpawn entity registration for already registered class danger.orespawn.Dragon
[01:06:14] [Server thread/DEBUG] [FML/OreSpawn]: Skipping automatic mod OreSpawn entity registration for already registered class danger.orespawn.Chipmunk
[01:06:14] [Server thread/DEBUG] [FML/OreSpawn]: Skipping automatic mod OreSpawn entity registration for already registered class danger.orespawn.Gazelle
[01:06:14] [Server thread/DEBUG] [FML/OreSpawn]: Skipping automatic mod OreSpawn entity registration for already registered class danger.orespawn.Ostrich
[01:06:14] [Server thread/DEBUG] [FML/OreSpawn]: Skipping automatic mod OreSpawn entity registration for already registered class danger.orespawn.TrooperBug
[01:06:14] [Server thread/DEBUG] [FML/OreSpawn]: Skipping automatic mod OreSpawn entity registration for already registered class danger.orespawn.SpitBug
[01:06:14] [Server thread/DEBUG] [FML/OreSpawn]: Skipping automatic mod OreSpawn entity registration for already registered class danger.orespawn.StinkBug
[01:06:14] [Server thread/DEBUG] [FML/OreSpawn]: Skipping automatic mod OreSpawn entity registration for already registered class danger.orespawn.Tshirt
[01:06:14] [Server thread/DEBUG] [FML/OreSpawn]: Skipping automatic mod OreSpawn entity registration for already registered class danger.orespawn.Island
[01:06:14] [Server thread/DEBUG] [FML/OreSpawn]: Skipping automatic mod OreSpawn entity registration for already registered class danger.orespawn.IslandToo
[01:06:14] [Server thread/DEBUG] [FML/OreSpawn]: Skipping automatic mod OreSpawn entity registration for already registered class danger.orespawn.CreepingHorror
[01:06:14] [Server thread/DEBUG] [FML/OreSpawn]: Skipping automatic mod OreSpawn entity registration for already registered class danger.orespawn.TerribleTerror
[01:06:14] [Server thread/DEBUG] [FML/OreSpawn]: Skipping automatic mod OreSpawn entity registration for already registered class danger.orespawn.CliffRacer
[01:06:14] [Server thread/DEBUG] [FML/OreSpawn]: Skipping automatic mod OreSpawn entity registration for already registered class danger.orespawn.Triffid
[01:06:14] [Server thread/DEBUG] [FML/OreSpawn]: Skipping automatic mod OreSpawn entity registration for already registered class danger.orespawn.PitchBlack
[01:06:14] [Server thread/DEBUG] [FML/OreSpawn]: Skipping automatic mod OreSpawn entity registration for already registered class danger.orespawn.LurkingTerror
[01:06:14] [Server thread/DEBUG] [FML/OreSpawn]: Skipping automatic mod OreSpawn entity registration for already registered class danger.orespawn.Godzilla
[01:06:14] [Server thread/DEBUG] [FML/OreSpawn]: Skipping automatic mod OreSpawn entity registration for already registered class danger.orespawn.Ghost
[01:06:14] [Server thread/DEBUG] [FML/OreSpawn]: Skipping automatic mod OreSpawn entity registration for already registered class danger.orespawn.GhostSkelly
[01:06:14] [Server thread/DEBUG] [FML/OreSpawn]: Skipping automatic mod OreSpawn entity registration for already registered class danger.orespawn.WormSmall
[01:06:14] [Server thread/DEBUG] [FML/OreSpawn]: Skipping automatic mod OreSpawn entity registration for already registered class danger.orespawn.WormMedium
[01:06:14] [Server thread/DEBUG] [FML/OreSpawn]: Skipping automatic mod OreSpawn entity registration for already registered class danger.orespawn.WormLarge
[01:06:14] [Server thread/DEBUG] [FML/OreSpawn]: Skipping automatic mod OreSpawn entity registration for already registered class danger.orespawn.Cassowary
[01:06:14] [Server thread/DEBUG] [FML/OreSpawn]: Skipping automatic mod OreSpawn entity registration for already registered class danger.orespawn.CloudShark
[01:06:14] [Server thread/DEBUG] [FML/OreSpawn]: Skipping automatic mod OreSpawn entity registration for already registered class danger.orespawn.GoldFish
[01:06:14] [Server thread/DEBUG] [FML/OreSpawn]: Skipping automatic mod OreSpawn entity registration for already registered class danger.orespawn.LeafMonster
[01:06:14] [Server thread/DEBUG] [FML/OreSpawn]: Skipping automatic mod OreSpawn entity registration for already registered class danger.orespawn.GodzillaHead
[01:06:14] [Server thread/DEBUG] [FML/OreSpawn]: Skipping automatic mod OreSpawn entity registration for already registered class danger.orespawn.EnderKnight
[01:06:14] [Server thread/DEBUG] [FML/OreSpawn]: Skipping automatic mod OreSpawn entity registration for already registered class danger.orespawn.EnderReaper
[01:06:14] [Server thread/DEBUG] [FML/OreSpawn]: Skipping automatic mod OreSpawn entity registration for already registered class danger.orespawn.Beaver
[01:06:14] [Server thread/DEBUG] [FML/OreSpawn]: Skipping automatic mod OreSpawn entity registration for already registered class danger.orespawn.Termite
[01:06:14] [Server thread/DEBUG] [FML/OreSpawn]: Skipping automatic mod OreSpawn entity registration for already registered class danger.orespawn.Fairy
[01:06:14] [Server thread/DEBUG] [FML/OreSpawn]: Skipping automatic mod OreSpawn entity registration for already registered class danger.orespawn.Peacock
[01:06:14] [Server thread/DEBUG] [FML/OreSpawn]: Skipping automatic mod OreSpawn entity registration for already registered class danger.orespawn.Rotator
[01:06:14] [Server thread/DEBUG] [FML/OreSpawn]: Skipping automatic mod OreSpawn entity registration for already registered class danger.orespawn.Vortex
[01:06:14] [Server thread/DEBUG] [FML/OreSpawn]: Skipping automatic mod OreSpawn entity registration for already registered class danger.orespawn.DungeonBeast
[01:06:14] [Server thread/DEBUG] [FML/OreSpawn]: Skipping automatic mod OreSpawn entity registration for already registered class danger.orespawn.Rat
[01:06:14] [Server thread/DEBUG] [FML/OreSpawn]: Skipping automatic mod OreSpawn entity registration for already registered class danger.orespawn.Flounder
[01:06:14] [Server thread/DEBUG] [FML/OreSpawn]: Skipping automatic mod OreSpawn entity registration for already registered class danger.orespawn.Whale
[01:06:14] [Server thread/DEBUG] [FML/OreSpawn]: Skipping automatic mod OreSpawn entity registration for already registered class danger.orespawn.Irukandji
[01:06:14] [Server thread/DEBUG] [FML/OreSpawn]: Skipping automatic mod OreSpawn entity registration for already registered class danger.orespawn.Skate
[01:06:14] [Server thread/DEBUG] [FML/OreSpawn]: Skipping automatic mod OreSpawn entity registration for already registered class danger.orespawn.Urchin
[01:06:14] [Server thread/DEBUG] [FML/OreSpawn]: Skipping automatic mod OreSpawn entity registration for already registered class danger.orespawn.Mantis
[01:06:14] [Server thread/DEBUG] [FML/OreSpawn]: Skipping automatic mod OreSpawn entity registration for already registered class danger.orespawn.HerculesBeetle
[01:06:14] [Server thread/DEBUG] [FML/OreSpawn]: Skipping automatic mod OreSpawn entity registration for already registered class danger.orespawn.TRex
[01:06:14] [Server thread/DEBUG] [FML/OreSpawn]: Skipping automatic mod OreSpawn entity registration for already registered class danger.orespawn.Stinky
[01:06:14] [Server thread/DEBUG] [FML/OreSpawn]: Skipping automatic mod OreSpawn entity registration for already registered class danger.orespawn.Coin
[01:06:14] [Server thread/DEBUG] [FML/OreSpawn]: Skipping automatic mod OreSpawn entity registration for already registered class danger.orespawn.TheKing
[01:06:14] [Server thread/DEBUG] [FML/OreSpawn]: Skipping automatic mod OreSpawn entity registration for already registered class danger.orespawn.KingHead
[01:06:14] [Server thread/DEBUG] [FML/OreSpawn]: Skipping automatic mod OreSpawn entity registration for already registered class danger.orespawn.TheQueen
[01:06:14] [Server thread/DEBUG] [FML/OreSpawn]: Skipping automatic mod OreSpawn entity registration for already registered class danger.orespawn.QueenHead
[01:06:14] [Server thread/DEBUG] [FML/OreSpawn]: Skipping automatic mod OreSpawn entity registration for already registered class danger.orespawn.Boyfriend
[01:06:15] [Server thread/DEBUG] [FML/OreSpawn]: Skipping automatic mod OreSpawn entity registration for already registered class danger.orespawn.ThePrince
[01:06:15] [Server thread/DEBUG] [FML/OreSpawn]: Skipping automatic mod OreSpawn entity registration for already registered class danger.orespawn.Molenoid
[01:06:15] [Server thread/DEBUG] [FML/OreSpawn]: Skipping automatic mod OreSpawn entity registration for already registered class danger.orespawn.SeaMonster
[01:06:15] [Server thread/DEBUG] [FML/OreSpawn]: Skipping automatic mod OreSpawn entity registration for already registered class danger.orespawn.SeaViper
[01:06:15] [Server thread/DEBUG] [FML/OreSpawn]: Skipping automatic mod OreSpawn entity registration for already registered class danger.orespawn.EasterBunny
[01:06:15] [Server thread/DEBUG] [FML/OreSpawn]: Skipping automatic mod OreSpawn entity registration for already registered class danger.orespawn.CaterKiller
[01:06:15] [Server thread/DEBUG] [FML/OreSpawn]: Skipping automatic mod OreSpawn entity registration for already registered class danger.orespawn.CrystalCow
[01:06:15] [Server thread/DEBUG] [FML/OreSpawn]: Skipping automatic mod OreSpawn entity registration for already registered class danger.orespawn.Leon
[01:06:15] [Server thread/DEBUG] [FML/OreSpawn]: Skipping automatic mod OreSpawn entity registration for already registered class danger.orespawn.Hammerhead
[01:06:15] [Server thread/DEBUG] [FML/OreSpawn]: Skipping automatic mod OreSpawn entity registration for already registered class danger.orespawn.RubberDucky
[01:06:15] [Server thread/DEBUG] [FML/OreSpawn]: Skipping automatic mod OreSpawn entity registration for already registered class danger.orespawn.ThePrinceTeen
[01:06:15] [Server thread/DEBUG] [FML/OreSpawn]: Skipping automatic mod OreSpawn entity registration for already registered class danger.orespawn.BandP
[01:06:15] [Server thread/DEBUG] [FML/OreSpawn]: Skipping automatic mod OreSpawn entity registration for already registered class danger.orespawn.RockBase
[01:06:15] [Server thread/DEBUG] [FML/OreSpawn]: Skipping automatic mod OreSpawn entity registration for already registered class danger.orespawn.Brutalfly
[01:06:15] [Server thread/DEBUG] [FML/OreSpawn]: Skipping automatic mod OreSpawn entity registration for already registered class danger.orespawn.Nastysaurus
[01:06:15] [Server thread/DEBUG] [FML/OreSpawn]: Skipping automatic mod OreSpawn entity registration for already registered class danger.orespawn.Pointysaurus
[01:06:15] [Server thread/DEBUG] [FML/OreSpawn]: Skipping automatic mod OreSpawn entity registration for already registered class danger.orespawn.Cricket
[01:06:15] [Server thread/DEBUG] [FML/OreSpawn]: Skipping automatic mod OreSpawn entity registration for already registered class danger.orespawn.ThePrincess
[01:06:15] [Server thread/DEBUG] [FML/OreSpawn]: Skipping automatic mod OreSpawn entity registration for already registered class danger.orespawn.Frog
[01:06:15] [Server thread/DEBUG] [FML/OreSpawn]: Skipping automatic mod OreSpawn entity registration for already registered class danger.orespawn.ThePrinceAdult
[01:06:15] [Server thread/DEBUG] [FML/OreSpawn]: Skipping automatic mod OreSpawn entity registration for already registered class danger.orespawn.SpiderRobot
[01:06:15] [Server thread/DEBUG] [FML/OreSpawn]: Skipping automatic mod OreSpawn entity registration for already registered class danger.orespawn.SpiderDriver
[01:06:15] [Server thread/DEBUG] [FML/OreSpawn]: Skipping automatic mod OreSpawn entity registration for already registered class danger.orespawn.GiantRobot
[01:06:15] [Server thread/DEBUG] [FML/OreSpawn]: Skipping automatic mod OreSpawn entity registration for already registered class danger.orespawn.AntRobot
[01:06:15] [Server thread/DEBUG] [FML/OreSpawn]: Skipping automatic mod OreSpawn entity registration for already registered class danger.orespawn.Crab
[01:06:15] [Server thread/DEBUG] [FML/OreSpawn]: Skipping automatic mod OreSpawn entity registration for already registered class danger.orespawn.Shoes
[01:06:15] [Server thread/DEBUG] [FML/OreSpawn]: Skipping automatic mod OreSpawn entity registration for already registered class danger.orespawn.EntityCage
[01:06:15] [Server thread/TRACE] [OreSpawn/OreSpawn]: Sent event FMLPreInitializationEvent to mod OreSpawn
[01:06:15] [Server thread/DEBUG] [FML/]: Bar Step: PreInitialization - OreSpawn took 0,665s
[01:06:15] [Server thread/DEBUG] [FML/]: Bar Finished: PreInitialization took 0,687s
[01:06:15] [Server thread/INFO] [FML/]: Applying holder lookups
[01:06:15] [Server thread/INFO] [FML/]: Holder lookups applied
[01:06:15] [Server thread/INFO] [FML/]: Injecting itemstacks
[01:06:15] [Server thread/INFO] [FML/]: Itemstack injection complete
[01:06:15] [Server thread/TRACE] [mcp/mcp]: Sending event FMLInitializationEvent to mod mcp
[01:06:15] [Server thread/TRACE] [mcp/mcp]: Sent event FMLInitializationEvent to mod mcp
[01:06:15] [Server thread/DEBUG] [FML/]: Bar Step: Initialization - Minecraft Coder Pack took 0,000s
[01:06:15] [Server thread/TRACE] [FML/FML]: Sending event FMLInitializationEvent to mod FML
[01:06:15] [Server thread/TRACE] [FML/FML]: Sent event FMLInitializationEvent to mod FML
[01:06:15] [Server thread/DEBUG] [FML/]: Bar Step: Initialization - Forge Mod Loader took 0,000s
[01:06:15] [Server thread/TRACE] [Forge/Forge]: Sending event FMLInitializationEvent to mod Forge
[01:06:15] [Server thread/TRACE] [Forge/Forge]: Sent event FMLInitializationEvent to mod Forge
[01:06:15] [Server thread/DEBUG] [FML/]: Bar Step: Initialization - Minecraft Forge took 0,000s
[01:06:15] [Server thread/TRACE] [OreSpawn/OreSpawn]: Sending event FMLInitializationEvent to mod OreSpawn
[01:06:15] [Server thread/TRACE] [OreSpawn/OreSpawn]: Sent event FMLInitializationEvent to mod OreSpawn
[01:06:15] [Server thread/DEBUG] [FML/]: Bar Step: Initialization - OreSpawn took 0,000s
[01:06:15] [Server thread/DEBUG] [FML/]: Bar Finished: Initialization took 0,001s
[01:06:15] [Server thread/TRACE] [FML/]: Attempting to deliver 0 IMC messages to mod mcp
[01:06:15] [Server thread/TRACE] [mcp/mcp]: Sending event IMCEvent to mod mcp
[01:06:15] [Server thread/TRACE] [mcp/mcp]: Sent event IMCEvent to mod mcp
[01:06:15] [Server thread/DEBUG] [FML/]: Bar Step: InterModComms$IMC - Minecraft Coder Pack took 0,004s
[01:06:15] [Server thread/TRACE] [FML/]: Attempting to deliver 0 IMC messages to mod FML
[01:06:15] [Server thread/TRACE] [FML/FML]: Sending event IMCEvent to mod FML
[01:06:15] [Server thread/TRACE] [FML/FML]: Sent event IMCEvent to mod FML
[01:06:15] [Server thread/DEBUG] [FML/]: Bar Step: InterModComms$IMC - Forge Mod Loader took 0,000s
[01:06:15] [Server thread/TRACE] [FML/]: Attempting to deliver 0 IMC messages to mod Forge
[01:06:15] [Server thread/TRACE] [Forge/Forge]: Sending event IMCEvent to mod Forge
[01:06:15] [Server thread/TRACE] [Forge/Forge]: Sent event IMCEvent to mod Forge
[01:06:15] [Server thread/DEBUG] [FML/]: Bar Step: InterModComms$IMC - Minecraft Forge took 0,000s
[01:06:15] [Server thread/TRACE] [FML/]: Attempting to deliver 0 IMC messages to mod OreSpawn
[01:06:15] [Server thread/TRACE] [OreSpawn/OreSpawn]: Sending event IMCEvent to mod OreSpawn
[01:06:15] [Server thread/TRACE] [OreSpawn/OreSpawn]: Sent event IMCEvent to mod OreSpawn
[01:06:15] [Server thread/DEBUG] [FML/]: Bar Step: InterModComms$IMC - OreSpawn took 0,000s
[01:06:15] [Server thread/DEBUG] [FML/]: Bar Finished: InterModComms$IMC took 0,005s
[01:06:15] [Server thread/INFO] [FML/]: Injecting itemstacks
[01:06:15] [Server thread/INFO] [FML/]: Itemstack injection complete
[01:06:15] [Server thread/TRACE] [mcp/mcp]: Sending event FMLPostInitializationEvent to mod mcp
[01:06:15] [Server thread/TRACE] [mcp/mcp]: Sent event FMLPostInitializationEvent to mod mcp
[01:06:15] [Server thread/DEBUG] [FML/]: Bar Step: PostInitialization - Minecraft Coder Pack took 0,000s
[01:06:15] [Server thread/TRACE] [FML/FML]: Sending event FMLPostInitializationEvent to mod FML
[01:06:15] [Server thread/TRACE] [FML/FML]: Sent event FMLPostInitializationEvent to mod FML
[01:06:15] [Server thread/DEBUG] [FML/]: Bar Step: PostInitialization - Forge Mod Loader took 0,000s
[01:06:15] [Server thread/TRACE] [Forge/Forge]: Sending event FMLPostInitializationEvent to mod Forge
[01:06:15] [Server thread/TRACE] [Forge/Forge]: Sent event FMLPostInitializationEvent to mod Forge
[01:06:15] [Server thread/DEBUG] [FML/]: Bar Step: PostInitialization - Minecraft Forge took 0,008s
[01:06:15] [Server thread/TRACE] [OreSpawn/OreSpawn]: Sending event FMLPostInitializationEvent to mod OreSpawn
[01:06:15] [Server thread/TRACE] [OreSpawn/OreSpawn]: Sent event FMLPostInitializationEvent to mod OreSpawn
[01:06:15] [Server thread/DEBUG] [FML/]: Bar Step: PostInitialization - OreSpawn took 0,007s
[01:06:15] [Server thread/DEBUG] [FML/]: Bar Finished: PostInitialization took 0,015s
[01:06:15] [Server thread/TRACE] [mcp/mcp]: Sending event FMLLoadCompleteEvent to mod mcp
[01:06:15] [Server thread/TRACE] [mcp/mcp]: Sent event FMLLoadCompleteEvent to mod mcp
[01:06:15] [Server thread/DEBUG] [FML/]: Bar Step: LoadComplete - Minecraft Coder Pack took 0,000s
[01:06:15] [Server thread/TRACE] [FML/FML]: Sending event FMLLoadCompleteEvent to mod FML
[01:06:15] [Server thread/TRACE] [FML/FML]: Sent event FMLLoadCompleteEvent to mod FML
[01:06:15] [Server thread/DEBUG] [FML/]: Bar Step: LoadComplete - Forge Mod Loader took 0,000s
[01:06:15] [Server thread/TRACE] [Forge/Forge]: Sending event FMLLoadCompleteEvent to mod Forge
[01:06:15] [Server thread/DEBUG] [FML/Forge]: Forge RecipeSorter Baking:
[01:06:15] [Server thread/DEBUG] [FML/Forge]:   11: RecipeEntry("Before", UNKNOWN, )
[01:06:15] [Server thread/DEBUG] [FML/Forge]:   10: RecipeEntry("minecraft:shaped", SHAPED, net.minecraft.item.crafting.ShapedRecipes) Before: minecraft:shapeless
[01:06:15] [Server thread/DEBUG] [FML/Forge]:   9: RecipeEntry("forge:shapedore", SHAPED, net.minecraftforge.oredict.ShapedOreRecipe) Before: minecraft:shapeless After: minecraft:shaped
[01:06:15] [Server thread/DEBUG] [FML/Forge]:   8: RecipeEntry("minecraft:mapextending", SHAPED, net.minecraft.item.crafting.RecipesMapExtending) Before: minecraft:shapeless After: minecraft:shaped
[01:06:15] [Server thread/DEBUG] [FML/Forge]:   7: RecipeEntry("minecraft:shapeless", SHAPELESS, net.minecraft.item.crafting.ShapelessRecipes) After: minecraft:shaped
[01:06:15] [Server thread/DEBUG] [FML/Forge]:   6: RecipeEntry("forge:shapelessore", SHAPELESS, net.minecraftforge.oredict.ShapelessOreRecipe) After: minecraft:shapeless
[01:06:15] [Server thread/DEBUG] [FML/Forge]:   5: RecipeEntry("minecraft:armordyes", SHAPELESS, net.minecraft.item.crafting.RecipesArmorDyes) After: minecraft:shapeless
[01:06:15] [Server thread/DEBUG] [FML/Forge]:   4: RecipeEntry("minecraft:fireworks", SHAPELESS, net.minecraft.item.crafting.RecipeFireworks) After: minecraft:shapeless
[01:06:15] [Server thread/DEBUG] [FML/Forge]:   3: RecipeEntry("minecraft:bookcloning", SHAPELESS, net.minecraft.item.crafting.RecipeBookCloning) After: minecraft:shapeless
[01:06:15] [Server thread/DEBUG] [FML/Forge]:   2: RecipeEntry("minecraft:mapcloning", SHAPELESS, net.minecraft.item.crafting.RecipesMapCloning) After: minecraft:shapeless
[01:06:15] [Server thread/DEBUG] [FML/Forge]:   1: RecipeEntry("After", UNKNOWN, )
[01:06:15] [Server thread/DEBUG] [FML/Forge]: Sorting recipies
[01:06:15] [Server thread/TRACE] [Forge/Forge]: Sent event FMLLoadCompleteEvent to mod Forge
[01:06:15] [Server thread/DEBUG] [FML/]: Bar Step: LoadComplete - Minecraft Forge took 0,008s
[01:06:15] [Server thread/TRACE] [OreSpawn/OreSpawn]: Sending event FMLLoadCompleteEvent to mod OreSpawn
[01:06:15] [Server thread/TRACE] [OreSpawn/OreSpawn]: Sent event FMLLoadCompleteEvent to mod OreSpawn
[01:06:15] [Server thread/DEBUG] [FML/]: Bar Step: LoadComplete - OreSpawn took 0,000s
[01:06:15] [Server thread/DEBUG] [FML/]: Bar Finished: LoadComplete took 0,008s
[01:06:15] [Server thread/DEBUG] [FML/]: Freezing block and item id maps
[01:06:15] [Server thread/DEBUG] [FML/]: Registry consistency check successful
[01:06:15] [Server thread/DEBUG] [FML/]: Registry consistency check successful
[01:06:15] [Server thread/INFO] [FML/]: Forge Mod Loader has successfully loaded 4 mods
[01:06:15] [Server thread/TRACE] [mcp/mcp]: Sending event FMLServerAboutToStartEvent to mod mcp
[01:06:15] [Server thread/TRACE] [mcp/mcp]: Sent event FMLServerAboutToStartEvent to mod mcp
[01:06:15] [Server thread/DEBUG] [FML/]: Bar Step: ServerAboutToStart - Minecraft Coder Pack took 0,000s
[01:06:15] [Server thread/TRACE] [FML/FML]: Sending event FMLServerAboutToStartEvent to mod FML
[01:06:15] [Server thread/TRACE] [FML/FML]: Sent event FMLServerAboutToStartEvent to mod FML
[01:06:15] [Server thread/DEBUG] [FML/]: Bar Step: ServerAboutToStart - Forge Mod Loader took 0,000s
[01:06:15] [Server thread/TRACE] [Forge/Forge]: Sending event FMLServerAboutToStartEvent to mod Forge
[01:06:15] [Server thread/TRACE] [Forge/Forge]: Sent event FMLServerAboutToStartEvent to mod Forge
[01:06:15] [Server thread/DEBUG] [FML/]: Bar Step: ServerAboutToStart - Minecraft Forge took 0,000s
[01:06:15] [Server thread/TRACE] [OreSpawn/OreSpawn]: Sending event FMLServerAboutToStartEvent to mod OreSpawn
[01:06:15] [Server thread/TRACE] [OreSpawn/OreSpawn]: Sent event FMLServerAboutToStartEvent to mod OreSpawn
[01:06:15] [Server thread/DEBUG] [FML/]: Bar Step: ServerAboutToStart - OreSpawn took 0,000s
[01:06:15] [Server thread/DEBUG] [FML/]: Bar Finished: ServerAboutToStart took 0,001s
[01:06:15] [Server thread/INFO] [FML/]: Injecting existing block and item data into this server instance
[01:06:15] [Server thread/DEBUG] [FML/]: Registry consistency check successful
[01:06:15] [Server thread/DEBUG] [FML/]: Registry consistency check successful
[01:06:15] [Server thread/TRACE] [mcp/mcp]: Sending event FMLModIdMappingEvent to mod mcp
[01:06:15] [Server thread/TRACE] [mcp/mcp]: Sent event FMLModIdMappingEvent to mod mcp
[01:06:15] [Server thread/DEBUG] [FML/]: Bar Step: ModIdMapping - Minecraft Coder Pack took 0,000s
[01:06:15] [Server thread/TRACE] [FML/FML]: Sending event FMLModIdMappingEvent to mod FML
[01:06:15] [Server thread/TRACE] [FML/FML]: Sent event FMLModIdMappingEvent to mod FML
[01:06:15] [Server thread/DEBUG] [FML/]: Bar Step: ModIdMapping - Forge Mod Loader took 0,000s
[01:06:15] [Server thread/TRACE] [Forge/Forge]: Sending event FMLModIdMappingEvent to mod Forge
[01:06:15] [Server thread/TRACE] [Forge/Forge]: Sent event FMLModIdMappingEvent to mod Forge
[01:06:15] [Server thread/DEBUG] [FML/]: Bar Step: ModIdMapping - Minecraft Forge took 0,001s
[01:06:15] [Server thread/TRACE] [OreSpawn/OreSpawn]: Sending event FMLModIdMappingEvent to mod OreSpawn
[01:06:15] [Server thread/TRACE] [OreSpawn/OreSpawn]: Sent event FMLModIdMappingEvent to mod OreSpawn
[01:06:15] [Server thread/DEBUG] [FML/]: Bar Step: ModIdMapping - OreSpawn took 0,000s
[01:06:15] [Server thread/DEBUG] [FML/]: Bar Finished: ModIdMapping took 0,002s
[01:06:15] [Server thread/INFO] [FML/]: Applying holder lookups
[01:06:15] [Server thread/INFO] [FML/]: Holder lookups applied
[01:06:15] [Server thread/DEBUG] [FML/]: Loading persistent fluid defaults from world
[01:06:15] [Server thread/DEBUG] [FML/]: The fluid minecraft:lava has been selected as the default fluid for lava
[01:06:15] [Server thread/DEBUG] [FML/]: The fluid minecraft:water has been selected as the default fluid for water
[01:06:15] [Server thread/INFO] [FML/]: Loading dimension 0 (world) (net.minecraft.server.dedicated.DedicatedServer@25d596f)
[01:06:15] [Server thread/INFO] [FML/]: Loading dimension 85 (world) (net.minecraft.server.dedicated.DedicatedServer@25d596f)
[01:06:15] [Server thread/INFO] [FML/]: Loading dimension 84 (world) (net.minecraft.server.dedicated.DedicatedServer@25d596f)
[01:06:15] [Server thread/INFO] [FML/]: Loading dimension 83 (world) (net.minecraft.server.dedicated.DedicatedServer@25d596f)
[01:06:15] [Server thread/INFO] [FML/]: Loading dimension 82 (world) (net.minecraft.server.dedicated.DedicatedServer@25d596f)
[01:06:15] [Server thread/INFO] [FML/]: Loading dimension 81 (world) (net.minecraft.server.dedicated.DedicatedServer@25d596f)
[01:06:15] [Server thread/INFO] [FML/]: Loading dimension 80 (world) (net.minecraft.server.dedicated.DedicatedServer@25d596f)
[01:06:15] [Server thread/INFO] [FML/]: Loading dimension -1 (world) (net.minecraft.server.dedicated.DedicatedServer@25d596f)
[01:06:15] [Server thread/INFO] [FML/]: Loading dimension 1 (world) (net.minecraft.server.dedicated.DedicatedServer@25d596f)
[01:06:16] [Server thread/TRACE] [mcp/mcp]: Sending event FMLServerStartingEvent to mod mcp
[01:06:16] [Server thread/TRACE] [mcp/mcp]: Sent event FMLServerStartingEvent to mod mcp
[01:06:16] [Server thread/DEBUG] [FML/]: Bar Step: ServerStarting - Minecraft Coder Pack took 0,000s
[01:06:16] [Server thread/TRACE] [FML/FML]: Sending event FMLServerStartingEvent to mod FML
[01:06:16] [Server thread/TRACE] [FML/FML]: Sent event FMLServerStartingEvent to mod FML
[01:06:16] [Server thread/DEBUG] [FML/]: Bar Step: ServerStarting - Forge Mod Loader took 0,000s
[01:06:16] [Server thread/TRACE] [Forge/Forge]: Sending event FMLServerStartingEvent to mod Forge
[01:06:16] [Server thread/TRACE] [Forge/Forge]: Sent event FMLServerStartingEvent to mod Forge
[01:06:16] [Server thread/DEBUG] [FML/]: Bar Step: ServerStarting - Minecraft Forge took 0,002s
[01:06:16] [Server thread/TRACE] [OreSpawn/OreSpawn]: Sending event FMLServerStartingEvent to mod OreSpawn
[01:06:16] [Server thread/TRACE] [OreSpawn/OreSpawn]: Sent event FMLServerStartingEvent to mod OreSpawn
[01:06:16] [Server thread/DEBUG] [FML/]: Bar Step: ServerStarting - OreSpawn took 0,000s
[01:06:16] [Server thread/DEBUG] [FML/]: Bar Finished: ServerStarting took 0,003s
[01:06:16] [Server thread/TRACE] [mcp/mcp]: Sending event FMLServerStartedEvent to mod mcp
[01:06:16] [Server thread/TRACE] [mcp/mcp]: Sent event FMLServerStartedEvent to mod mcp
[01:06:16] [Server thread/DEBUG] [FML/]: Bar Step: ServerStarted - Minecraft Coder Pack took 0,000s
[01:06:16] [Server thread/TRACE] [FML/FML]: Sending event FMLServerStartedEvent to mod FML
[01:06:16] [Server thread/TRACE] [FML/FML]: Sent event FMLServerStartedEvent to mod FML
[01:06:16] [Server thread/DEBUG] [FML/]: Bar Step: ServerStarted - Forge Mod Loader took 0,000s
[01:06:16] [Server thread/TRACE] [Forge/Forge]: Sending event FMLServerStartedEvent to mod Forge
[01:06:16] [Server thread/TRACE] [Forge/Forge]: Sent event FMLServerStartedEvent to mod Forge
[01:06:16] [Server thread/DEBUG] [FML/]: Bar Step: ServerStarted - Minecraft Forge took 0,000s
[01:06:16] [Server thread/TRACE] [OreSpawn/OreSpawn]: Sending event FMLServerStartedEvent to mod OreSpawn
[01:06:16] [Server thread/TRACE] [OreSpawn/OreSpawn]: Sent event FMLServerStartedEvent to mod OreSpawn
[01:06:16] [Server thread/DEBUG] [FML/]: Bar Step: ServerStarted - OreSpawn took 0,000s
[01:06:16] [Server thread/DEBUG] [FML/]: Bar Finished: ServerStarted took 0,001s
[01:07:01] [Server thread/DEBUG] [FML/]: Gathering id map for writing to world save world
[01:07:46] [Server thread/DEBUG] [FML/]: Gathering id map for writing to world save world
[01:08:31] [Server thread/DEBUG] [FML/]: Gathering id map for writing to world save world
[01:09:16] [Server thread/DEBUG] [FML/]: Gathering id map for writing to world save world
[01:10:01] [Server thread/DEBUG] [FML/]: Gathering id map for writing to world save world
[01:10:46] [Server thread/DEBUG] [FML/]: Gathering id map for writing to world save world
[01:11:31] [Server thread/DEBUG] [FML/]: Gathering id map for writing to world save world
[01:12:16] [Server thread/DEBUG] [FML/]: Gathering id map for writing to world save world
[01:13:01] [Server thread/DEBUG] [FML/]: Gathering id map for writing to world save world
[01:13:46] [Server thread/DEBUG] [FML/]: Gathering id map for writing to world save world
[01:14:31] [Server thread/DEBUG] [FML/]: Gathering id map for writing to world save world
[01:15:16] [Server thread/DEBUG] [FML/]: Gathering id map for writing to world save world
[01:16:01] [Server thread/DEBUG] [FML/]: Gathering id map for writing to world save world
[01:16:46] [Server thread/DEBUG] [FML/]: Gathering id map for writing to world save world
[01:17:31] [Server thread/DEBUG] [FML/]: Gathering id map for writing to world save world
[01:18:16] [Server thread/DEBUG] [FML/]: Gathering id map for writing to world save world
[01:19:01] [Server thread/DEBUG] [FML/]: Gathering id map for writing to world save world
[01:19:46] [Server thread/DEBUG] [FML/]: Gathering id map for writing to world save world
[01:20:31] [Server thread/DEBUG] [FML/]: Gathering id map for writing to world save world
[01:21:16] [Server thread/DEBUG] [FML/]: Gathering id map for writing to world save world
[01:22:01] [Server thread/DEBUG] [FML/]: Gathering id map for writing to world save world
[01:22:46] [Server thread/DEBUG] [FML/]: Gathering id map for writing to world save world
[01:23:31] [Server thread/DEBUG] [FML/]: Gathering id map for writing to world save world
[01:24:16] [Server thread/DEBUG] [FML/]: Gathering id map for writing to world save world
[01:25:01] [Server thread/DEBUG] [FML/]: Gathering id map for writing to world save world
[01:25:46] [Server thread/DEBUG] [FML/]: Gathering id map for writing to world save world
[01:26:31] [Server thread/DEBUG] [FML/]: Gathering id map for writing to world save world
[01:27:16] [Server thread/DEBUG] [FML/]: Gathering id map for writing to world save world
[01:28:01] [Server thread/DEBUG] [FML/]: Gathering id map for writing to world save world
[01:28:46] [Server thread/DEBUG] [FML/]: Gathering id map for writing to world save world
[01:29:31] [Server thread/DEBUG] [FML/]: Gathering id map for writing to world save world
[01:30:16] [Server thread/DEBUG] [FML/]: Gathering id map for writing to world save world
[01:31:01] [Server thread/DEBUG] [FML/]: Gathering id map for writing to world save world
[01:31:46] [Server thread/DEBUG] [FML/]: Gathering id map for writing to world save world
[01:32:31] [Server thread/DEBUG] [FML/]: Gathering id map for writing to world save world
[01:33:16] [Server thread/DEBUG] [FML/]: Gathering id map for writing to world save world
[01:34:01] [Server thread/DEBUG] [FML/]: Gathering id map for writing to world save world
[01:34:46] [Server thread/DEBUG] [FML/]: Gathering id map for writing to world save world
[01:35:31] [Server thread/DEBUG] [FML/]: Gathering id map for writing to world save world
[01:36:16] [Server thread/DEBUG] [FML/]: Gathering id map for writing to world save world
[01:37:01] [Server thread/DEBUG] [FML/]: Gathering id map for writing to world save world
[01:37:46] [Server thread/DEBUG] [FML/]: Gathering id map for writing to world save world
[01:38:31] [Server thread/DEBUG] [FML/]: Gathering id map for writing to world save world
[01:39:16] [Server thread/DEBUG] [FML/]: Gathering id map for writing to world save world
[01:40:01] [Server thread/DEBUG] [FML/]: Gathering id map for writing to world save world
[01:40:46] [Server thread/DEBUG] [FML/]: Gathering id map for writing to world save world
[01:41:31] [Server thread/DEBUG] [FML/]: Gathering id map for writing to world save world
[01:42:16] [Server thread/DEBUG] [FML/]: Gathering id map for writing to world save world
[01:43:01] [Server thread/DEBUG] [FML/]: Gathering id map for writing to world save world
[01:43:46] [Server thread/DEBUG] [FML/]: Gathering id map for writing to world save world
[01:44:31] [Server thread/DEBUG] [FML/]: Gathering id map for writing to world save world
[01:45:16] [Server thread/DEBUG] [FML/]: Gathering id map for writing to world save world
[01:46:01] [Server thread/DEBUG] [FML/]: Gathering id map for writing to world save world
[01:46:46] [Server thread/DEBUG] [FML/]: Gathering id map for writing to world save world
[01:47:31] [Server thread/DEBUG] [FML/]: Gathering id map for writing to world save world
[01:48:16] [Server thread/DEBUG] [FML/]: Gathering id map for writing to world save world
[01:49:01] [Server thread/DEBUG] [FML/]: Gathering id map for writing to world save world
[01:49:46] [Server thread/DEBUG] [FML/]: Gathering id map for writing to world save world
[01:50:31] [Server thread/DEBUG] [FML/]: Gathering id map for writing to world save world
[01:51:16] [Server thread/DEBUG] [FML/]: Gathering id map for writing to world save world
[01:52:01] [Server thread/DEBUG] [FML/]: Gathering id map for writing to world save world
[01:52:46] [Server thread/DEBUG] [FML/]: Gathering id map for writing to world save world
[01:53:31] [Server thread/DEBUG] [FML/]: Gathering id map for writing to world save world
[01:54:16] [Server thread/DEBUG] [FML/]: Gathering id map for writing to world save world
[01:55:01] [Server thread/DEBUG] [FML/]: Gathering id map for writing to world save world
[01:55:46] [Server thread/DEBUG] [FML/]: Gathering id map for writing to world save world
[01:56:31] [Server thread/DEBUG] [FML/]: Gathering id map for writing to world save world
[01:57:16] [Server thread/DEBUG] [FML/]: Gathering id map for writing to world save world
[01:58:01] [Server thread/DEBUG] [FML/]: Gathering id map for writing to world save world
[01:58:46] [Server thread/DEBUG] [FML/]: Gathering id map for writing to world save world
[01:59:31] [Server thread/DEBUG] [FML/]: Gathering id map for writing to world save world
[02:00:16] [Server thread/DEBUG] [FML/]: Gathering id map for writing to world save world
[02:01:01] [Server thread/DEBUG] [FML/]: Gathering id map for writing to world save world
[02:01:46] [Server thread/DEBUG] [FML/]: Gathering id map for writing to world save world
[02:02:31] [Server thread/DEBUG] [FML/]: Gathering id map for writing to world save world
[02:03:16] [Server thread/DEBUG] [FML/]: Gathering id map for writing to world save world
[02:04:01] [Server thread/DEBUG] [FML/]: Gathering id map for writing to world save world
[02:04:46] [Server thread/DEBUG] [FML/]: Gathering id map for writing to world save world
[02:05:31] [Server thread/DEBUG] [FML/]: Gathering id map for writing to world save world
[02:06:16] [Server thread/DEBUG] [FML/]: Gathering id map for writing to world save world
[02:07:01] [Server thread/DEBUG] [FML/]: Gathering id map for writing to world save world
[02:07:46] [Server thread/DEBUG] [FML/]: Gathering id map for writing to world save world
[02:08:31] [Server thread/DEBUG] [FML/]: Gathering id map for writing to world save world
[02:09:16] [Server thread/DEBUG] [FML/]: Gathering id map for writing to world save world
[02:10:01] [Server thread/DEBUG] [FML/]: Gathering id map for writing to world save world
[02:10:46] [Server thread/DEBUG] [FML/]: Gathering id map for writing to world save world
[02:11:31] [Server thread/DEBUG] [FML/]: Gathering id map for writing to world save world
[02:12:16] [Server thread/DEBUG] [FML/]: Gathering id map for writing to world save world
[02:13:01] [Server thread/DEBUG] [FML/]: Gathering id map for writing to world save world
[02:13:46] [Server thread/DEBUG] [FML/]: Gathering id map for writing to world save world
[02:14:31] [Server thread/DEBUG] [FML/]: Gathering id map for writing to world save world
[02:15:16] [Server thread/DEBUG] [FML/]: Gathering id map for writing to world save world
[02:16:01] [Server thread/DEBUG] [FML/]: Gathering id map for writing to world save world
[02:16:46] [Server thread/DEBUG] [FML/]: Gathering id map for writing to world save world
[02:17:31] [Server thread/DEBUG] [FML/]: Gathering id map for writing to world save world
[02:18:16] [Server thread/DEBUG] [FML/]: Gathering id map for writing to world save world
[02:19:01] [Server thread/DEBUG] [FML/]: Gathering id map for writing to world save world
[02:19:46] [Server thread/DEBUG] [FML/]: Gathering id map for writing to world save world
[02:20:31] [Server thread/DEBUG] [FML/]: Gathering id map for writing to world save world
[02:21:16] [Server thread/DEBUG] [FML/]: Gathering id map for writing to world save world
[02:22:01] [Server thread/DEBUG] [FML/]: Gathering id map for writing to world save world
[02:22:46] [Server thread/DEBUG] [FML/]: Gathering id map for writing to world save world
[02:23:31] [Server thread/DEBUG] [FML/]: Gathering id map for writing to world save world
[02:24:16] [Server thread/DEBUG] [FML/]: Gathering id map for writing to world save world
[02:25:01] [Server thread/DEBUG] [FML/]: Gathering id map for writing to world save world
[02:25:46] [Server thread/DEBUG] [FML/]: Gathering id map for writing to world save world
[02:26:31] [Server thread/DEBUG] [FML/]: Gathering id map for writing to world save world
[02:27:16] [Server thread/DEBUG] [FML/]: Gathering id map for writing to world save world
[02:28:01] [Server thread/DEBUG] [FML/]: Gathering id map for writing to world save world
[02:28:46] [Server thread/DEBUG] [FML/]: Gathering id map for writing to world save world
[02:29:31] [Server thread/DEBUG] [FML/]: Gathering id map for writing to world save world
[02:30:16] [Server thread/DEBUG] [FML/]: Gathering id map for writing to world save world
[02:31:01] [Server thread/DEBUG] [FML/]: Gathering id map for writing to world save world
[02:31:46] [Server thread/DEBUG] [FML/]: Gathering id map for writing to world save world
[02:32:31] [Server thread/DEBUG] [FML/]: Gathering id map for writing to world save world
[02:33:16] [Server thread/DEBUG] [FML/]: Gathering id map for writing to world save world
[02:34:01] [Server thread/DEBUG] [FML/]: Gathering id map for writing to world save world
[02:34:46] [Server thread/DEBUG] [FML/]: Gathering id map for writing to world save world
[02:35:31] [Server thread/DEBUG] [FML/]: Gathering id map for writing to world save world
[02:36:16] [Server thread/DEBUG] [FML/]: Gathering id map for writing to world save world
[02:37:01] [Server thread/DEBUG] [FML/]: Gathering id map for writing to world save world
[02:37:46] [Server thread/DEBUG] [FML/]: Gathering id map for writing to world save world
[02:38:31] [Server thread/DEBUG] [FML/]: Gathering id map for writing to world save world
[02:39:16] [Server thread/DEBUG] [FML/]: Gathering id map for writing to world save world
[02:40:01] [Server thread/DEBUG] [FML/]: Gathering id map for writing to world save world
[02:40:46] [Server thread/DEBUG] [FML/]: Gathering id map for writing to world save world
[02:41:31] [Server thread/DEBUG] [FML/]: Gathering id map for writing to world save world
[02:42:16] [Server thread/DEBUG] [FML/]: Gathering id map for writing to world save world
[02:43:01] [Server thread/DEBUG] [FML/]: Gathering id map for writing to world save world
[02:43:46] [Server thread/DEBUG] [FML/]: Gathering id map for writing to world save world
[02:44:31] [Server thread/DEBUG] [FML/]: Gathering id map for writing to world save world
[02:45:16] [Server thread/DEBUG] [FML/]: Gathering id map for writing to world save world
[02:46:01] [Server thread/DEBUG] [FML/]: Gathering id map for writing to world save world
[02:46:46] [Server thread/DEBUG] [FML/]: Gathering id map for writing to world save world
[02:47:31] [Server thread/DEBUG] [FML/]: Gathering id map for writing to world save world
[02:48:16] [Server thread/DEBUG] [FML/]: Gathering id map for writing to world save world
[02:49:01] [Server thread/DEBUG] [FML/]: Gathering id map for writing to world save world
[02:49:46] [Server thread/DEBUG] [FML/]: Gathering id map for writing to world save world
[02:50:31] [Server thread/DEBUG] [FML/]: Gathering id map for writing to world save world
[02:51:16] [Server thread/DEBUG] [FML/]: Gathering id map for writing to world save world
[02:52:01] [Server thread/DEBUG] [FML/]: Gathering id map for writing to world save world
[02:52:46] [Server thread/DEBUG] [FML/]: Gathering id map for writing to world save world
[02:53:31] [Server thread/DEBUG] [FML/]: Gathering id map for writing to world save world
[02:54:16] [Server thread/DEBUG] [FML/]: Gathering id map for writing to world save world
[02:55:01] [Server thread/DEBUG] [FML/]: Gathering id map for writing to world save world
[02:55:46] [Server thread/DEBUG] [FML/]: Gathering id map for writing to world save world
[02:56:31] [Server thread/DEBUG] [FML/]: Gathering id map for writing to world save world
[02:57:16] [Server thread/DEBUG] [FML/]: Gathering id map for writing to world save world
[02:58:01] [Server thread/DEBUG] [FML/]: Gathering id map for writing to world save world
[02:58:46] [Server thread/DEBUG] [FML/]: Gathering id map for writing to world save world
[02:59:31] [Server thread/DEBUG] [FML/]: Gathering id map for writing to world save world
[03:00:16] [Server thread/DEBUG] [FML/]: Gathering id map for writing to world save world
[03:01:01] [Server thread/DEBUG] [FML/]: Gathering id map for writing to world save world
[03:01:46] [Server thread/DEBUG] [FML/]: Gathering id map for writing to world save world
[03:02:31] [Server thread/DEBUG] [FML/]: Gathering id map for writing to world save world
[03:03:16] [Server thread/DEBUG] [FML/]: Gathering id map for writing to world save world
[03:04:01] [Server thread/DEBUG] [FML/]: Gathering id map for writing to world save world
[03:04:46] [Server thread/DEBUG] [FML/]: Gathering id map for writing to world save world
[03:05:31] [Server thread/DEBUG] [FML/]: Gathering id map for writing to world save world
[03:06:16] [Server thread/DEBUG] [FML/]: Gathering id map for writing to world save world
[03:07:01] [Server thread/DEBUG] [FML/]: Gathering id map for writing to world save world
[03:07:46] [Server thread/DEBUG] [FML/]: Gathering id map for writing to world save world
[03:08:31] [Server thread/DEBUG] [FML/]: Gathering id map for writing to world save world
[03:09:16] [Server thread/DEBUG] [FML/]: Gathering id map for writing to world save world
[03:10:01] [Server thread/DEBUG] [FML/]: Gathering id map for writing to world save world
[03:10:46] [Server thread/DEBUG] [FML/]: Gathering id map for writing to world save world
[03:11:31] [Server thread/DEBUG] [FML/]: Gathering id map for writing to world save world
[03:12:16] [Server thread/DEBUG] [FML/]: Gathering id map for writing to world save world
[03:13:01] [Server thread/DEBUG] [FML/]: Gathering id map for writing to world save world
[03:13:46] [Server thread/DEBUG] [FML/]: Gathering id map for writing to world save world
[03:14:31] [Server thread/DEBUG] [FML/]: Gathering id map for writing to world save world
[03:15:16] [Server thread/DEBUG] [FML/]: Gathering id map for writing to world save world
[03:16:01] [Server thread/DEBUG] [FML/]: Gathering id map for writing to world save world
[03:16:46] [Server thread/DEBUG] [FML/]: Gathering id map for writing to world save world
[03:17:31] [Server thread/DEBUG] [FML/]: Gathering id map for writing to world save world
[03:18:16] [Server thread/DEBUG] [FML/]: Gathering id map for writing to world save world
[03:19:01] [Server thread/DEBUG] [FML/]: Gathering id map for writing to world save world
[03:19:46] [Server thread/DEBUG] [FML/]: Gathering id map for writing to world save world
[03:20:31] [Server thread/DEBUG] [FML/]: Gathering id map for writing to world save world
[03:21:16] [Server thread/DEBUG] [FML/]: Gathering id map for writing to world save world
[03:22:01] [Server thread/DEBUG] [FML/]: Gathering id map for writing to world save world
[03:22:46] [Server thread/DEBUG] [FML/]: Gathering id map for writing to world save world
[03:23:31] [Server thread/DEBUG] [FML/]: Gathering id map for writing to world save world
[03:24:16] [Server thread/DEBUG] [FML/]: Gathering id map for writing to world save world
[03:25:01] [Server thread/DEBUG] [FML/]: Gathering id map for writing to world save world
[03:25:46] [Server thread/DEBUG] [FML/]: Gathering id map for writing to world save world
[03:26:31] [Server thread/DEBUG] [FML/]: Gathering id map for writing to world save world
[03:27:16] [Server thread/DEBUG] [FML/]: Gathering id map for writing to world save world
[03:28:01] [Server thread/DEBUG] [FML/]: Gathering id map for writing to world save world
[03:28:46] [Server thread/DEBUG] [FML/]: Gathering id map for writing to world save world
[03:29:31] [Server thread/DEBUG] [FML/]: Gathering id map for writing to world save world
[03:30:16] [Server thread/DEBUG] [FML/]: Gathering id map for writing to world save world
[03:31:01] [Server thread/DEBUG] [FML/]: Gathering id map for writing to world save world
[03:31:46] [Server thread/DEBUG] [FML/]: Gathering id map for writing to world save world
[03:32:31] [Server thread/DEBUG] [FML/]: Gathering id map for writing to world save world
[03:33:16] [Server thread/DEBUG] [FML/]: Gathering id map for writing to world save world
[03:34:01] [Server thread/DEBUG] [FML/]: Gathering id map for writing to world save world
[03:34:46] [Server thread/DEBUG] [FML/]: Gathering id map for writing to world save world
[03:35:31] [Server thread/DEBUG] [FML/]: Gathering id map for writing to world save world
[03:36:16] [Server thread/DEBUG] [FML/]: Gathering id map for writing to world save world
[03:37:01] [Server thread/DEBUG] [FML/]: Gathering id map for writing to world save world
[03:37:46] [Server thread/DEBUG] [FML/]: Gathering id map for writing to world save world
[03:38:31] [Server thread/DEBUG] [FML/]: Gathering id map for writing to world save world
[03:39:16] [Server thread/DEBUG] [FML/]: Gathering id map for writing to world save world
[03:40:01] [Server thread/DEBUG] [FML/]: Gathering id map for writing to world save world
[03:40:46] [Server thread/DEBUG] [FML/]: Gathering id map for writing to world save world
[03:41:31] [Server thread/DEBUG] [FML/]: Gathering id map for writing to world save world
[03:42:16] [Server thread/DEBUG] [FML/]: Gathering id map for writing to world save world
[03:43:01] [Server thread/DEBUG] [FML/]: Gathering id map for writing to world save world
[03:43:46] [Server thread/DEBUG] [FML/]: Gathering id map for writing to world save world
[03:44:31] [Server thread/DEBUG] [FML/]: Gathering id map for writing to world save world
[03:45:16] [Server thread/DEBUG] [FML/]: Gathering id map for writing to world save world
[03:46:01] [Server thread/DEBUG] [FML/]: Gathering id map for writing to world save world
[03:46:46] [Server thread/DEBUG] [FML/]: Gathering id map for writing to world save world
[03:47:31] [Server thread/DEBUG] [FML/]: Gathering id map for writing to world save world
[03:48:16] [Server thread/DEBUG] [FML/]: Gathering id map for writing to world save world
[03:49:01] [Server thread/DEBUG] [FML/]: Gathering id map for writing to world save world
[03:49:46] [Server thread/DEBUG] [FML/]: Gathering id map for writing to world save world
[03:50:31] [Server thread/DEBUG] [FML/]: Gathering id map for writing to world save world
[03:51:16] [Server thread/DEBUG] [FML/]: Gathering id map for writing to world save world
[03:52:01] [Server thread/DEBUG] [FML/]: Gathering id map for writing to world save world
[03:52:46] [Server thread/DEBUG] [FML/]: Gathering id map for writing to world save world
[03:53:31] [Server thread/DEBUG] [FML/]: Gathering id map for writing to world save world
[03:54:16] [Server thread/DEBUG] [FML/]: Gathering id map for writing to world save world
[03:55:01] [Server thread/DEBUG] [FML/]: Gathering id map for writing to world save world
[03:55:46] [Server thread/DEBUG] [FML/]: Gathering id map for writing to world save world
[03:56:31] [Server thread/DEBUG] [FML/]: Gathering id map for writing to world save world
[03:57:16] [Server thread/DEBUG] [FML/]: Gathering id map for writing to world save world
[03:58:01] [Server thread/DEBUG] [FML/]: Gathering id map for writing to world save world
[03:58:46] [Server thread/DEBUG] [FML/]: Gathering id map for writing to world save world
[03:59:31] [Server thread/DEBUG] [FML/]: Gathering id map for writing to world save world
[04:00:16] [Server thread/DEBUG] [FML/]: Gathering id map for writing to world save world
[04:01:01] [Server thread/DEBUG] [FML/]: Gathering id map for writing to world save world
[04:01:46] [Server thread/DEBUG] [FML/]: Gathering id map for writing to world save world
[04:02:31] [Server thread/DEBUG] [FML/]: Gathering id map for writing to world save world
[04:03:16] [Server thread/DEBUG] [FML/]: Gathering id map for writing to world save world
[04:04:01] [Server thread/DEBUG] [FML/]: Gathering id map for writing to world save world
[04:04:46] [Server thread/DEBUG] [FML/]: Gathering id map for writing to world save world
[04:05:31] [Server thread/DEBUG] [FML/]: Gathering id map for writing to world save world
[04:06:16] [Server thread/DEBUG] [FML/]: Gathering id map for writing to world save world
[04:07:01] [Server thread/DEBUG] [FML/]: Gathering id map for writing to world save world
[04:07:46] [Server thread/DEBUG] [FML/]: Gathering id map for writing to world save world
[04:08:31] [Server thread/DEBUG] [FML/]: Gathering id map for writing to world save world
[04:09:16] [Server thread/DEBUG] [FML/]: Gathering id map for writing to world save world
[04:10:01] [Server thread/DEBUG] [FML/]: Gathering id map for writing to world save world
[04:10:46] [Server thread/DEBUG] [FML/]: Gathering id map for writing to world save world
[04:11:31] [Server thread/DEBUG] [FML/]: Gathering id map for writing to world save world
[04:12:16] [Server thread/DEBUG] [FML/]: Gathering id map for writing to world save world
[04:13:01] [Server thread/DEBUG] [FML/]: Gathering id map for writing to world save world
[04:13:46] [Server thread/DEBUG] [FML/]: Gathering id map for writing to world save world
[04:14:31] [Server thread/DEBUG] [FML/]: Gathering id map for writing to world save world
[04:15:16] [Server thread/DEBUG] [FML/]: Gathering id map for writing to world save world
[04:16:01] [Server thread/DEBUG] [FML/]: Gathering id map for writing to world save world
[04:16:46] [Server thread/DEBUG] [FML/]: Gathering id map for writing to world save world
[04:17:31] [Server thread/DEBUG] [FML/]: Gathering id map for writing to world save world
[04:18:16] [Server thread/DEBUG] [FML/]: Gathering id map for writing to world save world
[04:19:01] [Server thread/DEBUG] [FML/]: Gathering id map for writing to world save world
[04:19:46] [Server thread/DEBUG] [FML/]: Gathering id map for writing to world save world
[04:20:31] [Server thread/DEBUG] [FML/]: Gathering id map for writing to world save world
[04:21:16] [Server thread/DEBUG] [FML/]: Gathering id map for writing to world save world
[04:22:01] [Server thread/DEBUG] [FML/]: Gathering id map for writing to world save world
[04:22:46] [Server thread/DEBUG] [FML/]: Gathering id map for writing to world save world
[04:23:31] [Server thread/DEBUG] [FML/]: Gathering id map for writing to world save world
[04:24:16] [Server thread/DEBUG] [FML/]: Gathering id map for writing to world save world
[04:25:01] [Server thread/DEBUG] [FML/]: Gathering id map for writing to world save world
[04:25:46] [Server thread/DEBUG] [FML/]: Gathering id map for writing to world save world
[04:26:31] [Server thread/DEBUG] [FML/]: Gathering id map for writing to world save world
[04:27:16] [Server thread/DEBUG] [FML/]: Gathering id map for writing to world save world
[04:28:01] [Server thread/DEBUG] [FML/]: Gathering id map for writing to world save world
[04:28:46] [Server thread/DEBUG] [FML/]: Gathering id map for writing to world save world
[04:29:31] [Server thread/DEBUG] [FML/]: Gathering id map for writing to world save world
[04:30:16] [Server thread/DEBUG] [FML/]: Gathering id map for writing to world save world
[04:31:01] [Server thread/DEBUG] [FML/]: Gathering id map for writing to world save world
[04:31:46] [Server thread/DEBUG] [FML/]: Gathering id map for writing to world save world
[04:32:31] [Server thread/DEBUG] [FML/]: Gathering id map for writing to world save world
[04:33:16] [Server thread/DEBUG] [FML/]: Gathering id map for writing to world save world
[04:34:01] [Server thread/DEBUG] [FML/]: Gathering id map for writing to world save world
[04:34:46] [Server thread/DEBUG] [FML/]: Gathering id map for writing to world save world
[04:35:31] [Server thread/DEBUG] [FML/]: Gathering id map for writing to world save world
[04:36:16] [Server thread/DEBUG] [FML/]: Gathering id map for writing to world save world
[04:37:01] [Server thread/DEBUG] [FML/]: Gathering id map for writing to world save world
[04:37:46] [Server thread/DEBUG] [FML/]: Gathering id map for writing to world save world
[04:38:31] [Server thread/DEBUG] [FML/]: Gathering id map for writing to world save world
[04:39:16] [Server thread/DEBUG] [FML/]: Gathering id map for writing to world save world
[04:40:01] [Server thread/DEBUG] [FML/]: Gathering id map for writing to world save world
[04:40:46] [Server thread/DEBUG] [FML/]: Gathering id map for writing to world save world
[04:41:31] [Server thread/DEBUG] [FML/]: Gathering id map for writing to world save world
[04:42:16] [Server thread/DEBUG] [FML/]: Gathering id map for writing to world save world
[04:43:01] [Server thread/DEBUG] [FML/]: Gathering id map for writing to world save world
[04:43:46] [Server thread/DEBUG] [FML/]: Gathering id map for writing to world save world
[04:44:31] [Server thread/DEBUG] [FML/]: Gathering id map for writing to world save world
[04:45:16] [Server thread/DEBUG] [FML/]: Gathering id map for writing to world save world
[04:46:01] [Server thread/DEBUG] [FML/]: Gathering id map for writing to world save world
[04:46:46] [Server thread/DEBUG] [FML/]: Gathering id map for writing to world save world
[04:47:31] [Server thread/DEBUG] [FML/]: Gathering id map for writing to world save world
[04:48:16] [Server thread/DEBUG] [FML/]: Gathering id map for writing to world save world
[04:49:01] [Server thread/DEBUG] [FML/]: Gathering id map for writing to world save world
[04:49:46] [Server thread/DEBUG] [FML/]: Gathering id map for writing to world save world
[04:50:31] [Server thread/DEBUG] [FML/]: Gathering id map for writing to world save world
[04:51:16] [Server thread/DEBUG] [FML/]: Gathering id map for writing to world save world
[04:52:01] [Server thread/DEBUG] [FML/]: Gathering id map for writing to world save world
[04:52:46] [Server thread/DEBUG] [FML/]: Gathering id map for writing to world save world
[04:53:31] [Server thread/DEBUG] [FML/]: Gathering id map for writing to world save world
[04:54:16] [Server thread/DEBUG] [FML/]: Gathering id map for writing to world save world
[04:55:01] [Server thread/DEBUG] [FML/]: Gathering id map for writing to world save world
[04:55:46] [Server thread/DEBUG] [FML/]: Gathering id map for writing to world save world
[04:56:31] [Server thread/DEBUG] [FML/]: Gathering id map for writing to world save world
[04:57:16] [Server thread/DEBUG] [FML/]: Gathering id map for writing to world save world
[04:58:01] [Server thread/DEBUG] [FML/]: Gathering id map for writing to world save world
[04:58:46] [Server thread/DEBUG] [FML/]: Gathering id map for writing to world save world
[04:59:31] [Server thread/DEBUG] [FML/]: Gathering id map for writing to world save world
[05:00:16] [Server thread/DEBUG] [FML/]: Gathering id map for writing to world save world
[05:01:01] [Server thread/DEBUG] [FML/]: Gathering id map for writing to world save world
[05:01:46] [Server thread/DEBUG] [FML/]: Gathering id map for writing to world save world
[05:02:31] [Server thread/DEBUG] [FML/]: Gathering id map for writing to world save world
[05:03:16] [Server thread/DEBUG] [FML/]: Gathering id map for writing to world save world
[05:04:01] [Server thread/DEBUG] [FML/]: Gathering id map for writing to world save world
[05:04:46] [Server thread/DEBUG] [FML/]: Gathering id map for writing to world save world
[05:05:31] [Server thread/DEBUG] [FML/]: Gathering id map for writing to world save world
[05:06:16] [Server thread/DEBUG] [FML/]: Gathering id map for writing to world save world
[05:07:01] [Server thread/DEBUG] [FML/]: Gathering id map for writing to world save world
[05:07:46] [Server thread/DEBUG] [FML/]: Gathering id map for writing to world save world
[05:08:31] [Server thread/DEBUG] [FML/]: Gathering id map for writing to world save world
[05:09:16] [Server thread/DEBUG] [FML/]: Gathering id map for writing to world save world
[05:10:01] [Server thread/DEBUG] [FML/]: Gathering id map for writing to world save world
[05:10:46] [Server thread/DEBUG] [FML/]: Gathering id map for writing to world save world
[05:11:31] [Server thread/DEBUG] [FML/]: Gathering id map for writing to world save world
[05:12:16] [Server thread/DEBUG] [FML/]: Gathering id map for writing to world save world
[05:13:01] [Server thread/DEBUG] [FML/]: Gathering id map for writing to world save world
[05:13:46] [Server thread/DEBUG] [FML/]: Gathering id map for writing to world save world
[05:14:31] [Server thread/DEBUG] [FML/]: Gathering id map for writing to world save world
[05:15:16] [Server thread/DEBUG] [FML/]: Gathering id map for writing to world save world
[05:16:01] [Server thread/DEBUG] [FML/]: Gathering id map for writing to world save world
[05:16:46] [Server thread/DEBUG] [FML/]: Gathering id map for writing to world save world
[05:17:31] [Server thread/DEBUG] [FML/]: Gathering id map for writing to world save world
[05:18:16] [Server thread/DEBUG] [FML/]: Gathering id map for writing to world save world
[05:19:01] [Server thread/DEBUG] [FML/]: Gathering id map for writing to world save world
[05:19:46] [Server thread/DEBUG] [FML/]: Gathering id map for writing to world save world
[05:20:31] [Server thread/DEBUG] [FML/]: Gathering id map for writing to world save world
[05:21:16] [Server thread/DEBUG] [FML/]: Gathering id map for writing to world save world
[05:22:01] [Server thread/DEBUG] [FML/]: Gathering id map for writing to world save world
[05:22:46] [Server thread/DEBUG] [FML/]: Gathering id map for writing to world save world
[05:23:31] [Server thread/DEBUG] [FML/]: Gathering id map for writing to world save world
[05:24:16] [Server thread/DEBUG] [FML/]: Gathering id map for writing to world save world
[05:25:01] [Server thread/DEBUG] [FML/]: Gathering id map for writing to world save world
[05:25:46] [Server thread/DEBUG] [FML/]: Gathering id map for writing to world save world
[05:26:31] [Server thread/DEBUG] [FML/]: Gathering id map for writing to world save world
[05:27:16] [Server thread/DEBUG] [FML/]: Gathering id map for writing to world save world
[05:28:01] [Server thread/DEBUG] [FML/]: Gathering id map for writing to world save world
[05:28:46] [Server thread/DEBUG] [FML/]: Gathering id map for writing to world save world
[05:29:31] [Server thread/DEBUG] [FML/]: Gathering id map for writing to world save world
[05:30:16] [Server thread/DEBUG] [FML/]: Gathering id map for writing to world save world
[05:31:01] [Server thread/DEBUG] [FML/]: Gathering id map for writing to world save world
[05:31:46] [Server thread/DEBUG] [FML/]: Gathering id map for writing to world save world
[05:32:31] [Server thread/DEBUG] [FML/]: Gathering id map for writing to world save world
[05:33:16] [Server thread/DEBUG] [FML/]: Gathering id map for writing to world save world
[05:34:01] [Server thread/DEBUG] [FML/]: Gathering id map for writing to world save world
[05:34:46] [Server thread/DEBUG] [FML/]: Gathering id map for writing to world save world
[05:35:31] [Server thread/DEBUG] [FML/]: Gathering id map for writing to world save world
[05:36:16] [Server thread/DEBUG] [FML/]: Gathering id map for writing to world save world
[05:37:01] [Server thread/DEBUG] [FML/]: Gathering id map for writing to world save world
[05:37:46] [Server thread/DEBUG] [FML/]: Gathering id map for writing to world save world
[05:38:31] [Server thread/DEBUG] [FML/]: Gathering id map for writing to world save world
[05:39:16] [Server thread/DEBUG] [FML/]: Gathering id map for writing to world save world
[05:40:01] [Server thread/DEBUG] [FML/]: Gathering id map for writing to world save world
[05:40:46] [Server thread/DEBUG] [FML/]: Gathering id map for writing to world save world
[05:41:31] [Server thread/DEBUG] [FML/]: Gathering id map for writing to world save world
[05:42:16] [Server thread/DEBUG] [FML/]: Gathering id map for writing to world save world
[05:43:01] [Server thread/DEBUG] [FML/]: Gathering id map for writing to world save world
[05:43:46] [Server thread/DEBUG] [FML/]: Gathering id map for writing to world save world
[05:44:31] [Server thread/DEBUG] [FML/]: Gathering id map for writing to world save world
[05:45:16] [Server thread/DEBUG] [FML/]: Gathering id map for writing to world save world
[05:46:01] [Server thread/DEBUG] [FML/]: Gathering id map for writing to world save world
[05:46:46] [Server thread/DEBUG] [FML/]: Gathering id map for writing to world save world
[05:47:31] [Server thread/DEBUG] [FML/]: Gathering id map for writing to world save world
[05:48:16] [Server thread/DEBUG] [FML/]: Gathering id map for writing to world save world
[05:49:01] [Server thread/DEBUG] [FML/]: Gathering id map for writing to world save world
[05:49:46] [Server thread/DEBUG] [FML/]: Gathering id map for writing to world save world
[05:50:31] [Server thread/DEBUG] [FML/]: Gathering id map for writing to world save world
[05:51:16] [Server thread/DEBUG] [FML/]: Gathering id map for writing to world save world
[05:52:01] [Server thread/DEBUG] [FML/]: Gathering id map for writing to world save world
[05:52:46] [Server thread/DEBUG] [FML/]: Gathering id map for writing to world save world
[05:53:31] [Server thread/DEBUG] [FML/]: Gathering id map for writing to world save world
[05:54:16] [Server thread/DEBUG] [FML/]: Gathering id map for writing to world save world
[05:55:01] [Server thread/DEBUG] [FML/]: Gathering id map for writing to world save world
[05:55:46] [Server thread/DEBUG] [FML/]: Gathering id map for writing to world save world
[05:56:31] [Server thread/DEBUG] [FML/]: Gathering id map for writing to world save world
[05:57:16] [Server thread/DEBUG] [FML/]: Gathering id map for writing to world save world
[05:58:01] [Server thread/DEBUG] [FML/]: Gathering id map for writing to world save world
[05:58:46] [Server thread/DEBUG] [FML/]: Gathering id map for writing to world save world
[05:59:31] [Server thread/DEBUG] [FML/]: Gathering id map for writing to world save world
[06:00:16] [Server thread/DEBUG] [FML/]: Gathering id map for writing to world save world
[06:01:01] [Server thread/DEBUG] [FML/]: Gathering id map for writing to world save world
[06:01:46] [Server thread/DEBUG] [FML/]: Gathering id map for writing to world save world
[06:02:31] [Server thread/DEBUG] [FML/]: Gathering id map for writing to world save world
[06:03:16] [Server thread/DEBUG] [FML/]: Gathering id map for writing to world save world
[06:04:01] [Server thread/DEBUG] [FML/]: Gathering id map for writing to world save world
[06:04:46] [Server thread/DEBUG] [FML/]: Gathering id map for writing to world save world
[06:05:31] [Server thread/DEBUG] [FML/]: Gathering id map for writing to world save world
[06:06:16] [Server thread/DEBUG] [FML/]: Gathering id map for writing to world save world
[06:07:01] [Server thread/DEBUG] [FML/]: Gathering id map for writing to world save world
[06:07:46] [Server thread/DEBUG] [FML/]: Gathering id map for writing to world save world
[06:08:31] [Server thread/DEBUG] [FML/]: Gathering id map for writing to world save world
[06:09:16] [Server thread/DEBUG] [FML/]: Gathering id map for writing to world save world
[06:10:01] [Server thread/DEBUG] [FML/]: Gathering id map for writing to world save world
[06:10:46] [Server thread/DEBUG] [FML/]: Gathering id map for writing to world save world
[06:11:31] [Server thread/DEBUG] [FML/]: Gathering id map for writing to world save world
[06:12:16] [Server thread/DEBUG] [FML/]: Gathering id map for writing to world save world
[06:13:01] [Server thread/DEBUG] [FML/]: Gathering id map for writing to world save world
[06:13:46] [Server thread/DEBUG] [FML/]: Gathering id map for writing to world save world
[06:14:31] [Server thread/DEBUG] [FML/]: Gathering id map for writing to world save world
[06:15:16] [Server thread/DEBUG] [FML/]: Gathering id map for writing to world save world
[06:16:01] [Server thread/DEBUG] [FML/]: Gathering id map for writing to world save world
[06:16:46] [Server thread/DEBUG] [FML/]: Gathering id map for writing to world save world
[06:17:31] [Server thread/DEBUG] [FML/]: Gathering id map for writing to world save world
[06:18:16] [Server thread/DEBUG] [FML/]: Gathering id map for writing to world save world
[06:19:01] [Server thread/DEBUG] [FML/]: Gathering id map for writing to world save world
[06:19:46] [Server thread/DEBUG] [FML/]: Gathering id map for writing to world save world
[06:20:31] [Server thread/DEBUG] [FML/]: Gathering id map for writing to world save world
[06:21:16] [Server thread/DEBUG] [FML/]: Gathering id map for writing to world save world
[06:22:01] [Server thread/DEBUG] [FML/]: Gathering id map for writing to world save world
[06:22:46] [Server thread/DEBUG] [FML/]: Gathering id map for writing to world save world
[06:23:31] [Server thread/DEBUG] [FML/]: Gathering id map for writing to world save world
[06:24:16] [Server thread/DEBUG] [FML/]: Gathering id map for writing to world save world
[06:25:01] [Server thread/DEBUG] [FML/]: Gathering id map for writing to world save world
[06:25:46] [Server thread/DEBUG] [FML/]: Gathering id map for writing to world save world
[06:26:31] [Server thread/DEBUG] [FML/]: Gathering id map for writing to world save world
[06:27:16] [Server thread/DEBUG] [FML/]: Gathering id map for writing to world save world
[06:28:01] [Server thread/DEBUG] [FML/]: Gathering id map for writing to world save world
[06:28:46] [Server thread/DEBUG] [FML/]: Gathering id map for writing to world save world
[06:29:31] [Server thread/DEBUG] [FML/]: Gathering id map for writing to world save world
[06:30:16] [Server thread/DEBUG] [FML/]: Gathering id map for writing to world save world
[06:31:01] [Server thread/DEBUG] [FML/]: Gathering id map for writing to world save world
[06:31:46] [Server thread/DEBUG] [FML/]: Gathering id map for writing to world save world
[06:32:31] [Server thread/DEBUG] [FML/]: Gathering id map for writing to world save world
[06:33:16] [Server thread/DEBUG] [FML/]: Gathering id map for writing to world save world
[06:34:01] [Server thread/DEBUG] [FML/]: Gathering id map for writing to world save world
[06:34:46] [Server thread/DEBUG] [FML/]: Gathering id map for writing to world save world
[06:35:31] [Server thread/DEBUG] [FML/]: Gathering id map for writing to world save world
[06:36:16] [Server thread/DEBUG] [FML/]: Gathering id map for writing to world save world
[06:37:01] [Server thread/DEBUG] [FML/]: Gathering id map for writing to world save world
[06:37:46] [Server thread/DEBUG] [FML/]: Gathering id map for writing to world save world
[06:38:31] [Server thread/DEBUG] [FML/]: Gathering id map for writing to world save world
[06:39:16] [Server thread/DEBUG] [FML/]: Gathering id map for writing to world save world
[06:40:01] [Server thread/DEBUG] [FML/]: Gathering id map for writing to world save world
[06:40:46] [Server thread/DEBUG] [FML/]: Gathering id map for writing to world save world
[06:41:31] [Server thread/DEBUG] [FML/]: Gathering id map for writing to world save world
[06:42:16] [Server thread/DEBUG] [FML/]: Gathering id map for writing to world save world
[06:43:01] [Server thread/DEBUG] [FML/]: Gathering id map for writing to world save world
[06:43:46] [Server thread/DEBUG] [FML/]: Gathering id map for writing to world save world
[06:44:31] [Server thread/DEBUG] [FML/]: Gathering id map for writing to world save world
[06:45:16] [Server thread/DEBUG] [FML/]: Gathering id map for writing to world save world
[06:46:01] [Server thread/DEBUG] [FML/]: Gathering id map for writing to world save world
[06:46:46] [Server thread/DEBUG] [FML/]: Gathering id map for writing to world save world
[06:47:31] [Server thread/DEBUG] [FML/]: Gathering id map for writing to world save world
[06:48:16] [Server thread/DEBUG] [FML/]: Gathering id map for writing to world save world
[06:49:01] [Server thread/DEBUG] [FML/]: Gathering id map for writing to world save world
[06:49:46] [Server thread/DEBUG] [FML/]: Gathering id map for writing to world save world
[06:50:31] [Server thread/DEBUG] [FML/]: Gathering id map for writing to world save world
[06:51:16] [Server thread/DEBUG] [FML/]: Gathering id map for writing to world save world
[06:52:01] [Server thread/DEBUG] [FML/]: Gathering id map for writing to world save world
[06:52:46] [Server thread/DEBUG] [FML/]: Gathering id map for writing to world save world
[06:53:31] [Server thread/DEBUG] [FML/]: Gathering id map for writing to world save world
[06:54:16] [Server thread/DEBUG] [FML/]: Gathering id map for writing to world save world
[06:55:01] [Server thread/DEBUG] [FML/]: Gathering id map for writing to world save world
[06:55:46] [Server thread/DEBUG] [FML/]: Gathering id map for writing to world save world
[06:56:31] [Server thread/DEBUG] [FML/]: Gathering id map for writing to world save world
[06:57:16] [Server thread/DEBUG] [FML/]: Gathering id map for writing to world save world
[06:58:01] [Server thread/DEBUG] [FML/]: Gathering id map for writing to world save world
[06:58:46] [Server thread/DEBUG] [FML/]: Gathering id map for writing to world save world
[06:59:31] [Server thread/DEBUG] [FML/]: Gathering id map for writing to world save world
[07:00:16] [Server thread/DEBUG] [FML/]: Gathering id map for writing to world save world
[07:01:01] [Server thread/DEBUG] [FML/]: Gathering id map for writing to world save world
[07:01:46] [Server thread/DEBUG] [FML/]: Gathering id map for writing to world save world
[07:02:31] [Server thread/DEBUG] [FML/]: Gathering id map for writing to world save world
[07:03:16] [Server thread/DEBUG] [FML/]: Gathering id map for writing to world save world
[07:04:01] [Server thread/DEBUG] [FML/]: Gathering id map for writing to world save world
[07:04:46] [Server thread/DEBUG] [FML/]: Gathering id map for writing to world save world
[07:05:31] [Server thread/DEBUG] [FML/]: Gathering id map for writing to world save world
[07:06:16] [Server thread/DEBUG] [FML/]: Gathering id map for writing to world save world
[07:07:01] [Server thread/DEBUG] [FML/]: Gathering id map for writing to world save world
[07:07:46] [Server thread/DEBUG] [FML/]: Gathering id map for writing to world save world
[07:08:31] [Server thread/DEBUG] [FML/]: Gathering id map for writing to world save world
[07:09:16] [Server thread/DEBUG] [FML/]: Gathering id map for writing to world save world
[07:10:01] [Server thread/DEBUG] [FML/]: Gathering id map for writing to world save world
[07:10:46] [Server thread/DEBUG] [FML/]: Gathering id map for writing to world save world
[07:11:31] [Server thread/DEBUG] [FML/]: Gathering id map for writing to world save world
[07:12:16] [Server thread/DEBUG] [FML/]: Gathering id map for writing to world save world
[07:13:01] [Server thread/DEBUG] [FML/]: Gathering id map for writing to world save world
[07:13:46] [Server thread/DEBUG] [FML/]: Gathering id map for writing to world save world
[07:14:31] [Server thread/DEBUG] [FML/]: Gathering id map for writing to world save world
[07:15:16] [Server thread/DEBUG] [FML/]: Gathering id map for writing to world save world
[07:16:01] [Server thread/DEBUG] [FML/]: Gathering id map for writing to world save world
[07:16:46] [Server thread/DEBUG] [FML/]: Gathering id map for writing to world save world
[07:17:31] [Server thread/DEBUG] [FML/]: Gathering id map for writing to world save world
[07:18:16] [Server thread/DEBUG] [FML/]: Gathering id map for writing to world save world
[07:19:01] [Server thread/DEBUG] [FML/]: Gathering id map for writing to world save world
[07:19:46] [Server thread/DEBUG] [FML/]: Gathering id map for writing to world save world
[07:20:31] [Server thread/DEBUG] [FML/]: Gathering id map for writing to world save world
[07:21:16] [Server thread/DEBUG] [FML/]: Gathering id map for writing to world save world
[07:22:01] [Server thread/DEBUG] [FML/]: Gathering id map for writing to world save world
[07:22:46] [Server thread/DEBUG] [FML/]: Gathering id map for writing to world save world
[07:23:31] [Server thread/DEBUG] [FML/]: Gathering id map for writing to world save world
[07:24:16] [Server thread/DEBUG] [FML/]: Gathering id map for writing to world save world
[07:25:01] [Server thread/DEBUG] [FML/]: Gathering id map for writing to world save world
[07:25:46] [Server thread/DEBUG] [FML/]: Gathering id map for writing to world save world
[07:26:31] [Server thread/DEBUG] [FML/]: Gathering id map for writing to world save world
[07:27:16] [Server thread/DEBUG] [FML/]: Gathering id map for writing to world save world
[07:28:01] [Server thread/DEBUG] [FML/]: Gathering id map for writing to world save world
[07:28:46] [Server thread/DEBUG] [FML/]: Gathering id map for writing to world save world
[07:29:31] [Server thread/DEBUG] [FML/]: Gathering id map for writing to world save world
[07:30:16] [Server thread/DEBUG] [FML/]: Gathering id map for writing to world save world
[07:31:01] [Server thread/DEBUG] [FML/]: Gathering id map for writing to world save world
[07:31:46] [Server thread/DEBUG] [FML/]: Gathering id map for writing to world save world
[07:32:31] [Server thread/DEBUG] [FML/]: Gathering id map for writing to world save world
[07:33:16] [Server thread/DEBUG] [FML/]: Gathering id map for writing to world save world
[07:34:01] [Server thread/DEBUG] [FML/]: Gathering id map for writing to world save world
[07:34:46] [Server thread/DEBUG] [FML/]: Gathering id map for writing to world save world
[07:35:31] [Server thread/DEBUG] [FML/]: Gathering id map for writing to world save world
[07:36:16] [Server thread/DEBUG] [FML/]: Gathering id map for writing to world save world
[07:37:01] [Server thread/DEBUG] [FML/]: Gathering id map for writing to world save world
[07:37:46] [Server thread/DEBUG] [FML/]: Gathering id map for writing to world save world
[07:38:31] [Server thread/DEBUG] [FML/]: Gathering id map for writing to world save world
[07:39:16] [Server thread/DEBUG] [FML/]: Gathering id map for writing to world save world
[07:40:01] [Server thread/DEBUG] [FML/]: Gathering id map for writing to world save world
[07:40:46] [Server thread/DEBUG] [FML/]: Gathering id map for writing to world save world
[07:41:31] [Server thread/DEBUG] [FML/]: Gathering id map for writing to world save world
[07:42:16] [Server thread/DEBUG] [FML/]: Gathering id map for writing to world save world
[07:43:01] [Server thread/DEBUG] [FML/]: Gathering id map for writing to world save world
[07:43:46] [Server thread/DEBUG] [FML/]: Gathering id map for writing to world save world
[07:44:31] [Server thread/DEBUG] [FML/]: Gathering id map for writing to world save world
[07:45:16] [Server thread/DEBUG] [FML/]: Gathering id map for writing to world save world
[07:46:01] [Server thread/DEBUG] [FML/]: Gathering id map for writing to world save world
[07:46:46] [Server thread/DEBUG] [FML/]: Gathering id map for writing to world save world
[07:47:31] [Server thread/DEBUG] [FML/]: Gathering id map for writing to world save world
[07:48:16] [Server thread/DEBUG] [FML/]: Gathering id map for writing to world save world
[07:49:01] [Server thread/DEBUG] [FML/]: Gathering id map for writing to world save world
[07:49:46] [Server thread/DEBUG] [FML/]: Gathering id map for writing to world save world
[07:50:31] [Server thread/DEBUG] [FML/]: Gathering id map for writing to world save world
[07:51:16] [Server thread/DEBUG] [FML/]: Gathering id map for writing to world save world
[07:52:01] [Server thread/DEBUG] [FML/]: Gathering id map for writing to world save world
[07:52:46] [Server thread/DEBUG] [FML/]: Gathering id map for writing to world save world
[07:53:31] [Server thread/DEBUG] [FML/]: Gathering id map for writing to world save world
[07:54:16] [Server thread/DEBUG] [FML/]: Gathering id map for writing to world save world
[07:55:01] [Server thread/DEBUG] [FML/]: Gathering id map for writing to world save world
[07:55:46] [Server thread/DEBUG] [FML/]: Gathering id map for writing to world save world
[07:56:31] [Server thread/DEBUG] [FML/]: Gathering id map for writing to world save world
[07:57:16] [Server thread/DEBUG] [FML/]: Gathering id map for writing to world save world
[07:58:01] [Server thread/DEBUG] [FML/]: Gathering id map for writing to world save world
[07:58:46] [Server thread/DEBUG] [FML/]: Gathering id map for writing to world save world
[07:59:31] [Server thread/DEBUG] [FML/]: Gathering id map for writing to world save world
[08:00:16] [Server thread/DEBUG] [FML/]: Gathering id map for writing to world save world
[08:01:01] [Server thread/DEBUG] [FML/]: Gathering id map for writing to world save world
[08:01:46] [Server thread/DEBUG] [FML/]: Gathering id map for writing to world save world
[08:02:31] [Server thread/DEBUG] [FML/]: Gathering id map for writing to world save world
[08:03:16] [Server thread/DEBUG] [FML/]: Gathering id map for writing to world save world
[08:04:01] [Server thread/DEBUG] [FML/]: Gathering id map for writing to world save world
[08:04:46] [Server thread/DEBUG] [FML/]: Gathering id map for writing to world save world
[08:05:31] [Server thread/DEBUG] [FML/]: Gathering id map for writing to world save world
[08:06:16] [Server thread/DEBUG] [FML/]: Gathering id map for writing to world save world
[08:07:01] [Server thread/DEBUG] [FML/]: Gathering id map for writing to world save world
[08:07:46] [Server thread/DEBUG] [FML/]: Gathering id map for writing to world save world
[08:08:31] [Server thread/DEBUG] [FML/]: Gathering id map for writing to world save world
[08:09:16] [Server thread/DEBUG] [FML/]: Gathering id map for writing to world save world
[08:10:01] [Server thread/DEBUG] [FML/]: Gathering id map for writing to world save world
[08:10:46] [Server thread/DEBUG] [FML/]: Gathering id map for writing to world save world
[08:11:31] [Server thread/DEBUG] [FML/]: Gathering id map for writing to world save world
[08:12:16] [Server thread/DEBUG] [FML/]: Gathering id map for writing to world save world
[08:13:01] [Server thread/DEBUG] [FML/]: Gathering id map for writing to world save world
[08:13:46] [Server thread/DEBUG] [FML/]: Gathering id map for writing to world save world
[08:14:31] [Server thread/DEBUG] [FML/]: Gathering id map for writing to world save world
[08:15:16] [Server thread/DEBUG] [FML/]: Gathering id map for writing to world save world
[08:16:01] [Server thread/DEBUG] [FML/]: Gathering id map for writing to world save world
[08:16:46] [Server thread/DEBUG] [FML/]: Gathering id map for writing to world save world
[08:17:31] [Server thread/DEBUG] [FML/]: Gathering id map for writing to world save world
[08:18:16] [Server thread/DEBUG] [FML/]: Gathering id map for writing to world save world
[08:19:01] [Server thread/DEBUG] [FML/]: Gathering id map for writing to world save world
[08:19:46] [Server thread/DEBUG] [FML/]: Gathering id map for writing to world save world
[08:20:31] [Server thread/DEBUG] [FML/]: Gathering id map for writing to world save world
[08:21:16] [Server thread/DEBUG] [FML/]: Gathering id map for writing to world save world
[08:22:01] [Server thread/DEBUG] [FML/]: Gathering id map for writing to world save world
[08:22:46] [Server thread/DEBUG] [FML/]: Gathering id map for writing to world save world
[08:23:31] [Server thread/DEBUG] [FML/]: Gathering id map for writing to world save world
[08:24:16] [Server thread/DEBUG] [FML/]: Gathering id map for writing to world save world
[08:25:01] [Server thread/DEBUG] [FML/]: Gathering id map for writing to world save world
[08:25:46] [Server thread/DEBUG] [FML/]: Gathering id map for writing to world save world
[08:26:31] [Server thread/DEBUG] [FML/]: Gathering id map for writing to world save world
[08:27:16] [Server thread/DEBUG] [FML/]: Gathering id map for writing to world save world
[08:28:01] [Server thread/DEBUG] [FML/]: Gathering id map for writing to world save world
[08:28:46] [Server thread/DEBUG] [FML/]: Gathering id map for writing to world save world
[08:29:31] [Server thread/DEBUG] [FML/]: Gathering id map for writing to world save world
[08:30:16] [Server thread/DEBUG] [FML/]: Gathering id map for writing to world save world
[08:31:01] [Server thread/DEBUG] [FML/]: Gathering id map for writing to world save world
[08:31:46] [Server thread/DEBUG] [FML/]: Gathering id map for writing to world save world
[08:32:31] [Server thread/DEBUG] [FML/]: Gathering id map for writing to world save world
[08:33:16] [Server thread/DEBUG] [FML/]: Gathering id map for writing to world save world
[08:34:01] [Server thread/DEBUG] [FML/]: Gathering id map for writing to world save world
[08:34:46] [Server thread/DEBUG] [FML/]: Gathering id map for writing to world save world
[08:35:31] [Server thread/DEBUG] [FML/]: Gathering id map for writing to world save world
[08:36:16] [Server thread/DEBUG] [FML/]: Gathering id map for writing to world save world
[08:37:01] [Server thread/DEBUG] [FML/]: Gathering id map for writing to world save world
[08:37:46] [Server thread/DEBUG] [FML/]: Gathering id map for writing to world save world
[08:38:31] [Server thread/DEBUG] [FML/]: Gathering id map for writing to world save world
[08:39:16] [Server thread/DEBUG] [FML/]: Gathering id map for writing to world save world
[08:40:01] [Server thread/DEBUG] [FML/]: Gathering id map for writing to world save world
[08:40:46] [Server thread/DEBUG] [FML/]: Gathering id map for writing to world save world
[08:41:31] [Server thread/DEBUG] [FML/]: Gathering id map for writing to world save world
[08:42:16] [Server thread/DEBUG] [FML/]: Gathering id map for writing to world save world
[08:43:01] [Server thread/DEBUG] [FML/]: Gathering id map for writing to world save world
[08:43:46] [Server thread/DEBUG] [FML/]: Gathering id map for writing to world save world
[08:44:31] [Server thread/DEBUG] [FML/]: Gathering id map for writing to world save world
[08:45:16] [Server thread/DEBUG] [FML/]: Gathering id map for writing to world save world
[08:46:01] [Server thread/DEBUG] [FML/]: Gathering id map for writing to world save world
[08:46:46] [Server thread/DEBUG] [FML/]: Gathering id map for writing to world save world
[08:47:31] [Server thread/DEBUG] [FML/]: Gathering id map for writing to world save world
[08:48:16] [Server thread/DEBUG] [FML/]: Gathering id map for writing to world save world
[08:49:01] [Server thread/DEBUG] [FML/]: Gathering id map for writing to world save world
[08:49:46] [Server thread/DEBUG] [FML/]: Gathering id map for writing to world save world
[08:50:31] [Server thread/DEBUG] [FML/]: Gathering id map for writing to world save world
[08:51:16] [Server thread/DEBUG] [FML/]: Gathering id map for writing to world save world
[08:52:01] [Server thread/DEBUG] [FML/]: Gathering id map for writing to world save world
[08:52:46] [Server thread/DEBUG] [FML/]: Gathering id map for writing to world save world
[08:53:31] [Server thread/DEBUG] [FML/]: Gathering id map for writing to world save world
[08:54:16] [Server thread/DEBUG] [FML/]: Gathering id map for writing to world save world
[08:55:01] [Server thread/DEBUG] [FML/]: Gathering id map for writing to world save world
[08:55:46] [Server thread/DEBUG] [FML/]: Gathering id map for writing to world save world
[08:56:31] [Server thread/DEBUG] [FML/]: Gathering id map for writing to world save world
[08:57:16] [Server thread/DEBUG] [FML/]: Gathering id map for writing to world save world
[08:58:01] [Server thread/DEBUG] [FML/]: Gathering id map for writing to world save world
[08:58:46] [Server thread/DEBUG] [FML/]: Gathering id map for writing to world save world
[08:59:31] [Server thread/DEBUG] [FML/]: Gathering id map for writing to world save world
[09:00:16] [Server thread/DEBUG] [FML/]: Gathering id map for writing to world save world
[09:01:01] [Server thread/DEBUG] [FML/]: Gathering id map for writing to world save world
[09:01:46] [Server thread/DEBUG] [FML/]: Gathering id map for writing to world save world
[09:02:31] [Server thread/DEBUG] [FML/]: Gathering id map for writing to world save world
[09:03:16] [Server thread/DEBUG] [FML/]: Gathering id map for writing to world save world
[09:04:01] [Server thread/DEBUG] [FML/]: Gathering id map for writing to world save world
[09:04:46] [Server thread/DEBUG] [FML/]: Gathering id map for writing to world save world
[09:05:31] [Server thread/DEBUG] [FML/]: Gathering id map for writing to world save world
[09:06:16] [Server thread/DEBUG] [FML/]: Gathering id map for writing to world save world
[09:07:01] [Server thread/DEBUG] [FML/]: Gathering id map for writing to world save world
[09:07:46] [Server thread/DEBUG] [FML/]: Gathering id map for writing to world save world
[09:08:31] [Server thread/DEBUG] [FML/]: Gathering id map for writing to world save world
[09:09:16] [Server thread/DEBUG] [FML/]: Gathering id map for writing to world save world
[09:10:01] [Server thread/DEBUG] [FML/]: Gathering id map for writing to world save world
[09:10:46] [Server thread/DEBUG] [FML/]: Gathering id map for writing to world save world
[09:11:31] [Server thread/DEBUG] [FML/]: Gathering id map for writing to world save world
[09:12:16] [Server thread/DEBUG] [FML/]: Gathering id map for writing to world save world
[09:13:01] [Server thread/DEBUG] [FML/]: Gathering id map for writing to world save world
[09:13:46] [Server thread/DEBUG] [FML/]: Gathering id map for writing to world save world
[09:14:31] [Server thread/DEBUG] [FML/]: Gathering id map for writing to world save world
[09:15:16] [Server thread/DEBUG] [FML/]: Gathering id map for writing to world save world
[09:16:01] [Server thread/DEBUG] [FML/]: Gathering id map for writing to world save world
[09:16:46] [Server thread/DEBUG] [FML/]: Gathering id map for writing to world save world
[09:17:31] [Server thread/DEBUG] [FML/]: Gathering id map for writing to world save world
[09:18:16] [Server thread/DEBUG] [FML/]: Gathering id map for writing to world save world
[09:19:01] [Server thread/DEBUG] [FML/]: Gathering id map for writing to world save world
[09:19:46] [Server thread/DEBUG] [FML/]: Gathering id map for writing to world save world
[09:20:31] [Server thread/DEBUG] [FML/]: Gathering id map for writing to world save world
[09:21:16] [Server thread/DEBUG] [FML/]: Gathering id map for writing to world save world
[09:22:01] [Server thread/DEBUG] [FML/]: Gathering id map for writing to world save world
[09:22:46] [Server thread/DEBUG] [FML/]: Gathering id map for writing to world save world
[09:23:31] [Server thread/DEBUG] [FML/]: Gathering id map for writing to world save world
[09:24:16] [Server thread/DEBUG] [FML/]: Gathering id map for writing to world save world
[09:25:01] [Server thread/DEBUG] [FML/]: Gathering id map for writing to world save world
[09:25:46] [Server thread/DEBUG] [FML/]: Gathering id map for writing to world save world
[09:26:31] [Server thread/DEBUG] [FML/]: Gathering id map for writing to world save world
[09:27:16] [Server thread/DEBUG] [FML/]: Gathering id map for writing to world save world
[09:28:01] [Server thread/DEBUG] [FML/]: Gathering id map for writing to world save world
[09:28:46] [Server thread/DEBUG] [FML/]: Gathering id map for writing to world save world
[09:29:31] [Server thread/DEBUG] [FML/]: Gathering id map for writing to world save world
[09:30:16] [Server thread/DEBUG] [FML/]: Gathering id map for writing to world save world
[09:31:01] [Server thread/DEBUG] [FML/]: Gathering id map for writing to world save world
[09:31:46] [Server thread/DEBUG] [FML/]: Gathering id map for writing to world save world
[09:32:31] [Server thread/DEBUG] [FML/]: Gathering id map for writing to world save world
[09:33:16] [Server thread/DEBUG] [FML/]: Gathering id map for writing to world save world
[09:34:01] [Server thread/DEBUG] [FML/]: Gathering id map for writing to world save world
[09:34:46] [Server thread/DEBUG] [FML/]: Gathering id map for writing to world save world
[09:35:31] [Server thread/DEBUG] [FML/]: Gathering id map for writing to world save world
[09:36:16] [Server thread/DEBUG] [FML/]: Gathering id map for writing to world save world
[09:37:01] [Server thread/DEBUG] [FML/]: Gathering id map for writing to world save world
[09:37:46] [Server thread/DEBUG] [FML/]: Gathering id map for writing to world save world
[09:38:31] [Server thread/DEBUG] [FML/]: Gathering id map for writing to world save world
[09:39:16] [Server thread/DEBUG] [FML/]: Gathering id map for writing to world save world
[09:40:01] [Server thread/DEBUG] [FML/]: Gathering id map for writing to world save world
[09:40:46] [Server thread/DEBUG] [FML/]: Gathering id map for writing to world save world
[09:41:31] [Server thread/DEBUG] [FML/]: Gathering id map for writing to world save world
[09:42:16] [Server thread/DEBUG] [FML/]: Gathering id map for writing to world save world
[09:43:01] [Server thread/DEBUG] [FML/]: Gathering id map for writing to world save world
[09:43:46] [Server thread/DEBUG] [FML/]: Gathering id map for writing to world save world
[09:44:31] [Server thread/DEBUG] [FML/]: Gathering id map for writing to world save world
[09:45:16] [Server thread/DEBUG] [FML/]: Gathering id map for writing to world save world
[09:46:01] [Server thread/DEBUG] [FML/]: Gathering id map for writing to world save world
[09:46:46] [Server thread/DEBUG] [FML/]: Gathering id map for writing to world save world
[09:47:31] [Server thread/DEBUG] [FML/]: Gathering id map for writing to world save world
[09:48:16] [Server thread/DEBUG] [FML/]: Gathering id map for writing to world save world
[09:49:01] [Server thread/DEBUG] [FML/]: Gathering id map for writing to world save world
[09:49:46] [Server thread/DEBUG] [FML/]: Gathering id map for writing to world save world
[09:50:31] [Server thread/DEBUG] [FML/]: Gathering id map for writing to world save world
[09:51:16] [Server thread/DEBUG] [FML/]: Gathering id map for writing to world save world
[09:52:01] [Server thread/DEBUG] [FML/]: Gathering id map for writing to world save world
[09:52:46] [Server thread/DEBUG] [FML/]: Gathering id map for writing to world save world
[09:53:31] [Server thread/DEBUG] [FML/]: Gathering id map for writing to world save world
[09:54:16] [Server thread/DEBUG] [FML/]: Gathering id map for writing to world save world
[09:55:01] [Server thread/DEBUG] [FML/]: Gathering id map for writing to world save world
[09:55:46] [Server thread/DEBUG] [FML/]: Gathering id map for writing to world save world
[09:56:31] [Server thread/DEBUG] [FML/]: Gathering id map for writing to world save world
[09:57:16] [Server thread/DEBUG] [FML/]: Gathering id map for writing to world save world
[09:58:01] [Server thread/DEBUG] [FML/]: Gathering id map for writing to world save world
[09:58:46] [Server thread/DEBUG] [FML/]: Gathering id map for writing to world save world
[09:59:31] [Server thread/DEBUG] [FML/]: Gathering id map for writing to world save world
[10:00:16] [Server thread/DEBUG] [FML/]: Gathering id map for writing to world save world
[10:01:01] [Server thread/DEBUG] [FML/]: Gathering id map for writing to world save world
[10:01:46] [Server thread/DEBUG] [FML/]: Gathering id map for writing to world save world
[10:02:31] [Server thread/DEBUG] [FML/]: Gathering id map for writing to world save world
[10:03:16] [Server thread/DEBUG] [FML/]: Gathering id map for writing to world save world
[10:04:01] [Server thread/DEBUG] [FML/]: Gathering id map for writing to world save world
[10:04:46] [Server thread/DEBUG] [FML/]: Gathering id map for writing to world save world
[10:05:31] [Server thread/DEBUG] [FML/]: Gathering id map for writing to world save world
[10:06:16] [Server thread/DEBUG] [FML/]: Gathering id map for writing to world save world
[10:07:01] [Server thread/DEBUG] [FML/]: Gathering id map for writing to world save world
[10:07:46] [Server thread/DEBUG] [FML/]: Gathering id map for writing to world save world
[10:08:31] [Server thread/DEBUG] [FML/]: Gathering id map for writing to world save world
[10:09:16] [Server thread/DEBUG] [FML/]: Gathering id map for writing to world save world
[10:10:01] [Server thread/DEBUG] [FML/]: Gathering id map for writing to world save world
[10:10:46] [Server thread/DEBUG] [FML/]: Gathering id map for writing to world save world
[10:11:31] [Server thread/DEBUG] [FML/]: Gathering id map for writing to world save world
[10:12:16] [Server thread/DEBUG] [FML/]: Gathering id map for writing to world save world
[10:13:01] [Server thread/DEBUG] [FML/]: Gathering id map for writing to world save world
[10:13:46] [Server thread/DEBUG] [FML/]: Gathering id map for writing to world save world
[10:14:31] [Server thread/DEBUG] [FML/]: Gathering id map for writing to world save world
[10:15:16] [Server thread/DEBUG] [FML/]: Gathering id map for writing to world save world
[10:16:01] [Server thread/DEBUG] [FML/]: Gathering id map for writing to world save world
[10:16:46] [Server thread/DEBUG] [FML/]: Gathering id map for writing to world save world
[10:17:31] [Server thread/DEBUG] [FML/]: Gathering id map for writing to world save world
[10:18:16] [Server thread/DEBUG] [FML/]: Gathering id map for writing to world save world
[10:19:01] [Server thread/DEBUG] [FML/]: Gathering id map for writing to world save world
[10:19:46] [Server thread/DEBUG] [FML/]: Gathering id map for writing to world save world
[10:20:31] [Server thread/DEBUG] [FML/]: Gathering id map for writing to world save world
[10:21:16] [Server thread/DEBUG] [FML/]: Gathering id map for writing to world save world
[10:22:01] [Server thread/DEBUG] [FML/]: Gathering id map for writing to world save world
[10:22:46] [Server thread/DEBUG] [FML/]: Gathering id map for writing to world save world
[10:23:31] [Server thread/DEBUG] [FML/]: Gathering id map for writing to world save world
[10:24:16] [Server thread/DEBUG] [FML/]: Gathering id map for writing to world save world
[10:25:01] [Server thread/DEBUG] [FML/]: Gathering id map for writing to world save world
[10:25:46] [Server thread/DEBUG] [FML/]: Gathering id map for writing to world save world
[10:26:31] [Server thread/DEBUG] [FML/]: Gathering id map for writing to world save world
[10:27:16] [Server thread/DEBUG] [FML/]: Gathering id map for writing to world save world
[10:28:01] [Server thread/DEBUG] [FML/]: Gathering id map for writing to world save world
[10:28:46] [Server thread/DEBUG] [FML/]: Gathering id map for writing to world save world
[10:29:31] [Server thread/DEBUG] [FML/]: Gathering id map for writing to world save world
[10:30:16] [Server thread/DEBUG] [FML/]: Gathering id map for writing to world save world
[10:31:01] [Server thread/DEBUG] [FML/]: Gathering id map for writing to world save world
[10:31:46] [Server thread/DEBUG] [FML/]: Gathering id map for writing to world save world
[10:32:31] [Server thread/DEBUG] [FML/]: Gathering id map for writing to world save world
[10:33:16] [Server thread/DEBUG] [FML/]: Gathering id map for writing to world save world
[10:34:01] [Server thread/DEBUG] [FML/]: Gathering id map for writing to world save world
[10:34:46] [Server thread/DEBUG] [FML/]: Gathering id map for writing to world save world
[10:35:31] [Server thread/DEBUG] [FML/]: Gathering id map for writing to world save world
[10:36:16] [Server thread/DEBUG] [FML/]: Gathering id map for writing to world save world
[10:37:01] [Server thread/DEBUG] [FML/]: Gathering id map for writing to world save world
[10:37:46] [Server thread/DEBUG] [FML/]: Gathering id map for writing to world save world
[10:38:31] [Server thread/DEBUG] [FML/]: Gathering id map for writing to world save world
[10:39:16] [Server thread/DEBUG] [FML/]: Gathering id map for writing to world save world
[10:40:01] [Server thread/DEBUG] [FML/]: Gathering id map for writing to world save world
[10:40:46] [Server thread/DEBUG] [FML/]: Gathering id map for writing to world save world
[10:41:31] [Server thread/DEBUG] [FML/]: Gathering id map for writing to world save world
[10:42:16] [Server thread/DEBUG] [FML/]: Gathering id map for writing to world save world
[10:43:01] [Server thread/DEBUG] [FML/]: Gathering id map for writing to world save world
[10:43:46] [Server thread/DEBUG] [FML/]: Gathering id map for writing to world save world
[10:44:31] [Server thread/DEBUG] [FML/]: Gathering id map for writing to world save world
[10:45:16] [Server thread/DEBUG] [FML/]: Gathering id map for writing to world save world
[10:46:01] [Server thread/DEBUG] [FML/]: Gathering id map for writing to world save world
[10:46:46] [Server thread/DEBUG] [FML/]: Gathering id map for writing to world save world
[10:47:31] [Server thread/DEBUG] [FML/]: Gathering id map for writing to world save world
[10:48:16] [Server thread/DEBUG] [FML/]: Gathering id map for writing to world save world
[10:49:01] [Server thread/DEBUG] [FML/]: Gathering id map for writing to world save world
[10:49:46] [Server thread/DEBUG] [FML/]: Gathering id map for writing to world save world
[10:50:31] [Server thread/DEBUG] [FML/]: Gathering id map for writing to world save world
[10:51:16] [Server thread/DEBUG] [FML/]: Gathering id map for writing to world save world
[10:52:01] [Server thread/DEBUG] [FML/]: Gathering id map for writing to world save world
[10:52:46] [Server thread/DEBUG] [FML/]: Gathering id map for writing to world save world
[10:53:31] [Server thread/DEBUG] [FML/]: Gathering id map for writing to world save world
[10:54:16] [Server thread/DEBUG] [FML/]: Gathering id map for writing to world save world
[10:55:01] [Server thread/DEBUG] [FML/]: Gathering id map for writing to world save world
[10:55:46] [Server thread/DEBUG] [FML/]: Gathering id map for writing to world save world
[10:56:31] [Server thread/DEBUG] [FML/]: Gathering id map for writing to world save world
[10:57:16] [Server thread/DEBUG] [FML/]: Gathering id map for writing to world save world
[10:58:01] [Server thread/DEBUG] [FML/]: Gathering id map for writing to world save world
[10:58:46] [Server thread/DEBUG] [FML/]: Gathering id map for writing to world save world
[10:59:31] [Server thread/DEBUG] [FML/]: Gathering id map for writing to world save world
[11:00:16] [Server thread/DEBUG] [FML/]: Gathering id map for writing to world save world
[11:01:01] [Server thread/DEBUG] [FML/]: Gathering id map for writing to world save world
[11:01:46] [Server thread/DEBUG] [FML/]: Gathering id map for writing to world save world
[11:02:31] [Server thread/DEBUG] [FML/]: Gathering id map for writing to world save world
[11:03:16] [Server thread/DEBUG] [FML/]: Gathering id map for writing to world save world
[11:04:01] [Server thread/DEBUG] [FML/]: Gathering id map for writing to world save world
[11:04:46] [Server thread/DEBUG] [FML/]: Gathering id map for writing to world save world
[11:05:31] [Server thread/DEBUG] [FML/]: Gathering id map for writing to world save world
[11:06:16] [Server thread/DEBUG] [FML/]: Gathering id map for writing to world save world
[11:07:01] [Server thread/DEBUG] [FML/]: Gathering id map for writing to world save world
[11:07:46] [Server thread/DEBUG] [FML/]: Gathering id map for writing to world save world
[11:08:31] [Server thread/DEBUG] [FML/]: Gathering id map for writing to world save world
[11:09:16] [Server thread/DEBUG] [FML/]: Gathering id map for writing to world save world
[11:10:01] [Server thread/DEBUG] [FML/]: Gathering id map for writing to world save world
[11:10:46] [Server thread/DEBUG] [FML/]: Gathering id map for writing to world save world
[11:11:31] [Server thread/DEBUG] [FML/]: Gathering id map for writing to world save world
[11:12:16] [Server thread/DEBUG] [FML/]: Gathering id map for writing to world save world
[11:13:01] [Server thread/DEBUG] [FML/]: Gathering id map for writing to world save world
[11:13:46] [Server thread/DEBUG] [FML/]: Gathering id map for writing to world save world
[11:14:31] [Server thread/DEBUG] [FML/]: Gathering id map for writing to world save world
[11:15:16] [Server thread/DEBUG] [FML/]: Gathering id map for writing to world save world
[11:16:01] [Server thread/DEBUG] [FML/]: Gathering id map for writing to world save world
[11:16:46] [Server thread/DEBUG] [FML/]: Gathering id map for writing to world save world
[11:17:31] [Server thread/DEBUG] [FML/]: Gathering id map for writing to world save world
[11:18:16] [Server thread/DEBUG] [FML/]: Gathering id map for writing to world save world
[11:19:01] [Server thread/DEBUG] [FML/]: Gathering id map for writing to world save world
[11:19:46] [Server thread/DEBUG] [FML/]: Gathering id map for writing to world save world
[11:20:31] [Server thread/DEBUG] [FML/]: Gathering id map for writing to world save world
[11:21:16] [Server thread/DEBUG] [FML/]: Gathering id map for writing to world save world
[11:22:01] [Server thread/DEBUG] [FML/]: Gathering id map for writing to world save world
[11:22:46] [Server thread/DEBUG] [FML/]: Gathering id map for writing to world save world
[11:23:31] [Server thread/DEBUG] [FML/]: Gathering id map for writing to world save world
[11:24:16] [Server thread/DEBUG] [FML/]: Gathering id map for writing to world save world
[11:25:01] [Server thread/DEBUG] [FML/]: Gathering id map for writing to world save world
[11:25:46] [Server thread/DEBUG] [FML/]: Gathering id map for writing to world save world
[11:26:31] [Server thread/DEBUG] [FML/]: Gathering id map for writing to world save world
[11:27:16] [Server thread/DEBUG] [FML/]: Gathering id map for writing to world save world
[11:28:01] [Server thread/DEBUG] [FML/]: Gathering id map for writing to world save world
[11:28:46] [Server thread/DEBUG] [FML/]: Gathering id map for writing to world save world
[11:29:31] [Server thread/DEBUG] [FML/]: Gathering id map for writing to world save world
[11:30:16] [Server thread/DEBUG] [FML/]: Gathering id map for writing to world save world
[11:31:01] [Server thread/DEBUG] [FML/]: Gathering id map for writing to world save world
[11:31:46] [Server thread/DEBUG] [FML/]: Gathering id map for writing to world save world
[11:32:31] [Server thread/DEBUG] [FML/]: Gathering id map for writing to world save world
[11:33:16] [Server thread/DEBUG] [FML/]: Gathering id map for writing to world save world
[11:34:01] [Server thread/DEBUG] [FML/]: Gathering id map for writing to world save world
[11:34:46] [Server thread/DEBUG] [FML/]: Gathering id map for writing to world save world
[11:35:31] [Server thread/DEBUG] [FML/]: Gathering id map for writing to world save world
[11:36:16] [Server thread/DEBUG] [FML/]: Gathering id map for writing to world save world
[11:37:01] [Server thread/DEBUG] [FML/]: Gathering id map for writing to world save world
[11:37:46] [Server thread/DEBUG] [FML/]: Gathering id map for writing to world save world
[11:38:31] [Server thread/DEBUG] [FML/]: Gathering id map for writing to world save world
[11:39:16] [Server thread/DEBUG] [FML/]: Gathering id map for writing to world save world
[11:40:01] [Server thread/DEBUG] [FML/]: Gathering id map for writing to world save world
[11:40:46] [Server thread/DEBUG] [FML/]: Gathering id map for writing to world save world
[11:41:31] [Server thread/DEBUG] [FML/]: Gathering id map for writing to world save world
[11:42:16] [Server thread/DEBUG] [FML/]: Gathering id map for writing to world save world
[11:43:01] [Server thread/DEBUG] [FML/]: Gathering id map for writing to world save world
[11:43:46] [Server thread/DEBUG] [FML/]: Gathering id map for writing to world save world
[11:44:31] [Server thread/DEBUG] [FML/]: Gathering id map for writing to world save world
[11:45:16] [Server thread/DEBUG] [FML/]: Gathering id map for writing to world save world
[11:46:01] [Server thread/DEBUG] [FML/]: Gathering id map for writing to world save world
[11:46:46] [Server thread/DEBUG] [FML/]: Gathering id map for writing to world save world
[11:47:31] [Server thread/DEBUG] [FML/]: Gathering id map for writing to world save world
[11:48:16] [Server thread/DEBUG] [FML/]: Gathering id map for writing to world save world
[11:49:01] [Server thread/DEBUG] [FML/]: Gathering id map for writing to world save world
[11:49:46] [Server thread/DEBUG] [FML/]: Gathering id map for writing to world save world
[11:50:31] [Server thread/DEBUG] [FML/]: Gathering id map for writing to world save world
[11:51:16] [Server thread/DEBUG] [FML/]: Gathering id map for writing to world save world
[11:52:01] [Server thread/DEBUG] [FML/]: Gathering id map for writing to world save world
[11:52:46] [Server thread/DEBUG] [FML/]: Gathering id map for writing to world save world
[11:53:31] [Server thread/DEBUG] [FML/]: Gathering id map for writing to world save world
[11:54:16] [Server thread/DEBUG] [FML/]: Gathering id map for writing to world save world
[11:55:01] [Server thread/DEBUG] [FML/]: Gathering id map for writing to world save world
[11:55:46] [Server thread/DEBUG] [FML/]: Gathering id map for writing to world save world
[11:56:31] [Server thread/DEBUG] [FML/]: Gathering id map for writing to world save world
[11:57:16] [Server thread/DEBUG] [FML/]: Gathering id map for writing to world save world
[11:58:01] [Server thread/DEBUG] [FML/]: Gathering id map for writing to world save world
[11:58:46] [Server thread/DEBUG] [FML/]: Gathering id map for writing to world save world
[11:59:31] [Server thread/DEBUG] [FML/]: Gathering id map for writing to world save world
[12:00:16] [Server thread/DEBUG] [FML/]: Gathering id map for writing to world save world
[12:01:01] [Server thread/DEBUG] [FML/]: Gathering id map for writing to world save world
[12:01:46] [Server thread/DEBUG] [FML/]: Gathering id map for writing to world save world
[12:02:31] [Server thread/DEBUG] [FML/]: Gathering id map for writing to world save world
[12:03:16] [Server thread/DEBUG] [FML/]: Gathering id map for writing to world save world
[12:04:01] [Server thread/DEBUG] [FML/]: Gathering id map for writing to world save world
[12:04:46] [Server thread/DEBUG] [FML/]: Gathering id map for writing to world save world
[12:05:31] [Server thread/DEBUG] [FML/]: Gathering id map for writing to world save world
[12:06:16] [Server thread/DEBUG] [FML/]: Gathering id map for writing to world save world
[12:07:01] [Server thread/DEBUG] [FML/]: Gathering id map for writing to world save world
[12:07:46] [Server thread/DEBUG] [FML/]: Gathering id map for writing to world save world
[12:08:31] [Server thread/DEBUG] [FML/]: Gathering id map for writing to world save world
[12:09:16] [Server thread/DEBUG] [FML/]: Gathering id map for writing to world save world
[12:10:01] [Server thread/DEBUG] [FML/]: Gathering id map for writing to world save world
[12:10:46] [Server thread/DEBUG] [FML/]: Gathering id map for writing to world save world
[12:11:31] [Server thread/DEBUG] [FML/]: Gathering id map for writing to world save world
[12:12:16] [Server thread/DEBUG] [FML/]: Gathering id map for writing to world save world
[12:13:01] [Server thread/DEBUG] [FML/]: Gathering id map for writing to world save world
[12:13:46] [Server thread/DEBUG] [FML/]: Gathering id map for writing to world save world
[12:14:31] [Server thread/DEBUG] [FML/]: Gathering id map for writing to world save world
[12:15:16] [Server thread/DEBUG] [FML/]: Gathering id map for writing to world save world
[12:16:01] [Server thread/DEBUG] [FML/]: Gathering id map for writing to world save world
[12:16:46] [Server thread/DEBUG] [FML/]: Gathering id map for writing to world save world
[12:17:31] [Server thread/DEBUG] [FML/]: Gathering id map for writing to world save world
[12:18:16] [Server thread/DEBUG] [FML/]: Gathering id map for writing to world save world
[12:19:01] [Server thread/DEBUG] [FML/]: Gathering id map for writing to world save world
[12:19:46] [Server thread/DEBUG] [FML/]: Gathering id map for writing to world save world
[12:20:31] [Server thread/DEBUG] [FML/]: Gathering id map for writing to world save world
[12:21:16] [Server thread/DEBUG] [FML/]: Gathering id map for writing to world save world
[12:22:01] [Server thread/DEBUG] [FML/]: Gathering id map for writing to world save world
[12:22:46] [Server thread/DEBUG] [FML/]: Gathering id map for writing to world save world
[12:23:31] [Server thread/DEBUG] [FML/]: Gathering id map for writing to world save world
[12:24:16] [Server thread/DEBUG] [FML/]: Gathering id map for writing to world save world
[12:25:01] [Server thread/DEBUG] [FML/]: Gathering id map for writing to world save world
[12:25:46] [Server thread/DEBUG] [FML/]: Gathering id map for writing to world save world
[12:26:31] [Server thread/DEBUG] [FML/]: Gathering id map for writing to world save world
[12:27:16] [Server thread/DEBUG] [FML/]: Gathering id map for writing to world save world
[12:28:01] [Server thread/DEBUG] [FML/]: Gathering id map for writing to world save world
[12:28:46] [Server thread/DEBUG] [FML/]: Gathering id map for writing to world save world
[12:29:31] [Server thread/DEBUG] [FML/]: Gathering id map for writing to world save world
[12:30:16] [Server thread/DEBUG] [FML/]: Gathering id map for writing to world save world
[12:31:01] [Server thread/DEBUG] [FML/]: Gathering id map for writing to world save world
[12:31:46] [Server thread/DEBUG] [FML/]: Gathering id map for writing to world save world
[12:32:31] [Server thread/DEBUG] [FML/]: Gathering id map for writing to world save world
[12:33:16] [Server thread/DEBUG] [FML/]: Gathering id map for writing to world save world
[12:34:01] [Server thread/DEBUG] [FML/]: Gathering id map for writing to world save world
[12:34:46] [Server thread/DEBUG] [FML/]: Gathering id map for writing to world save world
[12:35:31] [Server thread/DEBUG] [FML/]: Gathering id map for writing to world save world
[12:36:16] [Server thread/DEBUG] [FML/]: Gathering id map for writing to world save world
[12:37:01] [Server thread/DEBUG] [FML/]: Gathering id map for writing to world save world
[12:37:46] [Server thread/DEBUG] [FML/]: Gathering id map for writing to world save world
[12:38:31] [Server thread/DEBUG] [FML/]: Gathering id map for writing to world save world
[12:39:16] [Server thread/DEBUG] [FML/]: Gathering id map for writing to world save world
[12:40:01] [Server thread/DEBUG] [FML/]: Gathering id map for writing to world save world
[12:40:46] [Server thread/DEBUG] [FML/]: Gathering id map for writing to world save world
[12:41:31] [Server thread/DEBUG] [FML/]: Gathering id map for writing to world save world
[12:42:16] [Server thread/DEBUG] [FML/]: Gathering id map for writing to world save world
[12:43:01] [Server thread/DEBUG] [FML/]: Gathering id map for writing to world save world
[12:43:46] [Server thread/DEBUG] [FML/]: Gathering id map for writing to world save world
[12:44:31] [Server thread/DEBUG] [FML/]: Gathering id map for writing to world save world
[12:45:16] [Server thread/DEBUG] [FML/]: Gathering id map for writing to world save world
[12:46:01] [Server thread/DEBUG] [FML/]: Gathering id map for writing to world save world
[12:46:46] [Server thread/DEBUG] [FML/]: Gathering id map for writing to world save world
[12:47:31] [Server thread/DEBUG] [FML/]: Gathering id map for writing to world save world
[12:48:16] [Server thread/DEBUG] [FML/]: Gathering id map for writing to world save world
[12:49:01] [Server thread/DEBUG] [FML/]: Gathering id map for writing to world save world
[12:49:46] [Server thread/DEBUG] [FML/]: Gathering id map for writing to world save world
[12:50:31] [Server thread/DEBUG] [FML/]: Gathering id map for writing to world save world
[12:51:16] [Server thread/DEBUG] [FML/]: Gathering id map for writing to world save world
[12:52:01] [Server thread/DEBUG] [FML/]: Gathering id map for writing to world save world
[12:52:46] [Server thread/DEBUG] [FML/]: Gathering id map for writing to world save world
[12:53:31] [Server thread/DEBUG] [FML/]: Gathering id map for writing to world save world
[12:54:16] [Server thread/DEBUG] [FML/]: Gathering id map for writing to world save world
[12:55:01] [Server thread/DEBUG] [FML/]: Gathering id map for writing to world save world
[12:55:46] [Server thread/DEBUG] [FML/]: Gathering id map for writing to world save world
[12:56:31] [Server thread/DEBUG] [FML/]: Gathering id map for writing to world save world
[12:57:16] [Server thread/DEBUG] [FML/]: Gathering id map for writing to world save world
[12:58:01] [Server thread/DEBUG] [FML/]: Gathering id map for writing to world save world
[12:58:46] [Server thread/DEBUG] [FML/]: Gathering id map for writing to world save world
[12:59:31] [Server thread/DEBUG] [FML/]: Gathering id map for writing to world save world
[13:00:16] [Server thread/DEBUG] [FML/]: Gathering id map for writing to world save world
[13:01:01] [Server thread/DEBUG] [FML/]: Gathering id map for writing to world save world
[13:01:46] [Server thread/DEBUG] [FML/]: Gathering id map for writing to world save world
[13:02:31] [Server thread/DEBUG] [FML/]: Gathering id map for writing to world save world
[13:03:16] [Server thread/DEBUG] [FML/]: Gathering id map for writing to world save world
[13:04:01] [Server thread/DEBUG] [FML/]: Gathering id map for writing to world save world
[13:04:46] [Server thread/DEBUG] [FML/]: Gathering id map for writing to world save world
[13:05:31] [Server thread/DEBUG] [FML/]: Gathering id map for writing to world save world
[13:06:16] [Server thread/DEBUG] [FML/]: Gathering id map for writing to world save world
[13:07:01] [Server thread/DEBUG] [FML/]: Gathering id map for writing to world save world
[13:07:46] [Server thread/DEBUG] [FML/]: Gathering id map for writing to world save world
[13:08:31] [Server thread/DEBUG] [FML/]: Gathering id map for writing to world save world
[13:09:16] [Server thread/DEBUG] [FML/]: Gathering id map for writing to world save world
[13:10:01] [Server thread/DEBUG] [FML/]: Gathering id map for writing to world save world
[13:10:46] [Server thread/DEBUG] [FML/]: Gathering id map for writing to world save world
[13:11:31] [Server thread/DEBUG] [FML/]: Gathering id map for writing to world save world
[13:12:16] [Server thread/DEBUG] [FML/]: Gathering id map for writing to world save world
[13:13:01] [Server thread/DEBUG] [FML/]: Gathering id map for writing to world save world
[13:13:46] [Server thread/DEBUG] [FML/]: Gathering id map for writing to world save world
[13:14:31] [Server thread/DEBUG] [FML/]: Gathering id map for writing to world save world
[13:15:16] [Server thread/DEBUG] [FML/]: Gathering id map for writing to world save world
[13:16:01] [Server thread/DEBUG] [FML/]: Gathering id map for writing to world save world
[13:16:46] [Server thread/DEBUG] [FML/]: Gathering id map for writing to world save world
[13:17:31] [Server thread/DEBUG] [FML/]: Gathering id map for writing to world save world
[13:18:16] [Server thread/DEBUG] [FML/]: Gathering id map for writing to world save world
[13:19:01] [Server thread/DEBUG] [FML/]: Gathering id map for writing to world save world
[13:19:46] [Server thread/DEBUG] [FML/]: Gathering id map for writing to world save world
[13:20:31] [Server thread/DEBUG] [FML/]: Gathering id map for writing to world save world
[13:21:16] [Server thread/DEBUG] [FML/]: Gathering id map for writing to world save world
[13:22:01] [Server thread/DEBUG] [FML/]: Gathering id map for writing to world save world
[13:22:46] [Server thread/DEBUG] [FML/]: Gathering id map for writing to world save world
[13:23:31] [Server thread/DEBUG] [FML/]: Gathering id map for writing to world save world
[13:24:16] [Server thread/DEBUG] [FML/]: Gathering id map for writing to world save world
[13:25:01] [Server thread/DEBUG] [FML/]: Gathering id map for writing to world save world
[13:25:46] [Server thread/DEBUG] [FML/]: Gathering id map for writing to world save world
[13:26:31] [Server thread/DEBUG] [FML/]: Gathering id map for writing to world save world
[13:27:16] [Server thread/DEBUG] [FML/]: Gathering id map for writing to world save world
[13:28:01] [Server thread/DEBUG] [FML/]: Gathering id map for writing to world save world
[13:28:46] [Server thread/DEBUG] [FML/]: Gathering id map for writing to world save world
[13:29:31] [Server thread/DEBUG] [FML/]: Gathering id map for writing to world save world
[13:30:16] [Server thread/DEBUG] [FML/]: Gathering id map for writing to world save world
[13:31:01] [Server thread/DEBUG] [FML/]: Gathering id map for writing to world save world
[13:31:46] [Server thread/DEBUG] [FML/]: Gathering id map for writing to world save world
[13:32:31] [Server thread/DEBUG] [FML/]: Gathering id map for writing to world save world
[13:33:16] [Server thread/DEBUG] [FML/]: Gathering id map for writing to world save world
[13:34:01] [Server thread/DEBUG] [FML/]: Gathering id map for writing to world save world
[13:34:46] [Server thread/DEBUG] [FML/]: Gathering id map for writing to world save world
[13:35:31] [Server thread/DEBUG] [FML/]: Gathering id map for writing to world save world
[13:36:16] [Server thread/DEBUG] [FML/]: Gathering id map for writing to world save world
[13:37:01] [Server thread/DEBUG] [FML/]: Gathering id map for writing to world save world
[13:37:46] [Server thread/DEBUG] [FML/]: Gathering id map for writing to world save world
[13:38:31] [Server thread/DEBUG] [FML/]: Gathering id map for writing to world save world
[13:39:16] [Server thread/DEBUG] [FML/]: Gathering id map for writing to world save world
[13:40:01] [Server thread/DEBUG] [FML/]: Gathering id map for writing to world save world
[13:40:46] [Server thread/DEBUG] [FML/]: Gathering id map for writing to world save world
[13:41:31] [Server thread/DEBUG] [FML/]: Gathering id map for writing to world save world
[13:42:16] [Server thread/DEBUG] [FML/]: Gathering id map for writing to world save world
[13:43:01] [Server thread/DEBUG] [FML/]: Gathering id map for writing to world save world
[13:43:46] [Server thread/DEBUG] [FML/]: Gathering id map for writing to world save world
[13:44:31] [Server thread/DEBUG] [FML/]: Gathering id map for writing to world save world
[13:45:16] [Server thread/DEBUG] [FML/]: Gathering id map for writing to world save world
[13:46:01] [Server thread/DEBUG] [FML/]: Gathering id map for writing to world save world
[13:46:46] [Server thread/DEBUG] [FML/]: Gathering id map for writing to world save world
[13:47:31] [Server thread/DEBUG] [FML/]: Gathering id map for writing to world save world
[13:48:16] [Server thread/DEBUG] [FML/]: Gathering id map for writing to world save world
[13:49:01] [Server thread/DEBUG] [FML/]: Gathering id map for writing to world save world
[13:49:46] [Server thread/DEBUG] [FML/]: Gathering id map for writing to world save world
[13:50:31] [Server thread/DEBUG] [FML/]: Gathering id map for writing to world save world
[13:51:16] [Server thread/DEBUG] [FML/]: Gathering id map for writing to world save world
[13:52:01] [Server thread/DEBUG] [FML/]: Gathering id map for writing to world save world
[13:52:46] [Server thread/DEBUG] [FML/]: Gathering id map for writing to world save world
[13:53:31] [Server thread/DEBUG] [FML/]: Gathering id map for writing to world save world
[13:54:16] [Server thread/DEBUG] [FML/]: Gathering id map for writing to world save world
[13:55:01] [Server thread/DEBUG] [FML/]: Gathering id map for writing to world save world
[13:55:46] [Server thread/DEBUG] [FML/]: Gathering id map for writing to world save world
[13:56:31] [Server thread/DEBUG] [FML/]: Gathering id map for writing to world save world
[13:57:16] [Server thread/DEBUG] [FML/]: Gathering id map for writing to world save world
[13:58:01] [Server thread/DEBUG] [FML/]: Gathering id map for writing to world save world
[13:58:46] [Server thread/DEBUG] [FML/]: Gathering id map for writing to world save world
[13:59:31] [Server thread/DEBUG] [FML/]: Gathering id map for writing to world save world
[14:00:16] [Server thread/DEBUG] [FML/]: Gathering id map for writing to world save world
[14:01:01] [Server thread/DEBUG] [FML/]: Gathering id map for writing to world save world
[14:01:46] [Server thread/DEBUG] [FML/]: Gathering id map for writing to world save world
[14:02:31] [Server thread/DEBUG] [FML/]: Gathering id map for writing to world save world
[14:03:16] [Server thread/DEBUG] [FML/]: Gathering id map for writing to world save world
[14:04:01] [Server thread/DEBUG] [FML/]: Gathering id map for writing to world save world
[14:04:46] [Server thread/DEBUG] [FML/]: Gathering id map for writing to world save world
[14:05:31] [Server thread/DEBUG] [FML/]: Gathering id map for writing to world save world
[14:06:16] [Server thread/DEBUG] [FML/]: Gathering id map for writing to world save world
[14:07:01] [Server thread/DEBUG] [FML/]: Gathering id map for writing to world save world
[14:07:46] [Server thread/DEBUG] [FML/]: Gathering id map for writing to world save world
[14:08:31] [Server thread/DEBUG] [FML/]: Gathering id map for writing to world save world
[14:09:16] [Server thread/DEBUG] [FML/]: Gathering id map for writing to world save world
[14:10:01] [Server thread/DEBUG] [FML/]: Gathering id map for writing to world save world
[14:10:46] [Server thread/DEBUG] [FML/]: Gathering id map for writing to world save world
[14:11:31] [Server thread/DEBUG] [FML/]: Gathering id map for writing to world save world
[14:12:16] [Server thread/DEBUG] [FML/]: Gathering id map for writing to world save world
[14:13:01] [Server thread/DEBUG] [FML/]: Gathering id map for writing to world save world
[14:13:46] [Server thread/DEBUG] [FML/]: Gathering id map for writing to world save world
[14:14:31] [Server thread/DEBUG] [FML/]: Gathering id map for writing to world save world
[14:15:16] [Server thread/DEBUG] [FML/]: Gathering id map for writing to world save world
[14:16:01] [Server thread/DEBUG] [FML/]: Gathering id map for writing to world save world
[14:16:46] [Server thread/DEBUG] [FML/]: Gathering id map for writing to world save world
[14:17:31] [Server thread/DEBUG] [FML/]: Gathering id map for writing to world save world
[14:18:16] [Server thread/DEBUG] [FML/]: Gathering id map for writing to world save world
[14:19:01] [Server thread/DEBUG] [FML/]: Gathering id map for writing to world save world
[14:19:46] [Server thread/DEBUG] [FML/]: Gathering id map for writing to world save world
[14:20:31] [Server thread/DEBUG] [FML/]: Gathering id map for writing to world save world
[14:21:16] [Server thread/DEBUG] [FML/]: Gathering id map for writing to world save world
[14:22:01] [Server thread/DEBUG] [FML/]: Gathering id map for writing to world save world
[14:22:46] [Server thread/DEBUG] [FML/]: Gathering id map for writing to world save world
[14:23:31] [Server thread/DEBUG] [FML/]: Gathering id map for writing to world save world
[14:24:16] [Server thread/DEBUG] [FML/]: Gathering id map for writing to world save world
[14:25:01] [Server thread/DEBUG] [FML/]: Gathering id map for writing to world save world
[14:25:46] [Server thread/DEBUG] [FML/]: Gathering id map for writing to world save world
[14:26:31] [Server thread/DEBUG] [FML/]: Gathering id map for writing to world save world
[14:27:16] [Server thread/DEBUG] [FML/]: Gathering id map for writing to world save world
[14:28:01] [Server thread/DEBUG] [FML/]: Gathering id map for writing to world save world
[14:28:46] [Server thread/DEBUG] [FML/]: Gathering id map for writing to world save world
[14:29:31] [Server thread/DEBUG] [FML/]: Gathering id map for writing to world save world
[14:30:16] [Server thread/DEBUG] [FML/]: Gathering id map for writing to world save world
[14:31:01] [Server thread/DEBUG] [FML/]: Gathering id map for writing to world save world
[14:31:46] [Server thread/DEBUG] [FML/]: Gathering id map for writing to world save world
[14:32:31] [Server thread/DEBUG] [FML/]: Gathering id map for writing to world save world
[14:33:16] [Server thread/DEBUG] [FML/]: Gathering id map for writing to world save world
[14:34:01] [Server thread/DEBUG] [FML/]: Gathering id map for writing to world save world
[14:34:46] [Server thread/DEBUG] [FML/]: Gathering id map for writing to world save world
[14:35:31] [Server thread/DEBUG] [FML/]: Gathering id map for writing to world save world
[14:36:16] [Server thread/DEBUG] [FML/]: Gathering id map for writing to world save world
[14:37:01] [Server thread/DEBUG] [FML/]: Gathering id map for writing to world save world
[14:37:46] [Server thread/DEBUG] [FML/]: Gathering id map for writing to world save world
[14:38:31] [Server thread/DEBUG] [FML/]: Gathering id map for writing to world save world
[14:39:16] [Server thread/DEBUG] [FML/]: Gathering id map for writing to world save world
[14:40:01] [Server thread/DEBUG] [FML/]: Gathering id map for writing to world save world
[14:40:46] [Server thread/DEBUG] [FML/]: Gathering id map for writing to world save world
[14:41:31] [Server thread/DEBUG] [FML/]: Gathering id map for writing to world save world
[14:42:16] [Server thread/DEBUG] [FML/]: Gathering id map for writing to world save world
[14:43:01] [Server thread/DEBUG] [FML/]: Gathering id map for writing to world save world
[14:43:46] [Server thread/DEBUG] [FML/]: Gathering id map for writing to world save world
[14:44:31] [Server thread/DEBUG] [FML/]: Gathering id map for writing to world save world
[14:45:16] [Server thread/DEBUG] [FML/]: Gathering id map for writing to world save world
[14:46:01] [Server thread/DEBUG] [FML/]: Gathering id map for writing to world save world
[14:46:46] [Server thread/DEBUG] [FML/]: Gathering id map for writing to world save world
[14:47:31] [Server thread/DEBUG] [FML/]: Gathering id map for writing to world save world
[14:48:16] [Server thread/DEBUG] [FML/]: Gathering id map for writing to world save world
[14:49:01] [Server thread/DEBUG] [FML/]: Gathering id map for writing to world save world
[14:49:46] [Server thread/DEBUG] [FML/]: Gathering id map for writing to world save world
[14:50:31] [Server thread/DEBUG] [FML/]: Gathering id map for writing to world save world
[14:51:16] [Server thread/DEBUG] [FML/]: Gathering id map for writing to world save world
[14:52:01] [Server thread/DEBUG] [FML/]: Gathering id map for writing to world save world
[14:52:46] [Server thread/DEBUG] [FML/]: Gathering id map for writing to world save world
[14:53:31] [Server thread/DEBUG] [FML/]: Gathering id map for writing to world save world
[14:54:16] [Server thread/DEBUG] [FML/]: Gathering id map for writing to world save world
[14:55:01] [Server thread/DEBUG] [FML/]: Gathering id map for writing to world save world
[14:55:46] [Server thread/DEBUG] [FML/]: Gathering id map for writing to world save world
[14:56:31] [Server thread/DEBUG] [FML/]: Gathering id map for writing to world save world
[14:56:44] [Netty IO #1/TRACE] [FML/]: $ClientHello->FMLHandshakeServerState$2:HELLO
[14:56:44] [Netty IO #1/INFO] [FML/]: Client protocol version 2
[14:56:44] [Netty IO #1/TRACE] [FML/]: $ModList:19 mods->FMLHandshakeServerState$2:HELLO
[14:56:44] [Netty IO #1/INFO] [FML/]: Client attempting to join with 19 mods : mixingasm@0.3,gtnhmixins@2.2.0,NotEnoughItems@2.8.81-GTNH,angelica@2.1.7,mixinextras@0.2.1,FML@7.10.99.99,notfine@2.1.7,spongemixins@2.0.1,unimixins-compat@0.2.1,Forge@10.13.4.1614,mcpatcherforge@1.0.0-alpha,gtnhlib@0.9.45,CodeChickenCore@1.4.12,unimixins@0.2.1,GTNHLib Core@0.9.45,mixinbooterlegacy@1.2.1,mcp@9.05,OreSpawn@1.7.10.20.3,unimixins-mixin@0.2.1
[14:56:44] [Netty IO #1/INFO] [FML/]: Attempting connection with missing mods [] at CLIENT
[14:56:44] [Netty IO #1/TRACE] [FML/]: $HandshakeAck:{2}->FMLHandshakeServerState$3:WAITINGCACK
[14:56:44] [Netty IO #1/TRACE] [FML/]: $HandshakeAck:{3}->FMLHandshakeServerState$4:COMPLETE
[14:56:44] [Server thread/INFO] [FML/]: [Server thread] Server side modded connection established
[14:56:44] [Netty IO #1/TRACE] [FML/]: $HandshakeAck:{4}->FMLHandshakeServerState$5:DONE
[14:56:45] [Netty IO #1/TRACE] [FML/]: $HandshakeAck:{5}->FMLHandshakeServerState$5:DONE
[14:57:16] [Server thread/DEBUG] [FML/]: Gathering id map for writing to world save world
[14:58:01] [Server thread/DEBUG] [FML/]: Gathering id map for writing to world save world
[14:58:46] [Server thread/DEBUG] [FML/]: Gathering id map for writing to world save world
[14:59:31] [Server thread/DEBUG] [FML/]: Gathering id map for writing to world save world
[15:00:16] [Server thread/DEBUG] [FML/]: Gathering id map for writing to world save world
[15:01:01] [Server thread/DEBUG] [FML/]: Gathering id map for writing to world save world
[15:01:46] [Server thread/DEBUG] [FML/]: Gathering id map for writing to world save world
[15:02:31] [Server thread/DEBUG] [FML/]: Gathering id map for writing to world save world
[15:03:16] [Server thread/DEBUG] [FML/]: Gathering id map for writing to world save world
[15:04:01] [Server thread/DEBUG] [FML/]: Gathering id map for writing to world save world
[15:04:46] [Server thread/DEBUG] [FML/]: Gathering id map for writing to world save world
[15:05:31] [Server thread/DEBUG] [FML/]: Gathering id map for writing to world save world
[15:06:16] [Server thread/DEBUG] [FML/]: Gathering id map for writing to world save world
[15:07:01] [Server thread/DEBUG] [FML/]: Gathering id map for writing to world save world
[15:07:46] [Server thread/DEBUG] [FML/]: Gathering id map for writing to world save world
[15:08:31] [Server thread/DEBUG] [FML/]: Gathering id map for writing to world save world
[15:09:16] [Server thread/DEBUG] [FML/]: Gathering id map for writing to world save world
[15:10:01] [Server thread/DEBUG] [FML/]: Gathering id map for writing to world save world
[15:10:46] [Server thread/DEBUG] [FML/]: Gathering id map for writing to world save world
[15:11:31] [Server thread/DEBUG] [FML/]: Gathering id map for writing to world save world
[15:12:16] [Server thread/DEBUG] [FML/]: Gathering id map for writing to world save world
[15:13:01] [Server thread/DEBUG] [FML/]: Gathering id map for writing to world save world
[15:13:46] [Server thread/DEBUG] [FML/]: Gathering id map for writing to world save world
[15:14:31] [Server thread/DEBUG] [FML/]: Gathering id map for writing to world save world
[15:15:16] [Server thread/DEBUG] [FML/]: Gathering id map for writing to world save world
[15:16:01] [Server thread/DEBUG] [FML/]: Gathering id map for writing to world save world
[15:16:46] [Server thread/DEBUG] [FML/]: Gathering id map for writing to world save world
[15:17:31] [Server thread/DEBUG] [FML/]: Gathering id map for writing to world save world
[15:18:16] [Server thread/DEBUG] [FML/]: Gathering id map for writing to world save world
[15:19:01] [Server thread/DEBUG] [FML/]: Gathering id map for writing to world save world
[15:19:46] [Server thread/DEBUG] [FML/]: Gathering id map for writing to world save world
[15:20:31] [Server thread/DEBUG] [FML/]: Gathering id map for writing to world save world
[15:21:16] [Server thread/DEBUG] [FML/]: Gathering id map for writing to world save world
[15:22:01] [Server thread/DEBUG] [FML/]: Gathering id map for writing to world save world
[15:22:46] [Server thread/DEBUG] [FML/]: Gathering id map for writing to world save world
[15:23:31] [Server thread/DEBUG] [FML/]: Gathering id map for writing to world save world
[15:24:16] [Server thread/DEBUG] [FML/]: Gathering id map for writing to world save world
[15:25:01] [Server thread/DEBUG] [FML/]: Gathering id map for writing to world save world
[15:25:46] [Server thread/DEBUG] [FML/]: Gathering id map for writing to world save world
[15:26:31] [Server thread/DEBUG] [FML/]: Gathering id map for writing to world save world
[15:27:16] [Server thread/DEBUG] [FML/]: Gathering id map for writing to world save world
[15:28:01] [Server thread/DEBUG] [FML/]: Gathering id map for writing to world save world
[15:28:46] [Server thread/DEBUG] [FML/]: Gathering id map for writing to world save world
[15:29:31] [Server thread/DEBUG] [FML/]: Gathering id map for writing to world save world
[15:30:16] [Server thread/DEBUG] [FML/]: Gathering id map for writing to world save world
[15:31:01] [Server thread/DEBUG] [FML/]: Gathering id map for writing to world save world
[15:31:46] [Server thread/DEBUG] [FML/]: Gathering id map for writing to world save world
[15:32:31] [Server thread/DEBUG] [FML/]: Gathering id map for writing to world save world
[15:33:16] [Server thread/DEBUG] [FML/]: Gathering id map for writing to world save world
[15:34:01] [Server thread/DEBUG] [FML/]: Gathering id map for writing to world save world
[15:34:46] [Server thread/DEBUG] [FML/]: Gathering id map for writing to world save world
[15:35:31] [Server thread/DEBUG] [FML/]: Gathering id map for writing to world save world
[15:36:16] [Server thread/DEBUG] [FML/]: Gathering id map for writing to world save world
[15:37:01] [Server thread/DEBUG] [FML/]: Gathering id map for writing to world save world
[15:37:46] [Server thread/DEBUG] [FML/]: Gathering id map for writing to world save world
[15:38:31] [Server thread/DEBUG] [FML/]: Gathering id map for writing to world save world
[15:39:16] [Server thread/DEBUG] [FML/]: Gathering id map for writing to world save world
[15:40:01] [Server thread/DEBUG] [FML/]: Gathering id map for writing to world save world
[15:40:46] [Server thread/DEBUG] [FML/]: Gathering id map for writing to world save world
[15:41:31] [Server thread/DEBUG] [FML/]: Gathering id map for writing to world save world
[15:42:16] [Server thread/DEBUG] [FML/]: Gathering id map for writing to world save world
[15:43:01] [Server thread/DEBUG] [FML/]: Gathering id map for writing to world save world
[15:43:46] [Server thread/DEBUG] [FML/]: Gathering id map for writing to world save world
[15:44:31] [Server thread/DEBUG] [FML/]: Gathering id map for writing to world save world
[15:45:16] [Server thread/DEBUG] [FML/]: Gathering id map for writing to world save world
[15:46:01] [Server thread/DEBUG] [FML/]: Gathering id map for writing to world save world
[15:46:46] [Server thread/DEBUG] [FML/]: Gathering id map for writing to world save world
[15:47:31] [Server thread/DEBUG] [FML/]: Gathering id map for writing to world save world
[15:48:16] [Server thread/DEBUG] [FML/]: Gathering id map for writing to world save world
[15:49:01] [Server thread/DEBUG] [FML/]: Gathering id map for writing to world save world
[15:49:46] [Server thread/DEBUG] [FML/]: Gathering id map for writing to world save world
[15:50:31] [Server thread/DEBUG] [FML/]: Gathering id map for writing to world save world
[15:51:16] [Server thread/DEBUG] [FML/]: Gathering id map for writing to world save world
[15:52:01] [Server thread/DEBUG] [FML/]: Gathering id map for writing to world save world
[15:52:46] [Server thread/DEBUG] [FML/]: Gathering id map for writing to world save world
[15:53:31] [Server thread/DEBUG] [FML/]: Gathering id map for writing to world save world
[15:54:16] [Server thread/DEBUG] [FML/]: Gathering id map for writing to world save world
[15:55:01] [Server thread/DEBUG] [FML/]: Gathering id map for writing to world save world
[15:55:46] [Server thread/DEBUG] [FML/]: Gathering id map for writing to world save world
[15:56:31] [Server thread/DEBUG] [FML/]: Gathering id map for writing to world save world
[15:57:16] [Server thread/DEBUG] [FML/]: Gathering id map for writing to world save world
[15:58:01] [Server thread/DEBUG] [FML/]: Gathering id map for writing to world save world
[15:58:46] [Server thread/DEBUG] [FML/]: Gathering id map for writing to world save world
[15:59:31] [Server thread/DEBUG] [FML/]: Gathering id map for writing to world save world
[16:00:16] [Server thread/DEBUG] [FML/]: Gathering id map for writing to world save world
[16:01:01] [Server thread/DEBUG] [FML/]: Gathering id map for writing to world save world
[16:01:46] [Server thread/DEBUG] [FML/]: Gathering id map for writing to world save world
[16:02:31] [Server thread/DEBUG] [FML/]: Gathering id map for writing to world save world
[16:03:16] [Server thread/DEBUG] [FML/]: Gathering id map for writing to world save world
[16:04:01] [Server thread/DEBUG] [FML/]: Gathering id map for writing to world save world
[16:04:46] [Server thread/DEBUG] [FML/]: Gathering id map for writing to world save world
[16:05:31] [Server thread/DEBUG] [FML/]: Gathering id map for writing to world save world
[16:06:16] [Server thread/DEBUG] [FML/]: Gathering id map for writing to world save world
[16:07:01] [Server thread/DEBUG] [FML/]: Gathering id map for writing to world save world
[16:07:46] [Server thread/DEBUG] [FML/]: Gathering id map for writing to world save world
[16:08:31] [Server thread/DEBUG] [FML/]: Gathering id map for writing to world save world
[16:09:16] [Server thread/DEBUG] [FML/]: Gathering id map for writing to world save world
[16:10:01] [Server thread/DEBUG] [FML/]: Gathering id map for writing to world save world
[16:10:46] [Server thread/DEBUG] [FML/]: Gathering id map for writing to world save world
[16:11:31] [Server thread/DEBUG] [FML/]: Gathering id map for writing to world save world
[16:12:16] [Server thread/DEBUG] [FML/]: Gathering id map for writing to world save world
[16:13:01] [Server thread/DEBUG] [FML/]: Gathering id map for writing to world save world
[16:13:46] [Server thread/DEBUG] [FML/]: Gathering id map for writing to world save world
[16:14:31] [Server thread/DEBUG] [FML/]: Gathering id map for writing to world save world
[16:15:16] [Server thread/DEBUG] [FML/]: Gathering id map for writing to world save world
[16:16:01] [Server thread/DEBUG] [FML/]: Gathering id map for writing to world save world
[16:16:46] [Server thread/DEBUG] [FML/]: Gathering id map for writing to world save world
[16:17:31] [Server thread/DEBUG] [FML/]: Gathering id map for writing to world save world
[16:18:16] [Server thread/DEBUG] [FML/]: Gathering id map for writing to world save world
[16:19:01] [Server thread/DEBUG] [FML/]: Gathering id map for writing to world save world
[16:19:46] [Server thread/DEBUG] [FML/]: Gathering id map for writing to world save world
[16:20:31] [Server thread/DEBUG] [FML/]: Gathering id map for writing to world save world
[16:21:16] [Server thread/DEBUG] [FML/]: Gathering id map for writing to world save world
[16:22:01] [Server thread/DEBUG] [FML/]: Gathering id map for writing to world save world
[16:22:46] [Server thread/DEBUG] [FML/]: Gathering id map for writing to world save world
[16:23:31] [Server thread/DEBUG] [FML/]: Gathering id map for writing to world save world
[16:24:16] [Server thread/DEBUG] [FML/]: Gathering id map for writing to world save world
[16:25:01] [Server thread/DEBUG] [FML/]: Gathering id map for writing to world save world
[16:25:46] [Server thread/DEBUG] [FML/]: Gathering id map for writing to world save world
[16:26:31] [Server thread/DEBUG] [FML/]: Gathering id map for writing to world save world
[16:27:16] [Server thread/DEBUG] [FML/]: Gathering id map for writing to world save world
[16:28:01] [Server thread/DEBUG] [FML/]: Gathering id map for writing to world save world
[16:28:46] [Server thread/DEBUG] [FML/]: Gathering id map for writing to world save world
[16:29:31] [Server thread/DEBUG] [FML/]: Gathering id map for writing to world save world
[16:30:16] [Server thread/DEBUG] [FML/]: Gathering id map for writing to world save world
[16:31:01] [Server thread/DEBUG] [FML/]: Gathering id map for writing to world save world
[16:31:46] [Server thread/DEBUG] [FML/]: Gathering id map for writing to world save world
[16:32:31] [Server thread/DEBUG] [FML/]: Gathering id map for writing to world save world
[16:33:16] [Server thread/DEBUG] [FML/]: Gathering id map for writing to world save world
[16:34:01] [Server thread/DEBUG] [FML/]: Gathering id map for writing to world save world
[16:34:46] [Server thread/DEBUG] [FML/]: Gathering id map for writing to world save world
[16:35:31] [Server thread/DEBUG] [FML/]: Gathering id map for writing to world save world
[16:36:16] [Server thread/DEBUG] [FML/]: Gathering id map for writing to world save world
[16:37:01] [Server thread/DEBUG] [FML/]: Gathering id map for writing to world save world
[16:37:46] [Server thread/DEBUG] [FML/]: Gathering id map for writing to world save world
[16:38:31] [Server thread/DEBUG] [FML/]: Gathering id map for writing to world save world
[16:39:16] [Server thread/DEBUG] [FML/]: Gathering id map for writing to world save world
[16:40:01] [Server thread/DEBUG] [FML/]: Gathering id map for writing to world save world
[16:40:46] [Server thread/DEBUG] [FML/]: Gathering id map for writing to world save world
[16:41:31] [Server thread/DEBUG] [FML/]: Gathering id map for writing to world save world
[16:42:16] [Server thread/DEBUG] [FML/]: Gathering id map for writing to world save world
[16:43:01] [Server thread/DEBUG] [FML/]: Gathering id map for writing to world save world
[16:43:46] [Server thread/DEBUG] [FML/]: Gathering id map for writing to world save world
[16:44:31] [Server thread/DEBUG] [FML/]: Gathering id map for writing to world save world
[16:45:16] [Server thread/DEBUG] [FML/]: Gathering id map for writing to world save world
[16:46:01] [Server thread/DEBUG] [FML/]: Gathering id map for writing to world save world
[16:46:46] [Server thread/DEBUG] [FML/]: Gathering id map for writing to world save world
[16:47:31] [Server thread/DEBUG] [FML/]: Gathering id map for writing to world save world
[16:48:16] [Server thread/DEBUG] [FML/]: Gathering id map for writing to world save world
[16:49:01] [Server thread/DEBUG] [FML/]: Gathering id map for writing to world save world
[16:49:46] [Server thread/DEBUG] [FML/]: Gathering id map for writing to world save world
[16:50:31] [Server thread/DEBUG] [FML/]: Gathering id map for writing to world save world
[16:51:16] [Server thread/DEBUG] [FML/]: Gathering id map for writing to world save world
[16:52:01] [Server thread/DEBUG] [FML/]: Gathering id map for writing to world save world
[16:52:46] [Server thread/DEBUG] [FML/]: Gathering id map for writing to world save world
[16:53:31] [Server thread/DEBUG] [FML/]: Gathering id map for writing to world save world
[16:54:16] [Server thread/DEBUG] [FML/]: Gathering id map for writing to world save world
[16:55:01] [Server thread/DEBUG] [FML/]: Gathering id map for writing to world save world
[16:55:46] [Server thread/DEBUG] [FML/]: Gathering id map for writing to world save world
[16:56:31] [Server thread/DEBUG] [FML/]: Gathering id map for writing to world save world
[16:57:16] [Server thread/DEBUG] [FML/]: Gathering id map for writing to world save world
[16:58:01] [Server thread/DEBUG] [FML/]: Gathering id map for writing to world save world
[16:58:46] [Server thread/DEBUG] [FML/]: Gathering id map for writing to world save world
[16:59:31] [Server thread/DEBUG] [FML/]: Gathering id map for writing to world save world
[17:00:16] [Server thread/DEBUG] [FML/]: Gathering id map for writing to world save world
[17:01:01] [Server thread/DEBUG] [FML/]: Gathering id map for writing to world save world
[17:01:46] [Server thread/DEBUG] [FML/]: Gathering id map for writing to world save world
[17:02:31] [Server thread/DEBUG] [FML/]: Gathering id map for writing to world save world
[17:03:16] [Server thread/DEBUG] [FML/]: Gathering id map for writing to world save world
[17:04:01] [Server thread/DEBUG] [FML/]: Gathering id map for writing to world save world
[17:04:46] [Server thread/DEBUG] [FML/]: Gathering id map for writing to world save world
[17:05:31] [Server thread/DEBUG] [FML/]: Gathering id map for writing to world save world
[17:06:16] [Server thread/DEBUG] [FML/]: Gathering id map for writing to world save world
[17:07:01] [Server thread/DEBUG] [FML/]: Gathering id map for writing to world save world
[17:07:46] [Server thread/DEBUG] [FML/]: Gathering id map for writing to world save world
[17:08:31] [Server thread/DEBUG] [FML/]: Gathering id map for writing to world save world
[17:09:16] [Server thread/DEBUG] [FML/]: Gathering id map for writing to world save world
[17:10:01] [Server thread/DEBUG] [FML/]: Gathering id map for writing to world save world
[17:10:46] [Server thread/DEBUG] [FML/]: Gathering id map for writing to world save world
[17:11:31] [Server thread/DEBUG] [FML/]: Gathering id map for writing to world save world
[17:12:16] [Server thread/DEBUG] [FML/]: Gathering id map for writing to world save world
[17:13:01] [Server thread/DEBUG] [FML/]: Gathering id map for writing to world save world
[17:13:46] [Server thread/DEBUG] [FML/]: Gathering id map for writing to world save world
[17:14:31] [Server thread/DEBUG] [FML/]: Gathering id map for writing to world save world
[17:15:16] [Server thread/DEBUG] [FML/]: Gathering id map for writing to world save world
[17:16:01] [Server thread/DEBUG] [FML/]: Gathering id map for writing to world save world
[17:16:46] [Server thread/DEBUG] [FML/]: Gathering id map for writing to world save world
[17:17:31] [Server thread/DEBUG] [FML/]: Gathering id map for writing to world save world
[17:18:16] [Server thread/DEBUG] [FML/]: Gathering id map for writing to world save world
[17:19:01] [Server thread/DEBUG] [FML/]: Gathering id map for writing to world save world
[17:19:46] [Server thread/DEBUG] [FML/]: Gathering id map for writing to world save world
[17:20:31] [Server thread/DEBUG] [FML/]: Gathering id map for writing to world save world
[17:21:16] [Server thread/DEBUG] [FML/]: Gathering id map for writing to world save world
[17:22:01] [Server thread/DEBUG] [FML/]: Gathering id map for writing to world save world
[17:22:46] [Server thread/DEBUG] [FML/]: Gathering id map for writing to world save world
[17:23:31] [Server thread/DEBUG] [FML/]: Gathering id map for writing to world save world
[17:24:16] [Server thread/DEBUG] [FML/]: Gathering id map for writing to world save world
[17:25:01] [Server thread/DEBUG] [FML/]: Gathering id map for writing to world save world
[17:25:46] [Server thread/DEBUG] [FML/]: Gathering id map for writing to world save world
[17:26:31] [Server thread/DEBUG] [FML/]: Gathering id map for writing to world save world
[17:27:16] [Server thread/DEBUG] [FML/]: Gathering id map for writing to world save world
[17:28:01] [Server thread/DEBUG] [FML/]: Gathering id map for writing to world save world
[17:28:46] [Server thread/DEBUG] [FML/]: Gathering id map for writing to world save world
[17:29:31] [Server thread/DEBUG] [FML/]: Gathering id map for writing to world save world
[17:30:16] [Server thread/DEBUG] [FML/]: Gathering id map for writing to world save world
[17:31:01] [Server thread/DEBUG] [FML/]: Gathering id map for writing to world save world
[17:31:46] [Server thread/DEBUG] [FML/]: Gathering id map for writing to world save world
[17:32:31] [Server thread/DEBUG] [FML/]: Gathering id map for writing to world save world
[17:33:16] [Server thread/DEBUG] [FML/]: Gathering id map for writing to world save world
[17:34:01] [Server thread/DEBUG] [FML/]: Gathering id map for writing to world save world
[17:34:46] [Server thread/DEBUG] [FML/]: Gathering id map for writing to world save world
[17:35:31] [Server thread/DEBUG] [FML/]: Gathering id map for writing to world save world
[17:36:16] [Server thread/DEBUG] [FML/]: Gathering id map for writing to world save world
[17:37:01] [Server thread/DEBUG] [FML/]: Gathering id map for writing to world save world
[17:37:46] [Server thread/DEBUG] [FML/]: Gathering id map for writing to world save world
[17:38:31] [Server thread/DEBUG] [FML/]: Gathering id map for writing to world save world
[17:39:16] [Server thread/DEBUG] [FML/]: Gathering id map for writing to world save world
[17:40:01] [Server thread/DEBUG] [FML/]: Gathering id map for writing to world save world
[17:40:46] [Server thread/DEBUG] [FML/]: Gathering id map for writing to world save world
[17:41:31] [Server thread/DEBUG] [FML/]: Gathering id map for writing to world save world
[17:42:16] [Server thread/DEBUG] [FML/]: Gathering id map for writing to world save world
[17:43:01] [Server thread/DEBUG] [FML/]: Gathering id map for writing to world save world
[17:43:46] [Server thread/DEBUG] [FML/]: Gathering id map for writing to world save world
[17:44:31] [Server thread/DEBUG] [FML/]: Gathering id map for writing to world save world
[17:45:16] [Server thread/DEBUG] [FML/]: Gathering id map for writing to world save world
[17:46:01] [Server thread/DEBUG] [FML/]: Gathering id map for writing to world save world
[17:46:46] [Server thread/DEBUG] [FML/]: Gathering id map for writing to world save world
[17:47:31] [Server thread/DEBUG] [FML/]: Gathering id map for writing to world save world
[17:48:16] [Server thread/DEBUG] [FML/]: Gathering id map for writing to world save world
[17:49:01] [Server thread/DEBUG] [FML/]: Gathering id map for writing to world save world
[17:49:46] [Server thread/DEBUG] [FML/]: Gathering id map for writing to world save world
[17:50:31] [Server thread/DEBUG] [FML/]: Gathering id map for writing to world save world
[17:51:16] [Server thread/DEBUG] [FML/]: Gathering id map for writing to world save world
[17:52:01] [Server thread/DEBUG] [FML/]: Gathering id map for writing to world save world
[17:52:46] [Server thread/DEBUG] [FML/]: Gathering id map for writing to world save world
[17:53:31] [Server thread/DEBUG] [FML/]: Gathering id map for writing to world save world
[17:54:16] [Server thread/DEBUG] [FML/]: Gathering id map for writing to world save world
[17:55:01] [Server thread/DEBUG] [FML/]: Gathering id map for writing to world save world
[17:55:46] [Server thread/DEBUG] [FML/]: Gathering id map for writing to world save world
[17:56:31] [Server thread/DEBUG] [FML/]: Gathering id map for writing to world save world
[17:57:16] [Server thread/DEBUG] [FML/]: Gathering id map for writing to world save world
[17:58:01] [Server thread/DEBUG] [FML/]: Gathering id map for writing to world save world
[17:58:46] [Server thread/DEBUG] [FML/]: Gathering id map for writing to world save world
[17:59:31] [Server thread/DEBUG] [FML/]: Gathering id map for writing to world save world
[18:00:16] [Server thread/DEBUG] [FML/]: Gathering id map for writing to world save world
[18:01:01] [Server thread/DEBUG] [FML/]: Gathering id map for writing to world save world
[18:01:46] [Server thread/DEBUG] [FML/]: Gathering id map for writing to world save world
[18:02:31] [Server thread/DEBUG] [FML/]: Gathering id map for writing to world save world
[18:03:16] [Server thread/DEBUG] [FML/]: Gathering id map for writing to world save world
[18:04:01] [Server thread/DEBUG] [FML/]: Gathering id map for writing to world save world
[18:04:46] [Server thread/DEBUG] [FML/]: Gathering id map for writing to world save world
[18:05:31] [Server thread/DEBUG] [FML/]: Gathering id map for writing to world save world
[18:06:16] [Server thread/DEBUG] [FML/]: Gathering id map for writing to world save world
[18:07:01] [Server thread/DEBUG] [FML/]: Gathering id map for writing to world save world
[18:07:46] [Server thread/DEBUG] [FML/]: Gathering id map for writing to world save world
[18:08:31] [Server thread/DEBUG] [FML/]: Gathering id map for writing to world save world
[18:09:16] [Server thread/DEBUG] [FML/]: Gathering id map for writing to world save world
[18:10:01] [Server thread/DEBUG] [FML/]: Gathering id map for writing to world save world
[18:10:46] [Server thread/DEBUG] [FML/]: Gathering id map for writing to world save world
[18:11:31] [Server thread/DEBUG] [FML/]: Gathering id map for writing to world save world
[18:12:16] [Server thread/DEBUG] [FML/]: Gathering id map for writing to world save world
[18:13:01] [Server thread/DEBUG] [FML/]: Gathering id map for writing to world save world
