[21:13:47] [main/DEBUG] [FML/]: Injecting tracing printstreams for STDOUT/STDERR.
[21:13:47] [main/INFO] [FML/]: Forge Mod Loader version 7.99.40.1614 for Minecraft 1.7.10 loading
[21:13:47] [main/INFO] [FML/]: Java is OpenJDK 64-Bit Server VM, version 1.8.0_482, running on Linux:amd64:6.17.0-19-generic, installed at /usr/lib/jvm/java-8-openjdk-amd64/jre
[21:13:47] [main/DEBUG] [FML/]: Java classpath at launch is forge-1.7.10-10.13.4.1614-1.7.10-universal.jar
[21:13:47] [main/DEBUG] [FML/]: Java library path at launch is /usr/java/packages/lib/amd64:/usr/lib/x86_64-linux-gnu/jni:/lib/x86_64-linux-gnu:/usr/lib/x86_64-linux-gnu:/usr/lib/jni:/lib:/usr/lib
[21:13:47] [main/DEBUG] [FML/]: Enabling runtime deobfuscation
[21:13:47] [main/DEBUG] [FML/]: Instantiating coremod class FMLCorePlugin
[21:13:47] [main/DEBUG] [FML/]: Added access transformer class cpw.mods.fml.common.asm.transformers.AccessTransformer to enqueued access transformers
[21:13:47] [main/DEBUG] [FML/]: Enqueued coremod FMLCorePlugin
[21:13:47] [main/DEBUG] [FML/]: Instantiating coremod class FMLForgePlugin
[21:13:47] [main/DEBUG] [FML/]: Added access transformer class net.minecraftforge.transformers.ForgeAccessTransformer to enqueued access transformers
[21:13:47] [main/DEBUG] [FML/]: Enqueued coremod FMLForgePlugin
[21:13:47] [main/DEBUG] [FML/]: All fundamental core mods are successfully located
[21:13:47] [main/DEBUG] [FML/]: Attempting to load commandline specified mods, relative to /home/pit/Programas/Servers/PitCraft/instances/orespawn/.
[21:13:47] [main/DEBUG] [FML/]: Discovering coremods
[21:13:47] [main/DEBUG] [FML/]: Examining for coremod candidacy +unimixins-all-1.7.10-0.2.1.jar
[21:13:47] [main/INFO] [FML/]: Loading tweaker org.spongepowered.asm.launch.MixinTweaker from +unimixins-all-1.7.10-0.2.1.jar
[21:13:47] [main/DEBUG] [FML/]: Examining for coremod candidacy AIImprovements-1.7.10-0.0.1b8.jar
[21:13:47] [main/DEBUG] [FML/]: Not found coremod data in AIImprovements-1.7.10-0.0.1b8.jar
[21:13:47] [main/DEBUG] [FML/]: Examining for coremod candidacy archaicfix-0.7.9.jar
[21:13:47] [main/INFO] [FML/]: Loading tweaker org.spongepowered.asm.launch.MixinTweaker from archaicfix-0.7.9.jar
[21:13:47] [main/DEBUG] [FML/]: Examining for coremod candidacy BetterFps-1.0.1.jar
[21:13:47] [main/INFO] [FML/]: Loading tweaker me.guichaguri.betterfps.tweaker.BetterFpsTweaker from BetterFps-1.0.1.jar
[21:13:47] [main/DEBUG] [FML/]: Examining for coremod candidacy CarbonConfig-1.7.10-1.2.4.jar
[21:13:47] [main/TRACE] [FML/]: Found FMLCorePluginContainsFMLMod marker in CarbonConfig-1.7.10-1.2.4.jar, it will be examined later for regular @Mod instances
[21:13:47] [main/DEBUG] [FML/]: Instantiating coremod class CarbonConfigHooks
[21:13:47] [main/TRACE] [FML/]: coremod named CarbonConfigHooks is loading
[21:13:47] [main/WARN] [FML/]: The coremod carbonconfiglib.impl.internal.CarbonConfigHooks does not have a MCVersion annotation, it may cause issues with this version of Minecraft
[21:13:47] [main/DEBUG] [FML/]: Enqueued coremod CarbonConfigHooks
[21:13:47] [main/DEBUG] [FML/]: Examining for coremod candidacy Chunk-Pregenerator-1.7.10-4.4.9.1.jar
[21:13:47] [main/TRACE] [FML/]: Found FMLCorePluginContainsFMLMod marker in Chunk-Pregenerator-1.7.10-4.4.9.1.jar, it will be examined later for regular @Mod instances
[21:13:47] [main/DEBUG] [FML/]: Instantiating coremod class PregenHooks
[21:13:47] [main/TRACE] [FML/]: coremod named PregenHooks is loading
[21:13:47] [main/WARN] [FML/]: The coremod pregenerator.base.hooks.PregenHooks does not have a MCVersion annotation, it may cause issues with this version of Minecraft
[21:13:47] [main/DEBUG] [FML/]: Enqueued coremod PregenHooks
[21:13:47] [main/DEBUG] [FML/]: Examining for coremod candidacy ChunkPurge-1.7.10-2.1.jar
[21:13:47] [main/DEBUG] [FML/]: Not found coremod data in ChunkPurge-1.7.10-2.1.jar
[21:13:47] [main/DEBUG] [FML/]: Examining for coremod candidacy CodeChickenCore-1.4.12.jar
[21:13:47] [main/TRACE] [FML/]: Adding CodeChickenCore-1.4.12.jar to the list of known coremods, it will not be examined again
[21:13:47] [main/DEBUG] [FML/]: Instantiating coremod class CodeChickenCorePlugin
[21:13:48] [main/DEBUG] [FML/]: The coremod codechicken.core.launch.CodeChickenCorePlugin requested minecraft version 1.7.10 and minecraft is 1.7.10. It will be loaded.
[21:13:48] [main/DEBUG] [FML/]: Enqueued coremod CodeChickenCorePlugin
[21:13:48] [main/DEBUG] [FML/]: Examining for coremod candidacy denseores-1.6.2.jar
[21:13:48] [main/DEBUG] [FML/]: Not found coremod data in denseores-1.6.2.jar
[21:13:48] [main/DEBUG] [FML/]: Examining for coremod candidacy fastcraft-1.25.jar
[21:13:48] [main/INFO] [FML/]: Loading tweaker fastcraft.Tweaker from fastcraft-1.25.jar
[21:13:48] [main/DEBUG] [FML/]: Examining for coremod candidacy FoamFix-1.7.10-universal-1.0.4.jar
[21:13:48] [main/TRACE] [FML/]: Found FMLCorePluginContainsFMLMod marker in FoamFix-1.7.10-universal-1.0.4.jar, it will be examined later for regular @Mod instances
[21:13:48] [main/DEBUG] [FML/]: Instantiating coremod class FoamFixCore
[21:13:48] [main/TRACE] [FML/]: coremod named FoamFix/1.7 (Do not report to Forge!) is loading
[21:13:48] [main/WARN] [FML/]: The coremod pl.asie.foamfix.coremod.FoamFixCore does not have a MCVersion annotation, it may cause issues with this version of Minecraft
[21:13:48] [main/DEBUG] [FML/]: Enqueued coremod FoamFix/1.7 (Do not report to Forge!)
[21:13:48] [main/DEBUG] [FML/]: Examining for coremod candidacy GlibysVC-1.7.10-0.6.2a.jar
[21:13:48] [main/DEBUG] [FML/]: Not found coremod data in GlibysVC-1.7.10-0.6.2a.jar
[21:13:48] [main/DEBUG] [FML/]: Examining for coremod candidacy gtnhlib-0.9.45.jar
[21:13:48] [main/INFO] [FML/]: Loading tweaker org.spongepowered.asm.launch.MixinTweaker from gtnhlib-0.9.45.jar
[21:13:48] [main/DEBUG] [FML/]: Examining for coremod candidacy Hats-4.0.1.jar
[21:13:48] [main/DEBUG] [FML/]: Not found coremod data in Hats-4.0.1.jar
[21:13:48] [main/DEBUG] [FML/]: Examining for coremod candidacy iChunUtil-4.2.3.jar
[21:13:48] [main/DEBUG] [FML/]: Not found coremod data in iChunUtil-4.2.3.jar
[21:13:48] [main/DEBUG] [FML/]: Examining for coremod candidacy inventorypets-1.7.10-1.5.2.jar
[21:13:48] [main/DEBUG] [FML/]: Not found coremod data in inventorypets-1.7.10-1.5.2.jar
[21:13:48] [main/DEBUG] [FML/]: Examining for coremod candidacy IronBackpacks-1.7.10-1.2.20.jar
[21:13:48] [main/DEBUG] [FML/]: Not found coremod data in IronBackpacks-1.7.10-1.2.20.jar
[21:13:48] [main/DEBUG] [FML/]: Examining for coremod candidacy IronChest-6.1.11.jar
[21:13:48] [main/DEBUG] [FML/]: Not found coremod data in IronChest-6.1.11.jar
[21:13:48] [main/DEBUG] [FML/]: Examining for coremod candidacy lucky-block-forge-1.7.10-1.0.jar
[21:13:48] [main/DEBUG] [FML/]: Not found coremod data in lucky-block-forge-1.7.10-1.0.jar
[21:13:48] [main/DEBUG] [FML/]: Examining for coremod candidacy MoreFurnaces-1.3.9-MC1.7.10.jar
[21:13:48] [main/DEBUG] [FML/]: Not found coremod data in MoreFurnaces-1.3.9-MC1.7.10.jar
[21:13:48] [main/DEBUG] [FML/]: Examining for coremod candidacy NotEnoughItems-2.8.81-GTNH.jar
[21:13:48] [main/TRACE] [FML/]: Adding NotEnoughItems-2.8.81-GTNH.jar to the list of known coremods, it will not be examined again
[21:13:48] [main/DEBUG] [FML/]: Instantiating coremod class NEICorePlugin
[21:13:48] [main/DEBUG] [FML/]: The coremod codechicken.nei.asm.NEICorePlugin requested minecraft version 1.7.10 and minecraft is 1.7.10. It will be loaded.
[21:13:48] [main/DEBUG] [FML/]: Enqueued coremod NEICorePlugin
[21:13:48] [main/DEBUG] [FML/]: Examining for coremod candidacy orespawn-1.7.10-20.3.jar
[21:13:48] [main/DEBUG] [FML/]: Not found coremod data in orespawn-1.7.10-20.3.jar
[21:13:48] [main/DEBUG] [FML/]: Examining for coremod candidacy PortalGun-4.0.0-beta-6-fix-1.jar
[21:13:48] [main/DEBUG] [FML/]: Not found coremod data in PortalGun-4.0.0-beta-6-fix-1.jar
[21:13:48] [main/INFO] [LaunchWrapper/]: Loading tweak class name cpw.mods.fml.common.launcher.FMLInjectionAndSortingTweaker
[21:13:48] [main/INFO] [LaunchWrapper/]: Loading tweak class name org.spongepowered.asm.launch.MixinTweaker
[21:13:48] [main/DEBUG] [mixin/]: MixinService [LaunchWrapper] was successfully booted in sun.misc.Launcher$AppClassLoader@b4c966a
[21:13:48] [main/INFO] [mixin/]: SpongePowered MIXIN Subsystem Version=0.8.7 Source=file:/home/pit/Programas/Servers/PitCraft/instances/orespawn/mods/+unimixins-all-1.7.10-0.2.1.jar Service=LaunchWrapper Env=SERVER
[21:13:48] [main/DEBUG] [mixin/]: Adding new mixin transformer proxy #1
[21:13:48] [main/DEBUG] [mixin/]: Initialising Mixin Platform Manager
[21:13:48] [main/DEBUG] [mixin/]: Adding mixin platform agents for container ContainerHandleURI(file:/home/pit/Programas/Servers/PitCraft/instances/orespawn/mods/+unimixins-all-1.7.10-0.2.1.jar)
[21:13:48] [main/DEBUG] [mixin/]: Instancing new MixinPlatformAgentFMLLegacy for ContainerHandleURI(file:/home/pit/Programas/Servers/PitCraft/instances/orespawn/mods/+unimixins-all-1.7.10-0.2.1.jar)
[21:13:48] [main/DEBUG] [mixin/]: ForceLoadAsMod was specified for +unimixins-all-1.7.10-0.2.1.jar, attempting force-load
[21:13:48] [main/DEBUG] [mixin/]: Adding +unimixins-all-1.7.10-0.2.1.jar to reparseable coremod collection
[21:13:48] [main/DEBUG] [mixin/]: +unimixins-all-1.7.10-0.2.1.jar has core plugin io.github.legacymoddingmc.unimixins.all.AllCore. Injecting it into FML for co-initialisation:
[21:13:48] [main/DEBUG] [FML/]: Instantiating coremod class AllCore
[21:13:48] [main/DEBUG] [mixin/]: Preparing mixins for MixinEnvironment[PREINIT]
[21:13:48] [main/DEBUG] [unimixins/]: Name of jar containing MixinCore: +unimixins-all-1.7.10-0.2.1.jar
[21:13:48] [main/DEBUG] [unimixins/]: Name of jar containing MixinTweaker: +unimixins-all-1.7.10-0.2.1.jar
[21:13:48] [main/INFO] [MixinBooter/]: MixinBootstrap Initializing...
[21:13:48] [main/DEBUG] [mixin/]: Registering new injector for @Inject with org.spongepowered.asm.mixin.injection.struct.CallbackInjectionInfo
[21:13:48] [main/DEBUG] [mixin/]: Registering new injector for @ModifyArg with org.spongepowered.asm.mixin.injection.struct.ModifyArgInjectionInfo
[21:13:48] [main/DEBUG] [mixin/]: Registering new injector for @ModifyArgs with org.spongepowered.asm.mixin.injection.struct.ModifyArgsInjectionInfo
[21:13:48] [main/DEBUG] [mixin/]: Registering new injector for @Redirect with org.spongepowered.asm.mixin.injection.struct.RedirectInjectionInfo
[21:13:48] [main/DEBUG] [mixin/]: Registering new injector for @ModifyVariable with org.spongepowered.asm.mixin.injection.struct.ModifyVariableInjectionInfo
[21:13:48] [main/DEBUG] [mixin/]: Registering new injector for @ModifyConstant with org.spongepowered.asm.mixin.injection.struct.ModifyConstantInjectionInfo
[21:13:48] [main/DEBUG] [mixin/]: Registering new injector for @ModifyExpressionValue with io.github.tox1cozz.mixinextras.injector.ModifyExpressionValueInjectionInfo
[21:13:48] [main/DEBUG] [mixin/]: Registering new injector for @ModifyReceiver with io.github.tox1cozz.mixinextras.injector.ModifyReceiverInjectionInfo
[21:13:48] [main/DEBUG] [mixin/]: Registering new injector for @ModifyReturnValue with io.github.tox1cozz.mixinextras.injector.ModifyReturnValueInjectionInfo
[21:13:48] [main/DEBUG] [mixin/]: Registering new injector for @WrapWithCondition with io.github.tox1cozz.mixinextras.injector.WrapWithConditionInjectionInfo
[21:13:48] [main/INFO] [mixin/]: Compatibility level set to JAVA_8
[21:13:48] [main/DEBUG] [mixin/]: Checking for additional mixins for MixinEnvironment[PREINIT]
[21:13:48] [main/DEBUG] [mixin/]: Selecting config mixin.mixinbooterlegacy.json
[21:13:48] [main/DEBUG] [mixin/]: Preparing mixin.mixinbooterlegacy.json (1)
[21:13:48] [main/DEBUG] [org.spongepowered.asm.service.mojang.MixinServiceLaunchWrapper/]: Rebuilding transformer delegation list:
[21:13:48] [main/DEBUG] [org.spongepowered.asm.service.mojang.MixinServiceLaunchWrapper/]:   Adding:    cpw.mods.fml.common.asm.transformers.PatchingTransformer
[21:13:48] [main/DEBUG] [org.spongepowered.asm.service.mojang.MixinServiceLaunchWrapper/]:   Excluding: org.spongepowered.asm.mixin.transformer.Proxy
[21:13:48] [main/DEBUG] [org.spongepowered.asm.service.mojang.MixinServiceLaunchWrapper/]: Transformer delegation list created with 1 entries
[21:13:48] [main/TRACE] [mixin/]: Added class metadata for cpw/mods/fml/common/LoadController to metadata cache
[21:13:48] [main/TRACE] [mixin/]: Added class metadata for cpw/mods/fml/common/discovery/ASMDataTable$ASMData to metadata cache
[21:13:48] [main/TRACE] [mixin/]: Added class metadata for java/lang/invoke/MethodHandles$Lookup to metadata cache
[21:13:48] [main/DEBUG] [GTNHMixins/]: Initializing GTNHMixins Core
[21:13:48] [main/DEBUG] [FML/]: The coremod io.github.legacymoddingmc.unimixins.all.AllCore requested minecraft version 1.7.10 and minecraft is 1.7.10. It will be loaded.
[21:13:48] [main/INFO] [unimixins/]: Instantiating AllCore
[21:13:48] [main/INFO] [unimixins/]: Instantiating CompatCore
[21:13:48] [main/INFO] [unimixins-mixinextras/]: Instantiating MixinExtrasCore
[21:13:49] [main/DEBUG] [unimixins/]: Resolved real package prefix to: org/spongepowered/asm/lib/
[21:13:49] [main/DEBUG] [MixinExtras|Service/]: com.llamalad7.mixinextras.service.MixinExtrasServiceImpl(version=0.5.0) is taking over from null
[21:13:49] [main/DEBUG] [FML/]: Added access transformer class io.github.legacymoddingmc.unimixins.all.AllCore$CombinedAccessTransformer to enqueued access transformers
[21:13:49] [main/DEBUG] [FML/]: Enqueued coremod AllCore
[21:13:49] [main/DEBUG] [mixin/]: MixinPlatformAgentFMLLegacy accepted container ContainerHandleURI(file:/home/pit/Programas/Servers/PitCraft/instances/orespawn/mods/+unimixins-all-1.7.10-0.2.1.jar)
[21:13:49] [main/DEBUG] [mixin/]: Instancing new MixinPlatformAgentLiteLoaderLegacy for ContainerHandleURI(file:/home/pit/Programas/Servers/PitCraft/instances/orespawn/mods/+unimixins-all-1.7.10-0.2.1.jar)
[21:13:49] [main/DEBUG] [mixin/]: MixinPlatformAgentLiteLoaderLegacy rejected container ContainerHandleURI(file:/home/pit/Programas/Servers/PitCraft/instances/orespawn/mods/+unimixins-all-1.7.10-0.2.1.jar)
[21:13:49] [main/DEBUG] [mixin/]: Instancing new MixinPlatformAgentDefault for ContainerHandleURI(file:/home/pit/Programas/Servers/PitCraft/instances/orespawn/mods/+unimixins-all-1.7.10-0.2.1.jar)
[21:13:49] [main/DEBUG] [mixin/]: MixinPlatformAgentDefault accepted container ContainerHandleURI(file:/home/pit/Programas/Servers/PitCraft/instances/orespawn/mods/+unimixins-all-1.7.10-0.2.1.jar)
[21:13:49] [main/DEBUG] [org.spongepowered.asm.service.mojang.MixinServiceLaunchWrapper/]: Scanning file:/home/pit/Programas/Servers/PitCraft/instances/orespawn/forge-1.7.10-10.13.4.1614-1.7.10-universal.jar for mixin tweaker
[21:13:49] [main/DEBUG] [org.spongepowered.asm.service.mojang.MixinServiceLaunchWrapper/]: Scanning file:/home/pit/Programas/Servers/PitCraft/instances/orespawn/mods/+unimixins-all-1.7.10-0.2.1.jar for mixin tweaker
[21:13:49] [main/DEBUG] [org.spongepowered.asm.service.mojang.MixinServiceLaunchWrapper/]: Scanning file:/home/pit/Programas/Servers/PitCraft/instances/orespawn/mods/archaicfix-0.7.9.jar for mixin tweaker
[21:13:49] [main/DEBUG] [org.spongepowered.asm.service.mojang.MixinServiceLaunchWrapper/]: Scanning file:/home/pit/Programas/Servers/PitCraft/instances/orespawn/mods/BetterFps-1.0.1.jar for mixin tweaker
[21:13:49] [main/DEBUG] [org.spongepowered.asm.service.mojang.MixinServiceLaunchWrapper/]: Scanning file:/home/pit/Programas/Servers/PitCraft/instances/orespawn/mods/CarbonConfig-1.7.10-1.2.4.jar for mixin tweaker
[21:13:49] [main/DEBUG] [org.spongepowered.asm.service.mojang.MixinServiceLaunchWrapper/]: Scanning file:/home/pit/Programas/Servers/PitCraft/instances/orespawn/mods/Chunk-Pregenerator-1.7.10-4.4.9.1.jar for mixin tweaker
[21:13:49] [main/DEBUG] [org.spongepowered.asm.service.mojang.MixinServiceLaunchWrapper/]: Scanning file:/home/pit/Programas/Servers/PitCraft/instances/orespawn/mods/CodeChickenCore-1.4.12.jar for mixin tweaker
[21:13:49] [main/DEBUG] [org.spongepowered.asm.service.mojang.MixinServiceLaunchWrapper/]: Scanning file:/home/pit/Programas/Servers/PitCraft/instances/orespawn/mods/fastcraft-1.25.jar for mixin tweaker
[21:13:49] [main/DEBUG] [org.spongepowered.asm.service.mojang.MixinServiceLaunchWrapper/]: Scanning file:/home/pit/Programas/Servers/PitCraft/instances/orespawn/mods/FoamFix-1.7.10-universal-1.0.4.jar for mixin tweaker
[21:13:49] [main/DEBUG] [org.spongepowered.asm.service.mojang.MixinServiceLaunchWrapper/]: Scanning file:/home/pit/Programas/Servers/PitCraft/instances/orespawn/mods/gtnhlib-0.9.45.jar for mixin tweaker
[21:13:49] [main/DEBUG] [org.spongepowered.asm.service.mojang.MixinServiceLaunchWrapper/]: Scanning file:/home/pit/Programas/Servers/PitCraft/instances/orespawn/mods/NotEnoughItems-2.8.81-GTNH.jar for mixin tweaker
[21:13:49] [main/DEBUG] [mixin/]: Adding agents for Mixin Container ContainerHandleURI(file:/home/pit/Programas/Servers/PitCraft/instances/orespawn/mods/+unimixins-all-1.7.10-0.2.1.jar)
[21:13:49] [main/DEBUG] [mixin/]: Adding agents for Mixin Container ContainerHandleURI(file:/home/pit/Programas/Servers/PitCraft/instances/orespawn/mods/archaicfix-0.7.9.jar)
[21:13:49] [main/DEBUG] [mixin/]: Adding mixin platform agents for container ContainerHandleURI(file:/home/pit/Programas/Servers/PitCraft/instances/orespawn/mods/archaicfix-0.7.9.jar)
[21:13:49] [main/DEBUG] [mixin/]: Instancing new MixinPlatformAgentFMLLegacy for ContainerHandleURI(file:/home/pit/Programas/Servers/PitCraft/instances/orespawn/mods/archaicfix-0.7.9.jar)
[21:13:49] [main/DEBUG] [mixin/]: ForceLoadAsMod was specified for archaicfix-0.7.9.jar, attempting force-load
[21:13:49] [main/DEBUG] [mixin/]: Adding archaicfix-0.7.9.jar to reparseable coremod collection
[21:13:49] [main/DEBUG] [mixin/]: archaicfix-0.7.9.jar has core plugin org.embeddedt.archaicfix.ArchaicCore. Injecting it into FML for co-initialisation:
[21:13:49] [main/DEBUG] [FML/]: Instantiating coremod class ArchaicCore
[21:13:49] [main/TRACE] [FML/]: coremod named ArchaicCore is loading
[21:13:49] [main/DEBUG] [FML/]: The coremod org.embeddedt.archaicfix.ArchaicCore requested minecraft version 1.7.10 and minecraft is 1.7.10. It will be loaded.
[21:13:49] [main/DEBUG] [FML/]: Enqueued coremod ArchaicCore
[21:13:49] [main/DEBUG] [mixin/]: MixinPlatformAgentFMLLegacy accepted container ContainerHandleURI(file:/home/pit/Programas/Servers/PitCraft/instances/orespawn/mods/archaicfix-0.7.9.jar)
[21:13:49] [main/DEBUG] [mixin/]: Instancing new MixinPlatformAgentLiteLoaderLegacy for ContainerHandleURI(file:/home/pit/Programas/Servers/PitCraft/instances/orespawn/mods/archaicfix-0.7.9.jar)
[21:13:49] [main/DEBUG] [mixin/]: MixinPlatformAgentLiteLoaderLegacy rejected container ContainerHandleURI(file:/home/pit/Programas/Servers/PitCraft/instances/orespawn/mods/archaicfix-0.7.9.jar)
[21:13:49] [main/DEBUG] [mixin/]: Instancing new MixinPlatformAgentDefault for ContainerHandleURI(file:/home/pit/Programas/Servers/PitCraft/instances/orespawn/mods/archaicfix-0.7.9.jar)
[21:13:49] [main/DEBUG] [mixin/]: MixinPlatformAgentDefault accepted container ContainerHandleURI(file:/home/pit/Programas/Servers/PitCraft/instances/orespawn/mods/archaicfix-0.7.9.jar)
[21:13:49] [main/DEBUG] [mixin/]: Adding agents for Mixin Container ContainerHandleURI(file:/home/pit/Programas/Servers/PitCraft/instances/orespawn/mods/gtnhlib-0.9.45.jar)
[21:13:49] [main/DEBUG] [mixin/]: Adding mixin platform agents for container ContainerHandleURI(file:/home/pit/Programas/Servers/PitCraft/instances/orespawn/mods/gtnhlib-0.9.45.jar)
[21:13:49] [main/DEBUG] [mixin/]: Instancing new MixinPlatformAgentFMLLegacy for ContainerHandleURI(file:/home/pit/Programas/Servers/PitCraft/instances/orespawn/mods/gtnhlib-0.9.45.jar)
[21:13:49] [main/DEBUG] [mixin/]: ForceLoadAsMod was specified for gtnhlib-0.9.45.jar, attempting force-load
[21:13:49] [main/DEBUG] [mixin/]: Adding gtnhlib-0.9.45.jar to reparseable coremod collection
[21:13:49] [main/DEBUG] [mixin/]: gtnhlib-0.9.45.jar has core plugin com.gtnewhorizon.gtnhlib.core.GTNHLibCore. Injecting it into FML for co-initialisation:
[21:13:49] [main/DEBUG] [FML/]: Instantiating coremod class GTNHLibCore
[21:13:49] [main/DEBUG] [FML/]: The coremod com.gtnewhorizon.gtnhlib.core.GTNHLibCore requested minecraft version 1.7.10 and minecraft is 1.7.10. It will be loaded.
[21:13:49] [main/DEBUG] [FML/]: Enqueued coremod GTNHLibCore
[21:13:49] [main/DEBUG] [mixin/]: MixinPlatformAgentFMLLegacy accepted container ContainerHandleURI(file:/home/pit/Programas/Servers/PitCraft/instances/orespawn/mods/gtnhlib-0.9.45.jar)
[21:13:49] [main/DEBUG] [mixin/]: Instancing new MixinPlatformAgentLiteLoaderLegacy for ContainerHandleURI(file:/home/pit/Programas/Servers/PitCraft/instances/orespawn/mods/gtnhlib-0.9.45.jar)
[21:13:49] [main/DEBUG] [mixin/]: MixinPlatformAgentLiteLoaderLegacy rejected container ContainerHandleURI(file:/home/pit/Programas/Servers/PitCraft/instances/orespawn/mods/gtnhlib-0.9.45.jar)
[21:13:49] [main/DEBUG] [mixin/]: Instancing new MixinPlatformAgentDefault for ContainerHandleURI(file:/home/pit/Programas/Servers/PitCraft/instances/orespawn/mods/gtnhlib-0.9.45.jar)
[21:13:49] [main/DEBUG] [mixin/]: MixinPlatformAgentDefault accepted container ContainerHandleURI(file:/home/pit/Programas/Servers/PitCraft/instances/orespawn/mods/gtnhlib-0.9.45.jar)
[21:13:49] [main/WARN] [LaunchWrapper/]: Tweak class name org.spongepowered.asm.launch.MixinTweaker has already been visited -- skipping
[21:13:49] [main/INFO] [LaunchWrapper/]: Loading tweak class name me.guichaguri.betterfps.tweaker.BetterFpsTweaker
[21:13:49] [main/INFO] [LaunchWrapper/]: Loading tweak class name fastcraft.Tweaker
[21:13:49] [main/WARN] [LaunchWrapper/]: Tweak class name org.spongepowered.asm.launch.MixinTweaker has already been visited -- skipping
[21:13:49] [main/INFO] [LaunchWrapper/]: Loading tweak class name cpw.mods.fml.common.launcher.FMLDeobfTweaker
[21:13:49] [main/INFO] [LaunchWrapper/]: Calling tweak class cpw.mods.fml.common.launcher.FMLInjectionAndSortingTweaker
[21:13:49] [main/INFO] [LaunchWrapper/]: Calling tweak class cpw.mods.fml.common.launcher.FMLInjectionAndSortingTweaker
[21:13:49] [main/INFO] [LaunchWrapper/]: Calling tweak class cpw.mods.fml.relauncher.CoreModManager$FMLPluginWrapper
[21:13:49] [main/DEBUG] [FML/]: Injecting coremod FMLCorePlugin {cpw.mods.fml.relauncher.FMLCorePlugin} class transformers
[21:13:49] [main/TRACE] [FML/]: Registering transformer cpw.mods.fml.common.asm.transformers.MarkerTransformer
[21:13:49] [main/TRACE] [FML/]: Registering transformer cpw.mods.fml.common.asm.transformers.SideTransformer
[21:13:49] [main/TRACE] [FML/]: Registering transformer cpw.mods.fml.common.asm.transformers.EventSubscriptionTransformer
[21:13:49] [main/DEBUG] [FML/]: Injection complete
[21:13:49] [main/DEBUG] [FML/]: Running coremod plugin for FMLCorePlugin {cpw.mods.fml.relauncher.FMLCorePlugin}
[21:13:49] [main/DEBUG] [FML/]: Running coremod plugin FMLCorePlugin
[21:13:49] [main/DEBUG] [FML/]: Read 527 binary patches
[21:13:49] [main/ERROR] [FML/]: FML appears to be missing any signature data. This is not a good thing
[21:13:49] [main/DEBUG] [FML/]: Coremod plugin class FMLCorePlugin run successfully
[21:13:49] [main/INFO] [LaunchWrapper/]: Calling tweak class cpw.mods.fml.relauncher.CoreModManager$FMLPluginWrapper
[21:13:49] [main/DEBUG] [FML/]: Injecting coremod FMLForgePlugin {net.minecraftforge.classloading.FMLForgePlugin} class transformers
[21:13:49] [main/TRACE] [FML/]: Registering transformer net.minecraftforge.classloading.FluidIdTransformer
[21:13:49] [main/DEBUG] [FML/]: Injection complete
[21:13:49] [main/DEBUG] [FML/]: Running coremod plugin for FMLForgePlugin {net.minecraftforge.classloading.FMLForgePlugin}
[21:13:49] [main/DEBUG] [FML/]: Running coremod plugin FMLForgePlugin
[21:13:49] [main/DEBUG] [FML/]: Coremod plugin class FMLForgePlugin run successfully
[21:13:49] [main/INFO] [LaunchWrapper/]: Calling tweak class cpw.mods.fml.relauncher.CoreModManager$FMLPluginWrapper
[21:13:49] [main/DEBUG] [FML/]: Injecting coremod CodeChickenCorePlugin {codechicken.core.launch.CodeChickenCorePlugin} class transformers
[21:13:49] [main/TRACE] [FML/]: Registering transformer codechicken.lib.asm.ClassHeirachyManager
[21:13:49] [main/TRACE] [FML/]: Registering transformer codechicken.lib.asm.RedirectorTransformer
[21:13:49] [main/DEBUG] [FML/]: Injection complete
[21:13:49] [main/DEBUG] [FML/]: Running coremod plugin for CodeChickenCorePlugin {codechicken.core.launch.CodeChickenCorePlugin}
[21:13:49] [main/DEBUG] [FML/]: Running coremod plugin CodeChickenCorePlugin
[21:13:49] [main/TRACE] [FML/]: Registering transformer codechicken.core.asm.TweakTransformer
[21:13:49] [main/DEBUG] [CodeChickenCore/]: No delegated transformer found, skipping registration of main DelegatedTransformer.
[21:13:49] [main/DEBUG] [FML/]: Coremod plugin class CodeChickenCorePlugin run successfully
[21:13:49] [main/INFO] [LaunchWrapper/]: Calling tweak class cpw.mods.fml.relauncher.CoreModManager$FMLPluginWrapper
[21:13:49] [main/DEBUG] [FML/]: Injecting coremod NEICorePlugin {codechicken.nei.asm.NEICorePlugin} class transformers
[21:13:49] [main/TRACE] [FML/]: Registering transformer codechicken.nei.asm.NEITransformer
[21:13:49] [main/DEBUG] [FML/]: Injection complete
[21:13:49] [main/DEBUG] [FML/]: Running coremod plugin for NEICorePlugin {codechicken.nei.asm.NEICorePlugin}
[21:13:49] [main/DEBUG] [FML/]: Running coremod plugin NEICorePlugin
[21:13:49] [main/DEBUG] [FML/]: Coremod plugin class NEICorePlugin run successfully
[21:13:49] [main/INFO] [LaunchWrapper/]: Calling tweak class org.spongepowered.asm.launch.MixinTweaker
[21:13:49] [main/DEBUG] [mixin/]: Processing prepare() for PlatformAgent[MixinPlatformAgentFMLLegacy:ContainerHandleURI(file:/home/pit/Programas/Servers/PitCraft/instances/orespawn/mods/+unimixins-all-1.7.10-0.2.1.jar)]
[21:13:49] [main/DEBUG] [mixin/]: Processing prepare() for PlatformAgent[MixinPlatformAgentDefault:ContainerHandleURI(file:/home/pit/Programas/Servers/PitCraft/instances/orespawn/mods/+unimixins-all-1.7.10-0.2.1.jar)]
[21:13:49] [main/DEBUG] [mixin/]: Registering mixin config: mixins.gtnhmixins.json source=ContainerHandleURI(file:/home/pit/Programas/Servers/PitCraft/instances/orespawn/mods/+unimixins-all-1.7.10-0.2.1.jar)
[21:13:49] [main/DEBUG] [mixin/]: Registering mixin config: mixingasm.mixin.json source=ContainerHandleURI(file:/home/pit/Programas/Servers/PitCraft/instances/orespawn/mods/+unimixins-all-1.7.10-0.2.1.jar)
[21:13:49] [main/DEBUG] [mixin/]: Processing prepare() for PlatformAgent[MixinPlatformAgentFMLLegacy:ContainerHandleURI(file:/home/pit/Programas/Servers/PitCraft/instances/orespawn/mods/archaicfix-0.7.9.jar)]
[21:13:49] [main/DEBUG] [mixin/]: Processing prepare() for PlatformAgent[MixinPlatformAgentDefault:ContainerHandleURI(file:/home/pit/Programas/Servers/PitCraft/instances/orespawn/mods/archaicfix-0.7.9.jar)]
[21:13:49] [main/DEBUG] [mixin/]: Registering mixin config: mixins.archaicfix.json source=ContainerHandleURI(file:/home/pit/Programas/Servers/PitCraft/instances/orespawn/mods/archaicfix-0.7.9.jar)
[21:13:49] [main/DEBUG] [mixin/]: Processing prepare() for PlatformAgent[MixinPlatformAgentFMLLegacy:ContainerHandleURI(file:/home/pit/Programas/Servers/PitCraft/instances/orespawn/mods/gtnhlib-0.9.45.jar)]
[21:13:49] [main/DEBUG] [mixin/]: Processing prepare() for PlatformAgent[MixinPlatformAgentDefault:ContainerHandleURI(file:/home/pit/Programas/Servers/PitCraft/instances/orespawn/mods/gtnhlib-0.9.45.jar)]
[21:13:49] [main/DEBUG] [mixin/]: Registering mixin config: mixins.gtnhlib.json source=ContainerHandleURI(file:/home/pit/Programas/Servers/PitCraft/instances/orespawn/mods/gtnhlib-0.9.45.jar)
[21:13:49] [main/DEBUG] [mixin/]: Creating FML remapper adapter: org.spongepowered.asm.bridge.RemapperAdapterFML
[21:13:49] [main/DEBUG] [mixin/]: Checking for additional mixins for MixinEnvironment[PREINIT]
[21:13:49] [main/DEBUG] [mixin/]: Selecting config mixins.gtnhmixins.json
[21:13:49] [main/DEBUG] [mixin/]: Preparing mixins.gtnhmixins.json (1)
[21:13:49] [main/TRACE] [mixin/]: Added class metadata for java/util/Map$Entry to metadata cache
[21:13:49] [main/INFO] [mixin/]: Initialised Mixin FML Remapper Adapter with cpw.mods.fml.common.asm.transformers.deobf.FMLDeobfuscatingRemapper@f9b7332
[21:13:49] [main/DEBUG] [mixin/]: Processing launch tasks for PlatformAgent[MixinPlatformAgentFMLLegacy:ContainerHandleURI(file:/home/pit/Programas/Servers/PitCraft/instances/orespawn/mods/+unimixins-all-1.7.10-0.2.1.jar)]
[21:13:49] [main/DEBUG] [mixin/]: Processing launch tasks for PlatformAgent[MixinPlatformAgentDefault:ContainerHandleURI(file:/home/pit/Programas/Servers/PitCraft/instances/orespawn/mods/+unimixins-all-1.7.10-0.2.1.jar)]
[21:13:49] [main/DEBUG] [org.spongepowered.asm.service.mojang.MixinServiceLaunchWrapper/]: Scanning file:/home/pit/Programas/Servers/PitCraft/instances/orespawn/forge-1.7.10-10.13.4.1614-1.7.10-universal.jar for mixin tweaker
[21:13:49] [main/DEBUG] [org.spongepowered.asm.service.mojang.MixinServiceLaunchWrapper/]: Scanning file:/home/pit/Programas/Servers/PitCraft/instances/orespawn/mods/+unimixins-all-1.7.10-0.2.1.jar for mixin tweaker
[21:13:49] [main/DEBUG] [org.spongepowered.asm.service.mojang.MixinServiceLaunchWrapper/]: Scanning file:/home/pit/Programas/Servers/PitCraft/instances/orespawn/mods/archaicfix-0.7.9.jar for mixin tweaker
[21:13:49] [main/DEBUG] [org.spongepowered.asm.service.mojang.MixinServiceLaunchWrapper/]: Scanning file:/home/pit/Programas/Servers/PitCraft/instances/orespawn/mods/BetterFps-1.0.1.jar for mixin tweaker
[21:13:49] [main/DEBUG] [org.spongepowered.asm.service.mojang.MixinServiceLaunchWrapper/]: Scanning file:/home/pit/Programas/Servers/PitCraft/instances/orespawn/mods/CarbonConfig-1.7.10-1.2.4.jar for mixin tweaker
[21:13:49] [main/DEBUG] [org.spongepowered.asm.service.mojang.MixinServiceLaunchWrapper/]: Scanning file:/home/pit/Programas/Servers/PitCraft/instances/orespawn/mods/Chunk-Pregenerator-1.7.10-4.4.9.1.jar for mixin tweaker
[21:13:49] [main/DEBUG] [org.spongepowered.asm.service.mojang.MixinServiceLaunchWrapper/]: Scanning file:/home/pit/Programas/Servers/PitCraft/instances/orespawn/mods/CodeChickenCore-1.4.12.jar for mixin tweaker
[21:13:49] [main/DEBUG] [org.spongepowered.asm.service.mojang.MixinServiceLaunchWrapper/]: Scanning file:/home/pit/Programas/Servers/PitCraft/instances/orespawn/mods/fastcraft-1.25.jar for mixin tweaker
[21:13:49] [main/DEBUG] [org.spongepowered.asm.service.mojang.MixinServiceLaunchWrapper/]: Scanning file:/home/pit/Programas/Servers/PitCraft/instances/orespawn/mods/FoamFix-1.7.10-universal-1.0.4.jar for mixin tweaker
[21:13:49] [main/DEBUG] [org.spongepowered.asm.service.mojang.MixinServiceLaunchWrapper/]: Scanning file:/home/pit/Programas/Servers/PitCraft/instances/orespawn/mods/gtnhlib-0.9.45.jar for mixin tweaker
[21:13:49] [main/DEBUG] [org.spongepowered.asm.service.mojang.MixinServiceLaunchWrapper/]: Scanning file:/home/pit/Programas/Servers/PitCraft/instances/orespawn/mods/NotEnoughItems-2.8.81-GTNH.jar for mixin tweaker
[21:13:49] [main/DEBUG] [mixin/]: Adding agents for Mixin Container ContainerHandleURI(file:/home/pit/Programas/Servers/PitCraft/instances/orespawn/mods/+unimixins-all-1.7.10-0.2.1.jar)
[21:13:49] [main/DEBUG] [mixin/]: Adding agents for Mixin Container ContainerHandleURI(file:/home/pit/Programas/Servers/PitCraft/instances/orespawn/mods/archaicfix-0.7.9.jar)
[21:13:49] [main/DEBUG] [mixin/]: Adding agents for Mixin Container ContainerHandleURI(file:/home/pit/Programas/Servers/PitCraft/instances/orespawn/mods/gtnhlib-0.9.45.jar)
[21:13:49] [main/DEBUG] [mixin/]: inject() running with 3 agents
[21:13:49] [main/DEBUG] [mixin/]: Processing inject() for PlatformAgent[MixinPlatformAgentFMLLegacy:ContainerHandleURI(file:/home/pit/Programas/Servers/PitCraft/instances/orespawn/mods/+unimixins-all-1.7.10-0.2.1.jar)]
[21:13:49] [main/DEBUG] [mixin/]: FML agent is co-initiralising coremod instance AllCore {[]} for ContainerHandleURI(file:/home/pit/Programas/Servers/PitCraft/instances/orespawn/mods/+unimixins-all-1.7.10-0.2.1.jar)
[21:13:49] [main/DEBUG] [FML/]: Injecting coremod AllCore {io.github.legacymoddingmc.unimixins.all.AllCore} class transformers
[21:13:49] [main/TRACE] [FML/]: Registering transformer io.github.legacymoddingmc.unimixins.compat.asm.EnhanceCrashReportsTransformer
[21:13:49] [main/DEBUG] [FML/]: Injection complete
[21:13:49] [main/DEBUG] [FML/]: Running coremod plugin for AllCore {io.github.legacymoddingmc.unimixins.all.AllCore}
[21:13:49] [main/DEBUG] [FML/]: Running coremod plugin AllCore
[21:13:50] [main/DEBUG] [GTNHMixins/]: Searching coremodList for IEarlyMixinLoaders
[21:13:50] [main/DEBUG] [GTNHMixins/]: LoadedCoreMods [codechicken.nei.asm.NEICorePlugin, cpw.mods.fml.relauncher.FMLCorePlugin, pregenerator.base.hooks.PregenHooks, org.spongepowered.asm.launch.MixinTweaker, fastcraft.Tweaker, codechicken.core.launch.CodeChickenCorePlugin, pl.asie.foamfix.coremod.FoamFixCore, net.minecraftforge.classloading.FMLForgePlugin, codechicken.lib, carbonconfiglib.impl.internal.CarbonConfigHooks, io.github.legacymoddingmc.unimixins.all.AllCore, GTNHLib Core, me.guichaguri.betterfps.tweaker.BetterFpsTweaker, cpw.mods.fml.common.launcher.FMLDeobfTweaker, org.embeddedt.archaicfix.ArchaicCore]
[21:13:50] [main/DEBUG] [GTNHMixins/]: Loading mixins from IEarlyMixinLoader [org.embeddedt.archaicfix.ArchaicCore]
[21:13:50] [main/DEBUG] [GTNHMixins/]: ITargetMods found during Phase EARLY: [FASTCRAFT]
[21:13:50] [main/DEBUG] [GTNHMixins/]: ITargetMods not found during Phase EARLY: [COFHCORE, SHIPSMOD, OPTIFINE, HODGEPODGE]
[21:13:50] [main/DEBUG] [GTNHMixins/]: Not loading the following EARLY mixins: [common.core.MixinCraftingManager, common.renderdistance.MixinPlayerManager, client.renderdistance.MixinGameSettings, client.renderdistance.MixinRenderGlobal, client.core.MixinRenderItem, client.core.MixinThreadDownloadImageData, client.core.MixinBlockFence, client.core.MixinEntityRenderer, client.core.MixinGuiBeaconButton, client.core.MixinGuiButton, client.core.MixinGuiContainerCreative, client.core.MixinIntegratedServer, client.core.MixinChunkProviderClient, client.core.MixinMinecraft, client.core.MixinNetHandlerPlayClient, client.core.MixinGuiCreateWorld, client.core.MixinGuiIngameForge, client.core.MixinFMLClientHandler, client.core.MixinSplashProgress, client.core.AccessorSplashProgress, client.lighting.MixinMinecraft, client.lighting.MixinWorld, client.lighting.MixinChunkCache, client.core.MixinNetHandlerLoginClient, client.core.MixinSkinManager, client.core.MixinWorldRenderer, client.optifine.MixinVersionCheckThread]
[21:13:50] [main/DEBUG] [GTNHMixins/]: Loading [mixins.archaicfix.early.json] common.core.AccessorEntityLiving
[21:13:50] [main/DEBUG] [GTNHMixins/]: Loading [mixins.archaicfix.early.json] common.core.MixinEntityPlayerMP
[21:13:50] [main/DEBUG] [GTNHMixins/]: Loading [mixins.archaicfix.early.json] common.core.MixinWorldServer
[21:13:50] [main/DEBUG] [GTNHMixins/]: Loading [mixins.archaicfix.early.json] common.core.MixinMapGenStructure
[21:13:50] [main/DEBUG] [GTNHMixins/]: Loading [mixins.archaicfix.early.json] common.core.MixinEntityVillager
[21:13:50] [main/DEBUG] [GTNHMixins/]: Loading [mixins.archaicfix.early.json] common.core.MixinMerchantRecipe
[21:13:50] [main/DEBUG] [GTNHMixins/]: Loading [mixins.archaicfix.early.json] common.core.MixinAxisAlignedBB
[21:13:50] [main/DEBUG] [GTNHMixins/]: Loading [mixins.archaicfix.early.json] common.core.MixinMaterialLiquid
[21:13:50] [main/DEBUG] [GTNHMixins/]: Loading [mixins.archaicfix.early.json] common.core.MixinChunkProviderServer
[21:13:50] [main/DEBUG] [GTNHMixins/]: Loading [mixins.archaicfix.early.json] common.core.MixinChunkIOProvider
[21:13:50] [main/DEBUG] [GTNHMixins/]: Loading [mixins.archaicfix.early.json] common.core.MixinSpawnerAnimals
[21:13:50] [main/DEBUG] [GTNHMixins/]: Loading [mixins.archaicfix.early.json] common.core.MixinShapedOreRecipe
[21:13:50] [main/DEBUG] [GTNHMixins/]: Loading [mixins.archaicfix.early.json] common.core.MixinLongHashMap
[21:13:50] [main/DEBUG] [GTNHMixins/]: Loading [mixins.archaicfix.early.json] common.core.MixinBlock
[21:13:50] [main/DEBUG] [GTNHMixins/]: Loading [mixins.archaicfix.early.json] common.core.MixinBlock_Late
[21:13:50] [main/DEBUG] [GTNHMixins/]: Loading [mixins.archaicfix.early.json] common.core.MixinEnchantmentHelper
[21:13:50] [main/DEBUG] [GTNHMixins/]: Loading [mixins.archaicfix.early.json] common.core.MixinWorldChunkManager
[21:13:50] [main/DEBUG] [GTNHMixins/]: Loading [mixins.archaicfix.early.json] common.core.MixinShapedRecipes
[21:13:50] [main/DEBUG] [GTNHMixins/]: Loading [mixins.archaicfix.early.json] common.core.MixinShapelessOreRecipe
[21:13:50] [main/DEBUG] [GTNHMixins/]: Loading [mixins.archaicfix.early.json] common.core.MixinShapelessRecipes
[21:13:50] [main/DEBUG] [GTNHMixins/]: Loading [mixins.archaicfix.early.json] common.core.MixinEntityLiving
[21:13:50] [main/DEBUG] [GTNHMixins/]: Loading [mixins.archaicfix.early.json] common.core.MixinWorld
[21:13:50] [main/DEBUG] [GTNHMixins/]: Loading [mixins.archaicfix.early.json] common.core.MixinEntityTrackerEntry
[21:13:50] [main/DEBUG] [GTNHMixins/]: Loading [mixins.archaicfix.early.json] common.core.MixinEntityXPOrb
[21:13:50] [main/DEBUG] [GTNHMixins/]: Loading [mixins.archaicfix.early.json] common.core.MixinEntity
[21:13:50] [main/DEBUG] [GTNHMixins/]: Loading [mixins.archaicfix.early.json] common.core.MixinForgeChunkManager
[21:13:50] [main/DEBUG] [GTNHMixins/]: Loading [mixins.archaicfix.early.json] common.core.MixinChunk
[21:13:50] [main/DEBUG] [GTNHMixins/]: Loading [mixins.archaicfix.early.json] common.core.MixinStructureStart
[21:13:50] [main/DEBUG] [GTNHMixins/]: Loading [mixins.archaicfix.early.json] common.core.MixinOreDictionary
[21:13:50] [main/DEBUG] [GTNHMixins/]: Loading [mixins.archaicfix.early.json] common.core.MixinChunkProviderHell
[21:13:50] [main/DEBUG] [GTNHMixins/]: Loading [mixins.archaicfix.early.json] common.core.MixinASMData
[21:13:50] [main/DEBUG] [GTNHMixins/]: Loading [mixins.archaicfix.early.json] common.core.MixinNetHandlerPlayServer
[21:13:50] [main/DEBUG] [GTNHMixins/]: Loading [mixins.archaicfix.early.json] common.lighting.MixinAnvilChunkLoader
[21:13:50] [main/DEBUG] [GTNHMixins/]: Loading [mixins.archaicfix.early.json] common.lighting.MixinChunk
[21:13:50] [main/DEBUG] [GTNHMixins/]: Loading [mixins.archaicfix.early.json] common.lighting.MixinChunkProviderServer
[21:13:50] [main/DEBUG] [GTNHMixins/]: Loading [mixins.archaicfix.early.json] common.lighting.MixinChunkVanilla
[21:13:50] [main/DEBUG] [GTNHMixins/]: Loading [mixins.archaicfix.early.json] common.lighting.MixinExtendedBlockStorage
[21:13:50] [main/DEBUG] [GTNHMixins/]: Loading [mixins.archaicfix.early.json] common.lighting.MixinSPacketChunkData
[21:13:50] [main/DEBUG] [GTNHMixins/]: Loading [mixins.archaicfix.early.json] common.lighting.MixinWorld_Lighting
[21:13:50] [main/DEBUG] [GTNHMixins/]: Loading [mixins.archaicfix.early.json] common.lighting.fastcraft.MixinChunk
[21:13:50] [main/DEBUG] [GTNHMixins/]: Loading [mixins.archaicfix.early.json] common.lighting.fastcraft.MixinChunkProviderServer
[21:13:50] [main/DEBUG] [GTNHMixins/]: Loading [mixins.archaicfix.early.json] common.lighting.fastcraft.MixinWorld
[21:13:50] [main/DEBUG] [GTNHMixins/]: Loading [mixins.archaicfix.early.json] common.core.MixinNetworkDispatcher
[21:13:50] [main/DEBUG] [GTNHMixins/]: Loading [mixins.archaicfix.early.json] common.core.MixinNetworkManager
[21:13:50] [main/DEBUG] [GTNHMixins/]: Loading [mixins.archaicfix.early.json] common.core.MixinEmbeddedChannel
[21:13:50] [main/DEBUG] [GTNHMixins/]: Loading [mixins.archaicfix.early.json] common.core.MixinWorld_UpdateEntities
[21:13:50] [main/DEBUG] [GTNHMixins/]: Loading [mixins.archaicfix.early.json] common.core.MixinEntityItem
[21:13:50] [main/DEBUG] [GTNHMixins/]: Loading [mixins.archaicfix.early.json] common.core.MixinModCandidate
[21:13:50] [main/DEBUG] [GTNHMixins/]: Loading [mixins.archaicfix.early.json] common.core.MixinEntityLivingBase_EarlyXpDrop
[21:13:50] [main/DEBUG] [GTNHMixins/]: Loading [mixins.archaicfix.early.json] common.core.MixinSwampHut
[21:13:50] [main/DEBUG] [GTNHMixins/]: Loading mixins from IEarlyMixinLoader [com.gtnewhorizon.gtnhlib.core.GTNHLibCore]
[21:13:50] [main/DEBUG] [mixin/]: Checking for additional mixins for MixinEnvironment[PREINIT]
[21:13:50] [main/DEBUG] [GTNHMixins/]: ITargetMods found during Phase EARLY: []
[21:13:50] [main/DEBUG] [GTNHMixins/]: ITargetMods not found during Phase EARLY: [LWJGL3IFY]
[21:13:50] [main/DEBUG] [GTNHMixins/]: Not loading the following EARLY mixins: [MixinTessellator, MixinWavefrontObject, fml.MixinGuiModList, MixinGuiScreen, MixinFontRenderer, models.FRMAccessor, models.MixinEffectRenderer_FixParticleIcons, models.MixinFileResourcePack, models.MixinFolderResourcePack, models.MixinRenderBlocks, models.SRRMAccessor, models.MixinModelFHC, block_sounds.MixinPlayerControllerMP, block_sounds.MixinRenderGlobal, EntityRendererAccessor, MixinItemRenderer_Translucency, MixinRenderItem_Translucency, MixinMinecraft_PickBlockTrap, fml.MixinGuiConfig]
[21:13:50] [main/DEBUG] [GTNHMixins/]: Loading [mixins.gtnhlib.early.json] fml.EventBusAccessor
[21:13:50] [main/DEBUG] [GTNHMixins/]: Loading [mixins.gtnhlib.early.json] fml.EnumHolderAccessor
[21:13:50] [main/DEBUG] [GTNHMixins/]: Loading [mixins.gtnhlib.early.json] MixinEntityLivingBase
[21:13:50] [main/DEBUG] [GTNHMixins/]: Loading [mixins.gtnhlib.early.json] MixinMinecraftServer
[21:13:50] [main/DEBUG] [GTNHMixins/]: Loading [mixins.gtnhlib.early.json] MixinGameRules
[21:13:50] [main/DEBUG] [GTNHMixins/]: Loading [mixins.gtnhlib.early.json] MixinCommandHandler
[21:13:50] [main/DEBUG] [GTNHMixins/]: Loading [mixins.gtnhlib.early.json] MixinCommandHelp
[21:13:50] [main/DEBUG] [GTNHMixins/]: Loading [mixins.gtnhlib.early.json] MixinTileEntitySkull
[21:13:50] [main/DEBUG] [GTNHMixins/]: Loading [mixins.gtnhlib.early.json] block_sounds.MixinEntity
[21:13:50] [main/DEBUG] [GTNHMixins/]: Loading [mixins.gtnhlib.early.json] block_sounds.MixinEntityLivingBase
[21:13:50] [main/DEBUG] [GTNHMixins/]: Loading [mixins.gtnhlib.early.json] block_sounds.MixinEntityHorse
[21:13:50] [main/DEBUG] [GTNHMixins/]: Loading [mixins.gtnhlib.early.json] block_sounds.MixinItemBlock
[21:13:50] [main/DEBUG] [GTNHMixins/]: Loading [mixins.gtnhlib.early.json] block_sounds.MixinItemSlab
[21:13:50] [main/DEBUG] [GTNHMixins/]: Loading [mixins.gtnhlib.early.json] MixinIChatComponentSerializer
[21:13:50] [main/DEBUG] [GTNHMixins/]: Loading [mixins.gtnhlib.early.json] fml.MixinJarDiscoverer
[21:13:50] [main/DEBUG] [FML/]: Coremod plugin class AllCore run successfully
[21:13:50] [main/DEBUG] [mixin/]: Processing inject() for PlatformAgent[MixinPlatformAgentDefault:ContainerHandleURI(file:/home/pit/Programas/Servers/PitCraft/instances/orespawn/mods/+unimixins-all-1.7.10-0.2.1.jar)]
[21:13:50] [main/DEBUG] [mixin/]: Processing inject() for PlatformAgent[MixinPlatformAgentFMLLegacy:ContainerHandleURI(file:/home/pit/Programas/Servers/PitCraft/instances/orespawn/mods/archaicfix-0.7.9.jar)]
[21:13:50] [main/DEBUG] [mixin/]: FML agent is co-initiralising coremod instance ArchaicCore {[]} for ContainerHandleURI(file:/home/pit/Programas/Servers/PitCraft/instances/orespawn/mods/archaicfix-0.7.9.jar)
[21:13:50] [main/DEBUG] [FML/]: Injecting coremod ArchaicCore {org.embeddedt.archaicfix.ArchaicCore} class transformers
[21:13:50] [main/TRACE] [FML/]: Registering transformer org.embeddedt.archaicfix.asm.ArchaicTransformer
[21:13:50] [main/DEBUG] [mixin/]: Checking for additional mixins for MixinEnvironment[PREINIT]
[21:13:50] [main/DEBUG] [FML/]: Injection complete
[21:13:50] [main/DEBUG] [FML/]: Running coremod plugin for ArchaicCore {org.embeddedt.archaicfix.ArchaicCore}
[21:13:50] [main/DEBUG] [FML/]: Running coremod plugin ArchaicCore
[21:13:50] [main/DEBUG] [FML/]: Coremod plugin class ArchaicCore run successfully
[21:13:50] [main/DEBUG] [mixin/]: Processing inject() for PlatformAgent[MixinPlatformAgentDefault:ContainerHandleURI(file:/home/pit/Programas/Servers/PitCraft/instances/orespawn/mods/archaicfix-0.7.9.jar)]
[21:13:50] [main/DEBUG] [mixin/]: Processing inject() for PlatformAgent[MixinPlatformAgentFMLLegacy:ContainerHandleURI(file:/home/pit/Programas/Servers/PitCraft/instances/orespawn/mods/gtnhlib-0.9.45.jar)]
[21:13:50] [main/DEBUG] [mixin/]: FML agent is co-initiralising coremod instance GTNHLibCore {[]} for ContainerHandleURI(file:/home/pit/Programas/Servers/PitCraft/instances/orespawn/mods/gtnhlib-0.9.45.jar)
[21:13:50] [main/DEBUG] [FML/]: Injecting coremod GTNHLibCore {com.gtnewhorizon.gtnhlib.core.GTNHLibCore} class transformers
[21:13:50] [main/TRACE] [FML/]: Registering transformer com.gtnewhorizon.gtnhlib.core.fml.transformers.EventBusSubTransformer
[21:13:50] [main/TRACE] [FML/]: Registering transformer com.gtnewhorizon.gtnhlib.core.fml.transformers.BlockIconTransformer
[21:13:50] [main/DEBUG] [FML/]: Injection complete
[21:13:50] [main/DEBUG] [FML/]: Running coremod plugin for GTNHLibCore {com.gtnewhorizon.gtnhlib.core.GTNHLibCore}
[21:13:50] [main/DEBUG] [FML/]: Running coremod plugin GTNHLibCore
[21:13:50] [main/DEBUG] [FML/]: Coremod plugin class GTNHLibCore run successfully
[21:13:50] [main/DEBUG] [mixin/]: Processing inject() for PlatformAgent[MixinPlatformAgentDefault:ContainerHandleURI(file:/home/pit/Programas/Servers/PitCraft/instances/orespawn/mods/gtnhlib-0.9.45.jar)]
[21:13:50] [main/INFO] [LaunchWrapper/]: Calling tweak class me.guichaguri.betterfps.tweaker.BetterFpsTweaker
[21:13:50] [main/INFO] [LaunchWrapper/]: Calling tweak class cpw.mods.fml.common.launcher.FMLDeobfTweaker
[21:13:50] [main/DEBUG] [FML/]: Loaded 57 rules from AccessTransformer config file fml_at.cfg
[21:13:50] [main/DEBUG] [FML/]: Loaded 89 rules from AccessTransformer config file forge_at.cfg
[21:13:50] [main/DEBUG] [unimixins/]: FML log level was already ALL, doing nothing
[21:13:50] [main/DEBUG] [FML/]: Loaded 1 rules from AccessTransformer mod jar file /home/pit/Programas/Servers/PitCraft/instances/orespawn/mods/IronChest-6.1.11.jar!META-INF/IronChest_at.cfg

[21:13:50] [main/DEBUG] [FML/]: Loaded 13 rules from AccessTransformer mod jar file /home/pit/Programas/Servers/PitCraft/instances/orespawn/mods/NotEnoughItems-2.8.81-GTNH.jar!META-INF/nei_at.cfg

[21:13:50] [main/DEBUG] [FML/]: Loaded 60 rules from AccessTransformer mod jar file /home/pit/Programas/Servers/PitCraft/instances/orespawn/mods/iChunUtil-4.2.3.jar!META-INF/iChunUtil_at.cfg

[21:13:50] [main/DEBUG] [FML/]: Loaded 26 rules from AccessTransformer mod jar file /home/pit/Programas/Servers/PitCraft/instances/orespawn/mods/gtnhlib-0.9.45.jar!META-INF/gtnhlib_at.cfg

[21:13:50] [main/DEBUG] [FML/]: Loaded 2 rules from AccessTransformer mod jar file /home/pit/Programas/Servers/PitCraft/instances/orespawn/mods/GlibysVC-1.7.10-0.6.2a.jar!META-INF/gvc_at.cfg

[21:13:50] [main/DEBUG] [FML/]: Loaded 19 rules from AccessTransformer mod jar file /home/pit/Programas/Servers/PitCraft/instances/orespawn/mods/AIImprovements-1.7.10-0.0.1b8.jar!META-INF/AI_at.cfg

[21:13:50] [main/DEBUG] [FML/]: Loaded 64 rules from AccessTransformer mod jar file /home/pit/Programas/Servers/PitCraft/instances/orespawn/mods/archaicfix-0.7.9.jar!META-INF/archaicfix_at.cfg

[21:13:50] [main/DEBUG] [mixin/]: Adding new mixin transformer proxy #2
[21:13:50] [main/DEBUG] [FML/]: Validating minecraft
[21:13:50] [main/DEBUG] [mixin/]: Preparing mixins for MixinEnvironment[INIT]
[21:13:50] [main/DEBUG] [FML/]: Minecraft validated, launching...
[21:13:50] [main/INFO] [LaunchWrapper/]: Calling tweak class cpw.mods.fml.relauncher.CoreModManager$FMLPluginWrapper
[21:13:50] [main/DEBUG] [FML/]: Injecting coremod FoamFix/1.7 (Do not report to Forge!) {pl.asie.foamfix.coremod.FoamFixCore} class transformers
[21:13:51] [main/TRACE] [FML/]: Registering transformer pl.asie.foamfix.bugfixmod.coremod.BugfixModClassTransformer
[21:13:51] [main/DEBUG] [FML/]: Injection complete
[21:13:51] [main/DEBUG] [FML/]: Running coremod plugin for FoamFix/1.7 (Do not report to Forge!) {pl.asie.foamfix.coremod.FoamFixCore}
[21:13:51] [main/DEBUG] [FML/]: Running coremod plugin FoamFix/1.7 (Do not report to Forge!)
[21:13:51] [main/INFO] [foamfix/]: You probably are on a dedicated server. Disabling client fixes
[21:13:51] [main/DEBUG] [FML/]: Coremod plugin class FoamFixCore run successfully
[21:13:51] [main/INFO] [LaunchWrapper/]: Calling tweak class cpw.mods.fml.relauncher.CoreModManager$FMLPluginWrapper
[21:13:51] [main/DEBUG] [FML/]: Injecting coremod CarbonConfigHooks {carbonconfiglib.impl.internal.CarbonConfigHooks} class transformers
[21:13:51] [main/TRACE] [FML/]: Registering transformer carbonconfiglib.impl.internal.CarbonConfigHooks
[21:13:51] [main/DEBUG] [FML/]: Injection complete
[21:13:51] [main/DEBUG] [FML/]: Running coremod plugin for CarbonConfigHooks {carbonconfiglib.impl.internal.CarbonConfigHooks}
[21:13:51] [main/DEBUG] [FML/]: Running coremod plugin CarbonConfigHooks
[21:13:51] [main/DEBUG] [FML/]: Coremod plugin class CarbonConfigHooks run successfully
[21:13:51] [main/INFO] [LaunchWrapper/]: Calling tweak class cpw.mods.fml.relauncher.CoreModManager$FMLPluginWrapper
[21:13:51] [main/DEBUG] [FML/]: Injecting coremod PregenHooks {pregenerator.base.hooks.PregenHooks} class transformers
[21:13:51] [main/TRACE] [FML/]: Registering transformer pregenerator.base.hooks.PregenHooks
[21:13:51] [main/DEBUG] [FML/]: Injection complete
[21:13:51] [main/DEBUG] [FML/]: Running coremod plugin for PregenHooks {pregenerator.base.hooks.PregenHooks}
[21:13:51] [main/DEBUG] [FML/]: Running coremod plugin PregenHooks
[21:13:51] [main/DEBUG] [FML/]: Coremod plugin class PregenHooks run successfully
[21:13:51] [main/INFO] [LaunchWrapper/]: Calling tweak class fastcraft.Tweaker
[21:13:51] [main/DEBUG] [FastCraft/]: Mod detection results: {AsRuins=false, Bukkit=false, ColoredLights=false, OptiFine=false, ShadersMod=false, DynamicLights=false, NotEnoughIds=false}
[21:13:51] [main/INFO] [MixinExtras|Service/]: Initializing MixinExtras via com.llamalad7.mixinextras.service.MixinExtrasServiceImpl(version=0.5.0).
[21:13:51] [main/DEBUG] [mixin/]: Registering new injector for @SugarWrapper with com.llamalad7.mixinextras.sugar.impl.SugarWrapperInjectionInfo
[21:13:51] [main/DEBUG] [mixin/]: Registering new injector for @FactoryRedirectWrapper with com.llamalad7.mixinextras.wrapper.factory.FactoryRedirectWrapperInjectionInfo
[21:13:51] [main/DEBUG] [mixin/]: Registering new injector for @ExpressionInjectorWrapper with com.llamalad7.mixinextras.expression.impl.wrapper.ExpressionInjectorWrapperInjectionInfo
[21:13:51] [main/DEBUG] [mixin/]: Mixing LoadControllerMixin from mixin.mixinbooterlegacy.json into cpw.mods.fml.common.LoadController
[21:13:51] [main/DEBUG] [org.spongepowered.asm.service.mojang.MixinServiceLaunchWrapper/]: Found name transformer: cpw.mods.fml.common.asm.transformers.DeobfuscationTransformer
[21:13:51] [main/DEBUG] [org.spongepowered.asm.service.mojang.MixinServiceLaunchWrapper/]: Rebuilding transformer delegation list:
[21:13:51] [main/DEBUG] [org.spongepowered.asm.service.mojang.MixinServiceLaunchWrapper/]: Found name transformer: cpw.mods.fml.common.asm.transformers.DeobfuscationTransformer
[21:13:51] [main/DEBUG] [org.spongepowered.asm.service.mojang.MixinServiceLaunchWrapper/]:   Adding:    cpw.mods.fml.common.asm.transformers.PatchingTransformer
[21:13:51] [main/DEBUG] [org.spongepowered.asm.service.mojang.MixinServiceLaunchWrapper/]:   Excluding: org.spongepowered.asm.mixin.transformer.Proxy
[21:13:51] [main/DEBUG] [org.spongepowered.asm.service.mojang.MixinServiceLaunchWrapper/]:   Adding:    io.github.legacymoddingmc.unimixins.compat.asm.ASMRemapperTransformer
[21:13:51] [main/DEBUG] [org.spongepowered.asm.service.mojang.MixinServiceLaunchWrapper/]:   Adding:    cpw.mods.fml.common.asm.transformers.MarkerTransformer
[21:13:51] [main/DEBUG] [org.spongepowered.asm.service.mojang.MixinServiceLaunchWrapper/]:   Adding:    cpw.mods.fml.common.asm.transformers.SideTransformer
[21:13:51] [main/DEBUG] [org.spongepowered.asm.service.mojang.MixinServiceLaunchWrapper/]:   Excluding: cpw.mods.fml.common.asm.transformers.EventSubscriptionTransformer
[21:13:51] [main/DEBUG] [org.spongepowered.asm.service.mojang.MixinServiceLaunchWrapper/]:   Adding:    net.minecraftforge.classloading.FluidIdTransformer
[21:13:51] [main/DEBUG] [org.spongepowered.asm.service.mojang.MixinServiceLaunchWrapper/]:   Adding:    codechicken.lib.asm.ClassHeirachyManager
[21:13:51] [main/DEBUG] [org.spongepowered.asm.service.mojang.MixinServiceLaunchWrapper/]:   Adding:    codechicken.lib.asm.RedirectorTransformer
[21:13:51] [main/DEBUG] [org.spongepowered.asm.service.mojang.MixinServiceLaunchWrapper/]:   Adding:    codechicken.core.asm.TweakTransformer
[21:13:51] [main/DEBUG] [org.spongepowered.asm.service.mojang.MixinServiceLaunchWrapper/]:   Adding:    codechicken.nei.asm.NEITransformer
[21:13:51] [main/DEBUG] [org.spongepowered.asm.service.mojang.MixinServiceLaunchWrapper/]:   Adding:    io.github.legacymoddingmc.unimixins.compat.asm.EnhanceCrashReportsTransformer
[21:13:51] [main/DEBUG] [org.spongepowered.asm.service.mojang.MixinServiceLaunchWrapper/]:   Adding:    org.embeddedt.archaicfix.asm.ArchaicTransformer
[21:13:51] [main/DEBUG] [org.spongepowered.asm.service.mojang.MixinServiceLaunchWrapper/]:   Adding:    com.gtnewhorizon.gtnhlib.core.fml.transformers.EventBusSubTransformer
[21:13:51] [main/DEBUG] [org.spongepowered.asm.service.mojang.MixinServiceLaunchWrapper/]:   Adding:    com.gtnewhorizon.gtnhlib.core.fml.transformers.BlockIconTransformer
[21:13:51] [main/DEBUG] [org.spongepowered.asm.service.mojang.MixinServiceLaunchWrapper/]:   Adding:    me.guichaguri.betterfps.transformers.MathTransformer
[21:13:51] [main/DEBUG] [org.spongepowered.asm.service.mojang.MixinServiceLaunchWrapper/]:   Adding:    me.guichaguri.betterfps.transformers.EventTransformer
[21:13:51] [main/DEBUG] [org.spongepowered.asm.service.mojang.MixinServiceLaunchWrapper/]:   Adding:    cpw.mods.fml.common.asm.transformers.DeobfuscationTransformer
[21:13:51] [main/DEBUG] [org.spongepowered.asm.service.mojang.MixinServiceLaunchWrapper/]:   Adding:    cpw.mods.fml.common.asm.transformers.AccessTransformer
[21:13:51] [main/DEBUG] [org.spongepowered.asm.service.mojang.MixinServiceLaunchWrapper/]:   Adding:    net.minecraftforge.transformers.ForgeAccessTransformer
[21:13:51] [main/DEBUG] [org.spongepowered.asm.service.mojang.MixinServiceLaunchWrapper/]:   Adding:    io.github.legacymoddingmc.unimixins.all.AllCore$CombinedAccessTransformer
[21:13:51] [main/DEBUG] [org.spongepowered.asm.service.mojang.MixinServiceLaunchWrapper/]:   Adding:    cpw.mods.fml.common.asm.transformers.ModAccessTransformer
[21:13:51] [main/DEBUG] [org.spongepowered.asm.service.mojang.MixinServiceLaunchWrapper/]:   Adding:    cpw.mods.fml.common.asm.transformers.ItemStackTransformer
[21:13:51] [main/DEBUG] [org.spongepowered.asm.service.mojang.MixinServiceLaunchWrapper/]:   Excluding: org.spongepowered.asm.mixin.transformer.Proxy
[21:13:51] [main/DEBUG] [org.spongepowered.asm.service.mojang.MixinServiceLaunchWrapper/]:   Adding:    pl.asie.foamfix.bugfixmod.coremod.BugfixModClassTransformer
[21:13:51] [main/DEBUG] [org.spongepowered.asm.service.mojang.MixinServiceLaunchWrapper/]:   Adding:    carbonconfiglib.impl.internal.CarbonConfigHooks
[21:13:51] [main/DEBUG] [org.spongepowered.asm.service.mojang.MixinServiceLaunchWrapper/]:   Adding:    pregenerator.base.hooks.PregenHooks
[21:13:51] [main/DEBUG] [org.spongepowered.asm.service.mojang.MixinServiceLaunchWrapper/]:   Adding:    fastcraft.J
[21:13:51] [main/DEBUG] [org.spongepowered.asm.service.mojang.MixinServiceLaunchWrapper/]: Transformer delegation list created with 25 entries
[21:13:51] [main/TRACE] [mixin/]: Added class metadata for cpw/mods/fml/common/LoaderState to metadata cache
[21:13:51] [main/INFO] [foamfix/]: [Log4JExploitFix] Applying Log4j exploit mitigation to io/github/tox1cozz/mixinbooterlegacy/MixinBooterLegacyPlugin/getLogger!
[21:13:51] [main/TRACE] [mixin/]: Added class metadata for io/github/tox1cozz/mixinbooterlegacy/MixinBooterLegacyPlugin to metadata cache
[21:13:51] [main/TRACE] [mixin/]: Added class metadata for org/apache/logging/log4j/Logger to metadata cache
[21:13:51] [main/TRACE] [mixin/]: Added class metadata for java/lang/Class to metadata cache
[21:13:51] [main/TRACE] [mixin/]: Added class metadata for cpw/mods/fml/common/discovery/ASMDataTable to metadata cache
[21:13:51] [main/TRACE] [mixin/]: Added class metadata for java/util/Set to metadata cache
[21:13:51] [main/TRACE] [mixin/]: Added class metadata for java/util/Iterator to metadata cache
[21:13:51] [main/TRACE] [mixin/]: Added class metadata for cpw/mods/fml/common/discovery/ModCandidate to metadata cache
[21:13:51] [main/TRACE] [mixin/]: Added class metadata for cpw/mods/fml/common/ModClassLoader to metadata cache
[21:13:51] [main/TRACE] [mixin/]: Added class metadata for java/lang/String to metadata cache
[21:13:51] [main/TRACE] [mixin/]: Added class metadata for org/spongepowered/asm/launch/MixinInitialisationError to metadata cache
[21:13:51] [main/TRACE] [mixin/]: Added class metadata for org/spongepowered/asm/mixin/throwables/MixinError to metadata cache
[21:13:51] [main/TRACE] [mixin/]: Added class metadata for java/lang/Error to metadata cache
[21:13:51] [main/TRACE] [mixin/]: Added class metadata for java/lang/Throwable to metadata cache
[21:13:51] [main/TRACE] [mixin/]: Added class metadata for java/io/Serializable to metadata cache
[21:13:51] [main/TRACE] [mixin/]: Added class metadata for io/github/tox1cozz/mixinbooterlegacy/ILateMixinLoader to metadata cache
[21:13:51] [main/TRACE] [mixin/]: Added class metadata for java/util/List to metadata cache
[21:13:51] [main/TRACE] [mixin/]: Added class metadata for org/spongepowered/asm/mixin/Mixins to metadata cache
[21:13:51] [main/TRACE] [mixin/]: Added class metadata for net/minecraft/launchwrapper/Launch to metadata cache
[21:13:51] [main/TRACE] [mixin/]: Added class metadata for com/google/common/util/concurrent/Runnables to metadata cache
[21:13:51] [main/TRACE] [mixin/]: Added class metadata for java/util/Map to metadata cache
[21:13:51] [main/TRACE] [mixin/]: Added class metadata for java/lang/Runnable to metadata cache
[21:13:51] [main/TRACE] [mixin/]: Added class metadata for cpw/mods/fml/common/Loader to metadata cache
[21:13:51] [main/TRACE] [mixin/]: Added class metadata for cpw/mods/fml/common/ModContainer to metadata cache
[21:13:51] [main/TRACE] [mixin/]: Added class metadata for java/lang/reflect/Field to metadata cache
[21:13:51] [main/TRACE] [mixin/]: Added class metadata for java/lang/reflect/AccessibleObject to metadata cache
[21:13:51] [main/TRACE] [mixin/]: Added class metadata for net/minecraft/launchwrapper/LaunchClassLoader to metadata cache
[21:13:51] [main/TRACE] [mixin/]: Added class metadata for java/util/Collection to metadata cache
[21:13:51] [main/TRACE] [mixin/]: Added class metadata for java/lang/invoke/LambdaMetafactory to metadata cache
[21:13:51] [main/TRACE] [mixin/]: Added class metadata for java/util/stream/Stream to metadata cache
[21:13:51] [main/TRACE] [mixin/]: Added class metadata for java/util/Optional to metadata cache
[21:13:51] [main/TRACE] [mixin/]: Added class metadata for java/lang/reflect/Method to metadata cache
[21:13:51] [main/TRACE] [mixin/]: Added class metadata for java/lang/reflect/Executable to metadata cache
[21:13:51] [main/TRACE] [mixin/]: Added class metadata for org/spongepowered/asm/mixin/MixinEnvironment to metadata cache
[21:13:51] [main/DEBUG] [mixin/]: Mixing LateMixinOrchestrationMixin from mixins.gtnhmixins.json into cpw.mods.fml.common.LoadController
[21:13:51] [main/INFO] [foamfix/]: [Log4JExploitFix] Applying Log4j exploit mitigation to com/gtnewhorizon/gtnhmixins/GTNHMixins/getLogger!
[21:13:51] [main/TRACE] [mixin/]: Added class metadata for com/gtnewhorizon/gtnhmixins/GTNHMixins to metadata cache
[21:13:51] [main/TRACE] [mixin/]: Added class metadata for java/util/HashSet to metadata cache
[21:13:51] [main/TRACE] [mixin/]: Added class metadata for java/util/AbstractSet to metadata cache
[21:13:51] [main/TRACE] [mixin/]: Added class metadata for java/util/AbstractCollection to metadata cache
[21:13:51] [main/TRACE] [mixin/]: Added class metadata for java/lang/Iterable to metadata cache
[21:13:51] [main/TRACE] [mixin/]: Added class metadata for java/lang/Cloneable to metadata cache
[21:13:51] [main/TRACE] [mixin/]: Added class metadata for java/util/Collections to metadata cache
[21:13:51] [main/TRACE] [mixin/]: Added class metadata for com/gtnewhorizon/gtnhmixins/ILateMixinLoader to metadata cache
[21:13:51] [main/TRACE] [mixin/]: Added class metadata for org/spongepowered/asm/mixin/transformer/Config to metadata cache
[21:13:51] [main/TRACE] [mixin/]: Added class metadata for com/gtnewhorizon/gtnhmixins/Reflection to metadata cache
[21:13:51] [main/TRACE] [mixin/]: Added class metadata for java/util/ArrayList to metadata cache
[21:13:51] [main/TRACE] [mixin/]: Added class metadata for java/util/AbstractList to metadata cache
[21:13:51] [main/TRACE] [mixin/]: Added class metadata for java/util/RandomAccess to metadata cache
[21:13:51] [main/TRACE] [mixin/]: Added class metadata for org/apache/commons/lang3/reflect/FieldUtils to metadata cache
[21:13:51] [main/TRACE] [mixin/]: Added class metadata for java/lang/Boolean to metadata cache
[21:13:51] [main/TRACE] [mixin/]: Added class metadata for java/lang/NoSuchMethodException to metadata cache
[21:13:51] [main/TRACE] [mixin/]: Added class metadata for org/spongepowered/asm/mixin/injection/callback/CallbackInfo to metadata cache
[21:13:51] [main/TRACE] [mixin/]: Added class metadata for io/github/tox1cozz/mixinbooterlegacy/LateMixin to metadata cache
[21:13:51] [main/TRACE] [mixin/]: Added class metadata for org/spongepowered/asm/mixin/transformer/Proxy to metadata cache
[21:13:51] [main/TRACE] [mixin/]: Added class metadata for java/util/function/Predicate to metadata cache
[21:13:51] [main/TRACE] [mixin/]: Added class metadata for net/minecraft/launchwrapper/IClassTransformer to metadata cache
[21:13:51] [main/TRACE] [mixin/]: Added class metadata for com/gtnewhorizon/gtnhmixins/LateMixin to metadata cache
[21:13:51] [main/TRACE] [mixin/]: Added class metadata for java/lang/ClassNotFoundException to metadata cache
[21:13:51] [main/TRACE] [mixin/]: Added class metadata for java/lang/Exception to metadata cache
[21:13:51] [main/DEBUG] [mixin/]: mixin.mixinbooterlegacy.json:LoadControllerMixin from mod (unknown)->@Inject::beforeConstructing(Lcpw/mods/fml/common/LoaderState;[Ljava/lang/Object;Lorg/spongepowered/asm/mixin/injection/callback/CallbackInfo;)V doesn't use it's CallbackInfo
[21:13:51] [main/DEBUG] [mixin/]: mixin.mixinbooterlegacy.json:LoadControllerMixin from mod (unknown)->@Inject::beforeConstructing(Lcpw/mods/fml/common/LoaderState;[Ljava/lang/Object;Lorg/spongepowered/asm/mixin/injection/callback/CallbackInfo;)V has 0 override(s) in child classes
[21:13:51] [main/DEBUG] [mixin/]: mixin.mixinbooterlegacy.json:LoadControllerMixin from mod (unknown)->@Inject::beforeConstructing(Lcpw/mods/fml/common/LoaderState;[Ljava/lang/Object;Lorg/spongepowered/asm/mixin/injection/callback/CallbackInfo;)V won't be passed a CallbackInfo as a result
[21:13:51] [main/DEBUG] [mixin/]: mixins.gtnhmixins.json:LateMixinOrchestrationMixin from mod (unknown)->@Inject::beforeConstructing(Lcpw/mods/fml/common/LoaderState;[Ljava/lang/Object;Lorg/spongepowered/asm/mixin/injection/callback/CallbackInfo;)V doesn't use it's CallbackInfo
[21:13:51] [main/DEBUG] [mixin/]: mixins.gtnhmixins.json:LateMixinOrchestrationMixin from mod (unknown)->@Inject::beforeConstructing(Lcpw/mods/fml/common/LoaderState;[Ljava/lang/Object;Lorg/spongepowered/asm/mixin/injection/callback/CallbackInfo;)V has 0 override(s) in child classes
[21:13:51] [main/DEBUG] [mixin/]: mixins.gtnhmixins.json:LateMixinOrchestrationMixin from mod (unknown)->@Inject::beforeConstructing(Lcpw/mods/fml/common/LoaderState;[Ljava/lang/Object;Lorg/spongepowered/asm/mixin/injection/callback/CallbackInfo;)V won't be passed a CallbackInfo as a result
[21:13:51] [main/TRACE] [mixin/]: Added class metadata for java/lang/ReflectiveOperationException to metadata cache
[21:13:51] [main/INFO] [FastCraft/]: FastCraft loaded.
[21:13:51] [main/INFO] [LaunchWrapper/]: Loading tweak class name cpw.mods.fml.common.launcher.TerminalTweaker
[21:13:51] [main/INFO] [LaunchWrapper/]: Loading tweak class name org.spongepowered.asm.mixin.EnvironmentStateTweaker
[21:13:51] [main/INFO] [LaunchWrapper/]: Calling tweak class cpw.mods.fml.common.launcher.TerminalTweaker
[21:13:51] [main/INFO] [LaunchWrapper/]: Calling tweak class org.spongepowered.asm.mixin.EnvironmentStateTweaker
[21:13:51] [main/DEBUG] [mixin/]: Adding new mixin transformer proxy #3
[21:13:51] [main/INFO] [foamfix/]: [Log4JExploitFix] Applying Log4j exploit mitigation to net/minecraft/server/MinecraftServer/getLogger!
[21:13:51] [main/DEBUG] [FastCraft/]: 1 / 21 applied
[21:13:51] [main/TRACE] [FastCraft/]: 63f669b5 2fef7b47 6a792565 1463c0bd 9bae9211 c8279ba2 46e1af46 c1b32f3c 1ec4aa5e 7952d9ec 0dbb15ab 2c267258 77ccc8dd 937f2c9e 84274be4 ce4e7906 6518b690 e5fd58fe c8fae051 deca7f5d
[21:13:51] [main/DEBUG] [mixin/]: Ending MixinEnvironment[INIT], applied 1 mixins
[21:13:51] [main/DEBUG] [mixin/]: Preparing mixins for MixinEnvironment[DEFAULT]
[21:13:51] [main/DEBUG] [mixin/]: Selecting config mixingasm.mixin.json
[21:13:51] [main/INFO] [foamfix/]: [Log4JExploitFix] Applying Log4j exploit mitigation to makamys/mixingasm/MixinConfigPlugin/getLogger!
[21:13:51] [main/INFO] [foamfix/]: [Log4JExploitFix] Applying Log4j exploit mitigation to makamys/mixingasm/Mixingasm/getLogger!
[21:13:51] [main/INFO] [foamfix/]: [Log4JExploitFix] Applying Log4j exploit mitigation to io/github/legacymoddingmc/unimixins/mixingasm/repackage/common/sanitycheck/SanityCheckHelper/getLogger!
[21:13:51] [main/DEBUG] [mixingasm/]: Dynamic transformer inclusion pattern list: []
[21:13:51] [main/INFO] [foamfix/]: [Log4JExploitFix] Applying Log4j exploit mitigation to makamys/mixingasm/ConfigHelper/getLogger!
[21:13:51] [main/DEBUG] [mixingasm/]: Copying assets/mixingasm/default_config/mixingasm/transformer_inclusion_list_default.txt -> config/mixingasm/transformer_inclusion_list_default.txt
[21:13:51] [main/DEBUG] [mixingasm/]:       Trusting transformer cpw.mods.fml.common.asm.transformers.PatchingTransformer
[21:13:51] [main/DEBUG] [mixingasm/]:       Trusting transformer org.spongepowered.asm.mixin.transformer.Proxy
[21:13:51] [main/DEBUG] [mixingasm/]:   Not trusting transformer io.github.legacymoddingmc.unimixins.compat.asm.ASMRemapperTransformer
[21:13:51] [main/DEBUG] [mixingasm/]:       Trusting transformer cpw.mods.fml.common.asm.transformers.MarkerTransformer
[21:13:51] [main/DEBUG] [mixingasm/]:       Trusting transformer cpw.mods.fml.common.asm.transformers.SideTransformer
[21:13:51] [main/DEBUG] [mixingasm/]:       Trusting transformer cpw.mods.fml.common.asm.transformers.EventSubscriptionTransformer
[21:13:51] [main/DEBUG] [mixingasm/]:       Trusting transformer net.minecraftforge.classloading.FluidIdTransformer
[21:13:51] [main/DEBUG] [mixingasm/]:       Trusting transformer codechicken.lib.asm.ClassHeirachyManager
[21:13:51] [main/DEBUG] [mixingasm/]:       Trusting transformer codechicken.lib.asm.RedirectorTransformer
[21:13:51] [main/DEBUG] [mixingasm/]:       Trusting transformer codechicken.core.asm.TweakTransformer
[21:13:51] [main/DEBUG] [mixingasm/]:   Not trusting transformer codechicken.nei.asm.NEITransformer
[21:13:51] [main/DEBUG] [mixingasm/]:   Not trusting transformer io.github.legacymoddingmc.unimixins.compat.asm.EnhanceCrashReportsTransformer
[21:13:51] [main/DEBUG] [mixingasm/]:   Not trusting transformer org.embeddedt.archaicfix.asm.ArchaicTransformer
[21:13:51] [main/DEBUG] [mixingasm/]:   Not trusting transformer com.gtnewhorizon.gtnhlib.core.fml.transformers.EventBusSubTransformer
[21:13:51] [main/DEBUG] [mixingasm/]:   Not trusting transformer com.gtnewhorizon.gtnhlib.core.fml.transformers.BlockIconTransformer
[21:13:51] [main/DEBUG] [mixingasm/]:   Not trusting transformer me.guichaguri.betterfps.transformers.MathTransformer
[21:13:51] [main/DEBUG] [mixingasm/]:   Not trusting transformer me.guichaguri.betterfps.transformers.EventTransformer
[21:13:51] [main/DEBUG] [mixingasm/]:       Trusting transformer cpw.mods.fml.common.asm.transformers.DeobfuscationTransformer
[21:13:51] [main/DEBUG] [mixingasm/]:       Trusting transformer cpw.mods.fml.common.asm.transformers.AccessTransformer
[21:13:51] [main/DEBUG] [mixingasm/]:       Trusting transformer net.minecraftforge.transformers.ForgeAccessTransformer
[21:13:51] [main/DEBUG] [mixingasm/]:   Not trusting transformer io.github.legacymoddingmc.unimixins.all.AllCore.CombinedAccessTransformer
[21:13:51] [main/DEBUG] [mixingasm/]:       Trusting transformer cpw.mods.fml.common.asm.transformers.ModAccessTransformer
[21:13:51] [main/DEBUG] [mixingasm/]:       Trusting transformer cpw.mods.fml.common.asm.transformers.ItemStackTransformer
[21:13:51] [main/DEBUG] [mixingasm/]:       Trusting transformer org.spongepowered.asm.mixin.transformer.Proxy
[21:13:51] [main/DEBUG] [mixingasm/]:   Not trusting transformer pl.asie.foamfix.bugfixmod.coremod.BugfixModClassTransformer
[21:13:51] [main/DEBUG] [mixingasm/]:   Not trusting transformer carbonconfiglib.impl.internal.CarbonConfigHooks
[21:13:51] [main/DEBUG] [mixingasm/]:   Not trusting transformer pregenerator.base.hooks.PregenHooks
[21:13:51] [main/DEBUG] [mixingasm/]:   Not trusting transformer fastcraft.J
[21:13:51] [main/DEBUG] [mixingasm/]:       Trusting transformer cpw.mods.fml.common.asm.transformers.TerminalTransformer
[21:13:51] [main/DEBUG] [mixingasm/]:       Trusting transformer org.spongepowered.asm.mixin.transformer.Proxy
[21:13:51] [main/DEBUG] [mixingasm/]: Excluding transformers: [io.github.legacymoddingmc.unimixins.compat.asm.ASMRemapperTransformer, codechicken.nei.asm.NEITransformer, io.github.legacymoddingmc.unimixins.compat.asm.EnhanceCrashReportsTransformer, org.embeddedt.archaicfix.asm.ArchaicTransformer, com.gtnewhorizon.gtnhlib.core.fml.transformers.EventBusSubTransformer, com.gtnewhorizon.gtnhlib.core.fml.transformers.BlockIconTransformer, me.guichaguri.betterfps.transformers.MathTransformer, me.guichaguri.betterfps.transformers.EventTransformer, io.github.legacymoddingmc.unimixins.all.AllCore.CombinedAccessTransformer, pl.asie.foamfix.bugfixmod.coremod.BugfixModClassTransformer, carbonconfiglib.impl.internal.CarbonConfigHooks, pregenerator.base.hooks.PregenHooks, fastcraft.J]
[21:13:51] [main/DEBUG] [mixin/]: Selecting config mixins.archaicfix.json
[21:13:51] [main/DEBUG] [mixin/]: Selecting config mixins.gtnhlib.json
[21:13:51] [main/DEBUG] [mixin/]: Selecting config mixins.archaicfix.early.json
[21:13:51] [main/DEBUG] [mixin/]: Selecting config mixins.gtnhlib.early.json
[21:13:51] [main/DEBUG] [mixin/]: Preparing mixingasm.mixin.json (0)
[21:13:51] [main/DEBUG] [mixin/]: Preparing mixins.archaicfix.json (0)
[21:13:51] [main/DEBUG] [mixin/]: Preparing mixins.gtnhlib.json (0)
[21:13:51] [main/DEBUG] [mixin/]: Preparing mixins.archaicfix.early.json (50)
[21:13:51] [main/DEBUG] [org.spongepowered.asm.service.mojang.MixinServiceLaunchWrapper/]: Rebuilding transformer delegation list:
[21:13:51] [main/DEBUG] [org.spongepowered.asm.service.mojang.MixinServiceLaunchWrapper/]: Found name transformer: cpw.mods.fml.common.asm.transformers.DeobfuscationTransformer
[21:13:51] [main/DEBUG] [org.spongepowered.asm.service.mojang.MixinServiceLaunchWrapper/]:   Adding:    cpw.mods.fml.common.asm.transformers.PatchingTransformer
[21:13:51] [main/DEBUG] [org.spongepowered.asm.service.mojang.MixinServiceLaunchWrapper/]:   Excluding: org.spongepowered.asm.mixin.transformer.Proxy
[21:13:51] [main/DEBUG] [org.spongepowered.asm.service.mojang.MixinServiceLaunchWrapper/]:   Excluding: io.github.legacymoddingmc.unimixins.compat.asm.ASMRemapperTransformer
[21:13:51] [main/DEBUG] [org.spongepowered.asm.service.mojang.MixinServiceLaunchWrapper/]:   Adding:    cpw.mods.fml.common.asm.transformers.MarkerTransformer
[21:13:51] [main/DEBUG] [org.spongepowered.asm.service.mojang.MixinServiceLaunchWrapper/]:   Adding:    cpw.mods.fml.common.asm.transformers.SideTransformer
[21:13:51] [main/DEBUG] [org.spongepowered.asm.service.mojang.MixinServiceLaunchWrapper/]:   Excluding: cpw.mods.fml.common.asm.transformers.EventSubscriptionTransformer
[21:13:51] [main/DEBUG] [org.spongepowered.asm.service.mojang.MixinServiceLaunchWrapper/]:   Adding:    net.minecraftforge.classloading.FluidIdTransformer
[21:13:51] [main/DEBUG] [org.spongepowered.asm.service.mojang.MixinServiceLaunchWrapper/]:   Adding:    codechicken.lib.asm.ClassHeirachyManager
[21:13:51] [main/DEBUG] [org.spongepowered.asm.service.mojang.MixinServiceLaunchWrapper/]:   Adding:    codechicken.lib.asm.RedirectorTransformer
[21:13:51] [main/DEBUG] [org.spongepowered.asm.service.mojang.MixinServiceLaunchWrapper/]:   Adding:    codechicken.core.asm.TweakTransformer
[21:13:51] [main/DEBUG] [org.spongepowered.asm.service.mojang.MixinServiceLaunchWrapper/]:   Excluding: codechicken.nei.asm.NEITransformer
[21:13:51] [main/DEBUG] [org.spongepowered.asm.service.mojang.MixinServiceLaunchWrapper/]:   Excluding: io.github.legacymoddingmc.unimixins.compat.asm.EnhanceCrashReportsTransformer
[21:13:51] [main/DEBUG] [org.spongepowered.asm.service.mojang.MixinServiceLaunchWrapper/]:   Excluding: org.embeddedt.archaicfix.asm.ArchaicTransformer
[21:13:51] [main/DEBUG] [org.spongepowered.asm.service.mojang.MixinServiceLaunchWrapper/]:   Excluding: com.gtnewhorizon.gtnhlib.core.fml.transformers.EventBusSubTransformer
[21:13:51] [main/DEBUG] [org.spongepowered.asm.service.mojang.MixinServiceLaunchWrapper/]:   Excluding: com.gtnewhorizon.gtnhlib.core.fml.transformers.BlockIconTransformer
[21:13:51] [main/DEBUG] [org.spongepowered.asm.service.mojang.MixinServiceLaunchWrapper/]:   Excluding: me.guichaguri.betterfps.transformers.MathTransformer
[21:13:51] [main/DEBUG] [org.spongepowered.asm.service.mojang.MixinServiceLaunchWrapper/]:   Excluding: me.guichaguri.betterfps.transformers.EventTransformer
[21:13:51] [main/DEBUG] [org.spongepowered.asm.service.mojang.MixinServiceLaunchWrapper/]:   Adding:    cpw.mods.fml.common.asm.transformers.DeobfuscationTransformer
[21:13:51] [main/DEBUG] [org.spongepowered.asm.service.mojang.MixinServiceLaunchWrapper/]:   Adding:    cpw.mods.fml.common.asm.transformers.AccessTransformer
[21:13:51] [main/DEBUG] [org.spongepowered.asm.service.mojang.MixinServiceLaunchWrapper/]:   Adding:    net.minecraftforge.transformers.ForgeAccessTransformer
[21:13:51] [main/DEBUG] [org.spongepowered.asm.service.mojang.MixinServiceLaunchWrapper/]:   Adding:    io.github.legacymoddingmc.unimixins.all.AllCore$CombinedAccessTransformer
[21:13:51] [main/DEBUG] [org.spongepowered.asm.service.mojang.MixinServiceLaunchWrapper/]:   Adding:    cpw.mods.fml.common.asm.transformers.ModAccessTransformer
[21:13:51] [main/DEBUG] [org.spongepowered.asm.service.mojang.MixinServiceLaunchWrapper/]:   Adding:    cpw.mods.fml.common.asm.transformers.ItemStackTransformer
[21:13:51] [main/DEBUG] [org.spongepowered.asm.service.mojang.MixinServiceLaunchWrapper/]:   Excluding: org.spongepowered.asm.mixin.transformer.Proxy
[21:13:51] [main/DEBUG] [org.spongepowered.asm.service.mojang.MixinServiceLaunchWrapper/]:   Excluding: pl.asie.foamfix.bugfixmod.coremod.BugfixModClassTransformer
[21:13:51] [main/DEBUG] [org.spongepowered.asm.service.mojang.MixinServiceLaunchWrapper/]:   Excluding: carbonconfiglib.impl.internal.CarbonConfigHooks
[21:13:51] [main/DEBUG] [org.spongepowered.asm.service.mojang.MixinServiceLaunchWrapper/]:   Excluding: pregenerator.base.hooks.PregenHooks
[21:13:51] [main/DEBUG] [org.spongepowered.asm.service.mojang.MixinServiceLaunchWrapper/]:   Excluding: fastcraft.J
[21:13:51] [main/DEBUG] [org.spongepowered.asm.service.mojang.MixinServiceLaunchWrapper/]:   Excluding: cpw.mods.fml.common.asm.transformers.TerminalTransformer
[21:13:51] [main/DEBUG] [org.spongepowered.asm.service.mojang.MixinServiceLaunchWrapper/]:   Excluding: org.spongepowered.asm.mixin.transformer.Proxy
[21:13:51] [main/DEBUG] [org.spongepowered.asm.service.mojang.MixinServiceLaunchWrapper/]: Transformer delegation list created with 13 entries
[21:13:52] [main/TRACE] [mixin/]: Added class metadata for net/minecraft/entity/EntityLiving to metadata cache
[21:13:52] [main/TRACE] [mixin/]: Added class metadata for net/minecraft/entity/player/EntityPlayerMP to metadata cache
[21:13:52] [main/TRACE] [mixin/]: Added class metadata for net/minecraft/world/WorldServer to metadata cache
[21:13:52] [main/TRACE] [mixin/]: Added class metadata for net/minecraft/world/gen/structure/MapGenStructure to metadata cache
[21:13:52] [main/TRACE] [mixin/]: Added class metadata for net/minecraft/entity/passive/EntityVillager to metadata cache
[21:13:52] [main/TRACE] [mixin/]: Added class metadata for net/minecraft/village/MerchantRecipe to metadata cache
[21:13:52] [main/TRACE] [mixin/]: Added class metadata for net/minecraft/util/AxisAlignedBB to metadata cache
[21:13:52] [main/TRACE] [mixin/]: Added class metadata for net/minecraft/block/material/MaterialLiquid to metadata cache
[21:13:52] [main/TRACE] [mixin/]: Added class metadata for net/minecraft/world/gen/ChunkProviderServer to metadata cache
[21:13:52] [main/TRACE] [mixin/]: Added class metadata for net/minecraftforge/common/chunkio/ChunkIOProvider to metadata cache
[21:13:52] [main/TRACE] [mixin/]: Added class metadata for net/minecraft/world/SpawnerAnimals to metadata cache
[21:13:52] [main/TRACE] [mixin/]: Added class metadata for net/minecraftforge/oredict/ShapedOreRecipe to metadata cache
[21:13:52] [main/TRACE] [mixin/]: Added class metadata for net/minecraft/util/LongHashMap to metadata cache
[21:13:52] [main/DEBUG] [CCL ASM/]: Writing method [aji.canBeReplacedByLeaves(Lahl;III)Z]
[21:13:52] [main/TRACE] [mixin/]: Added class metadata for net/minecraft/block/Block to metadata cache
[21:13:52] [main/TRACE] [mixin/]: Added class metadata for net/minecraft/enchantment/EnchantmentHelper to metadata cache
[21:13:52] [main/TRACE] [mixin/]: Added class metadata for net/minecraft/world/biome/WorldChunkManager to metadata cache
[21:13:52] [main/TRACE] [mixin/]: Added class metadata for net/minecraft/item/crafting/ShapedRecipes to metadata cache
[21:13:52] [main/TRACE] [mixin/]: Added class metadata for net/minecraftforge/oredict/ShapelessOreRecipe to metadata cache
[21:13:52] [main/TRACE] [mixin/]: Added class metadata for net/minecraft/item/crafting/ShapelessRecipes to metadata cache
[21:13:52] [main/TRACE] [mixin/]: Added class metadata for net/minecraft/world/World to metadata cache
[21:13:52] [main/TRACE] [mixin/]: Added class metadata for net/minecraft/entity/EntityTrackerEntry to metadata cache
[21:13:52] [main/TRACE] [mixin/]: Added class metadata for net/minecraft/entity/item/EntityXPOrb to metadata cache
[21:13:52] [main/TRACE] [mixin/]: Added class metadata for net/minecraft/entity/Entity to metadata cache
[21:13:52] [main/TRACE] [mixin/]: Added class metadata for net/minecraftforge/common/ForgeChunkManager to metadata cache
[21:13:52] [main/TRACE] [mixin/]: Added class metadata for net/minecraft/world/chunk/Chunk to metadata cache
[21:13:52] [main/TRACE] [mixin/]: Added class metadata for net/minecraft/world/gen/structure/StructureStart to metadata cache
[21:13:52] [main/TRACE] [mixin/]: Added class metadata for net/minecraftforge/oredict/OreDictionary to metadata cache
[21:13:52] [main/TRACE] [mixin/]: Added class metadata for net/minecraft/world/gen/ChunkProviderHell to metadata cache
[21:13:52] [main/TRACE] [mixin/]: Added class metadata for net/minecraft/network/NetHandlerPlayServer to metadata cache
[21:13:52] [main/TRACE] [mixin/]: Added class metadata for net/minecraft/world/chunk/storage/AnvilChunkLoader to metadata cache
[21:13:52] [main/TRACE] [mixin/]: Added class metadata for net/minecraft/world/chunk/storage/ExtendedBlockStorage to metadata cache
[21:13:52] [main/TRACE] [mixin/]: Added class metadata for net/minecraft/network/play/server/S21PacketChunkData to metadata cache
[21:13:52] [main/TRACE] [mixin/]: Added class metadata for cpw/mods/fml/common/network/handshake/NetworkDispatcher to metadata cache
[21:13:52] [main/TRACE] [mixin/]: Added class metadata for net/minecraft/network/NetworkManager to metadata cache
[21:13:52] [main/TRACE] [mixin/]: Added class metadata for io/netty/channel/embedded/EmbeddedChannel to metadata cache
[21:13:52] [main/TRACE] [mixin/]: Added class metadata for net/minecraft/entity/item/EntityItem to metadata cache
[21:13:52] [main/TRACE] [mixin/]: Added class metadata for net/minecraft/entity/EntityLivingBase to metadata cache
[21:13:52] [main/TRACE] [mixin/]: Added class metadata for net/minecraft/world/gen/structure/ComponentScatteredFeaturePieces$SwampHut to metadata cache
[21:13:52] [main/DEBUG] [mixin/]: Preparing mixins.gtnhlib.early.json (15)
[21:13:52] [main/TRACE] [mixin/]: Added class metadata for cpw/mods/fml/common/eventhandler/EventBus to metadata cache
[21:13:52] [main/TRACE] [mixin/]: Added class metadata for cpw/mods/fml/common/discovery/asm/ModAnnotation$EnumHolder to metadata cache
[21:13:52] [main/TRACE] [mixin/]: Added class metadata for net/minecraft/server/MinecraftServer to metadata cache
[21:13:52] [main/TRACE] [mixin/]: Added class metadata for net/minecraft/world/GameRules to metadata cache
[21:13:52] [main/TRACE] [mixin/]: Added class metadata for net/minecraft/command/CommandHandler to metadata cache
[21:13:52] [main/TRACE] [mixin/]: Added class metadata for net/minecraft/command/CommandHelp to metadata cache
[21:13:52] [main/TRACE] [mixin/]: Added class metadata for net/minecraft/tileentity/TileEntitySkull to metadata cache
[21:13:52] [main/TRACE] [mixin/]: Added class metadata for net/minecraft/entity/passive/EntityHorse to metadata cache
[21:13:52] [main/TRACE] [mixin/]: Added class metadata for net/minecraft/item/ItemBlock to metadata cache
[21:13:52] [main/TRACE] [mixin/]: Added class metadata for net/minecraft/item/ItemSlab to metadata cache
[21:13:52] [main/TRACE] [mixin/]: Added class metadata for net/minecraft/util/IChatComponent$Serializer to metadata cache
[21:13:52] [main/TRACE] [mixin/]: Added class metadata for cpw/mods/fml/common/discovery/JarDiscoverer to metadata cache
[21:13:52] [main/TRACE] [mixin/]: Added class metadata for net/minecraft/entity/player/EntityPlayer to metadata cache
[21:13:52] [main/TRACE] [mixin/]: Added class metadata for net/minecraft/block/material/Material to metadata cache
[21:13:52] [main/TRACE] [mixin/]: Added class metadata for com/google/common/collect/ImmutableSet$Builder to metadata cache
[21:13:52] [main/TRACE] [mixin/]: Added class metadata for net/minecraft/block/Block$SoundType to metadata cache
[21:13:52] [main/TRACE] [mixin/]: Added class metadata for net/minecraft/enchantment/EnchantmentHelper$ModifierDamage to metadata cache
[21:13:52] [main/TRACE] [mixin/]: Added class metadata for net/minecraft/enchantment/EnchantmentHelper$HurtIterator to metadata cache
[21:13:52] [main/TRACE] [mixin/]: Added class metadata for net/minecraft/enchantment/EnchantmentHelper$DamageIterator to metadata cache
[21:13:52] [main/TRACE] [mixin/]: Added class metadata for org/spongepowered/asm/mixin/injection/At$Shift to metadata cache
[21:13:52] [main/TRACE] [mixin/]: Added class metadata for net/minecraft/network/play/server/S21PacketChunkData$Extracted to metadata cache
[21:13:52] [main/TRACE] [mixin/]: Added class metadata for java/util/AbstractMap$SimpleEntry to metadata cache
[21:13:52] [main/TRACE] [mixin/]: Added class metadata for io/netty/channel/AbstractChannel to metadata cache
[21:13:52] [main/DEBUG] [mixin/]: Prepared 65 mixins in 0,435 sec (6,7ms avg) (15ms load, 239ms transform, 0ms plugin)
[21:13:52] [main/DEBUG] [mixin/]: Mixing MixinMinecraftServer from mixins.gtnhlib.early.json into net.minecraft.server.MinecraftServer
[21:13:52] [main/TRACE] [mixin/]: Added class metadata for net/minecraft/profiler/Profiler to metadata cache
[21:13:52] [main/TRACE] [mixin/]: Added class metadata for com/gtnewhorizon/gtnhlib/util/ServerThreadUtil to metadata cache
[21:13:52] [main/TRACE] [mixin/]: Added class metadata for java/lang/Thread to metadata cache
[21:13:52] [main/TRACE] [mixin/]: Added class metadata for net/minecraft/command/ICommandSender to metadata cache
[21:13:52] [main/TRACE] [mixin/]: Added class metadata for net/minecraft/profiler/IPlayerUsage to metadata cache
[21:13:52] [main/DEBUG] [mixin/]: mixins.gtnhlib.early.json:MixinMinecraftServer from mod gtnhlib->@Inject::runJobs(Lorg/spongepowered/asm/mixin/injection/callback/CallbackInfo;)V doesn't use it's CallbackInfo
[21:13:52] [main/DEBUG] [mixin/]: mixins.gtnhlib.early.json:MixinMinecraftServer from mod gtnhlib->@Inject::runJobs(Lorg/spongepowered/asm/mixin/injection/callback/CallbackInfo;)V has 0 override(s) in child classes
[21:13:52] [main/DEBUG] [mixin/]: mixins.gtnhlib.early.json:MixinMinecraftServer from mod gtnhlib->@Inject::runJobs(Lorg/spongepowered/asm/mixin/injection/callback/CallbackInfo;)V won't be passed a CallbackInfo as a result
[21:13:52] [main/DEBUG] [mixin/]: mixins.gtnhlib.early.json:MixinMinecraftServer from mod gtnhlib->@Inject::saveServerThreadReference(Lorg/spongepowered/asm/mixin/injection/callback/CallbackInfo;)V doesn't use it's CallbackInfo
[21:13:52] [main/DEBUG] [mixin/]: mixins.gtnhlib.early.json:MixinMinecraftServer from mod gtnhlib->@Inject::saveServerThreadReference(Lorg/spongepowered/asm/mixin/injection/callback/CallbackInfo;)V has 0 override(s) in child classes
[21:13:52] [main/DEBUG] [mixin/]: mixins.gtnhlib.early.json:MixinMinecraftServer from mod gtnhlib->@Inject::saveServerThreadReference(Lorg/spongepowered/asm/mixin/injection/callback/CallbackInfo;)V won't be passed a CallbackInfo as a result
[21:13:52] [main/DEBUG] [mixin/]: mixins.gtnhlib.early.json:MixinMinecraftServer from mod gtnhlib->@Inject::clearServerThreadReference(Lorg/spongepowered/asm/mixin/injection/callback/CallbackInfo;)V doesn't use it's CallbackInfo
[21:13:52] [main/DEBUG] [mixin/]: mixins.gtnhlib.early.json:MixinMinecraftServer from mod gtnhlib->@Inject::clearServerThreadReference(Lorg/spongepowered/asm/mixin/injection/callback/CallbackInfo;)V has 0 override(s) in child classes
[21:13:52] [main/DEBUG] [mixin/]: mixins.gtnhlib.early.json:MixinMinecraftServer from mod gtnhlib->@Inject::clearServerThreadReference(Lorg/spongepowered/asm/mixin/injection/callback/CallbackInfo;)V won't be passed a CallbackInfo as a result
[21:13:52] [main/TRACE] [mixin/]: Added class metadata for net/minecraft/world/WorldServerMulti to metadata cache
[21:13:52] [main/TRACE] [mixin/]: Added class metadata for net/minecraft/world/demo/DemoWorldServer to metadata cache
[21:13:52] [main/TRACE] [mixin/]: Added class metadata for cpw/mods/fml/common/StartupQuery$AbortedException to metadata cache
[21:13:52] [main/TRACE] [mixin/]: Added class metadata for java/lang/RuntimeException to metadata cache
[21:13:52] [main/INFO] [foamfix/]: [Log4JExploitFix] Applying Log4j exploit mitigation to net/minecraft/world/WorldServer/getLogger!
[21:13:52] [main/DEBUG] [mixin/]: Mixing common.core.MixinWorldServer from mixins.archaicfix.early.json into net.minecraft.world.WorldServer
[21:13:52] [main/TRACE] [mixin/]: Added class metadata for net/minecraft/world/IBlockAccess to metadata cache
[21:13:52] [main/TRACE] [mixin/]: Added class metadata for org/embeddedt/archaicfix/config/ArchaicConfig to metadata cache
[21:13:52] [main/TRACE] [mixin/]: Added class metadata for org/spongepowered/asm/mixin/injection/callback/CallbackInfoReturnable to metadata cache
[21:13:52] [main/TRACE] [mixin/]: Added class metadata for java/lang/Integer to metadata cache
[21:13:52] [main/TRACE] [mixin/]: Added class metadata for java/lang/Math to metadata cache
[21:13:52] [main/TRACE] [mixin/]: Added class metadata for net/minecraft/world/storage/ISaveHandler to metadata cache
[21:13:52] [main/TRACE] [mixin/]: Added class metadata for net/minecraft/world/WorldProvider to metadata cache
[21:13:52] [main/TRACE] [mixin/]: Added class metadata for net/minecraft/world/WorldSettings to metadata cache
[21:13:52] [main/DEBUG] [mixin/]: mixins.archaicfix.early.json:common.core.MixinWorldServer from mod archaicfix->@Inject::shortenBlockUpdateDistance(Lorg/spongepowered/asm/mixin/injection/callback/CallbackInfoReturnable;)V does use it's CallbackInfoReturnable
[21:13:52] [main/DEBUG] [FastCraft/]: 2 / 21 applied
[21:13:52] [main/TRACE] [FastCraft/]: 63f669b5 2fef7b47 6a792565 1463c0bd 9bae9211 c8279ba2 46e1af46 c1b32f3c 1ec4aa5e 7952d9ec 2c267258 77ccc8dd 937f2c9e 84274be4 ce4e7906 6518b690 e5fd58fe c8fae051 deca7f5d
[21:13:52] [main/DEBUG] [mixin/]: Mixing common.core.MixinWorld from mixins.archaicfix.early.json into net.minecraft.world.World
[21:13:52] [main/TRACE] [mixin/]: Added class metadata for net/minecraft/world/biome/BiomeGenBase to metadata cache
[21:13:52] [main/TRACE] [mixin/]: Added class metadata for net/minecraft/world/storage/WorldInfo to metadata cache
[21:13:52] [main/TRACE] [mixin/]: Added class metadata for net/minecraft/world/EnumDifficulty to metadata cache
[21:13:52] [main/TRACE] [mixin/]: Added class metadata for net/minecraft/util/MathHelper to metadata cache
[21:13:52] [main/TRACE] [mixin/]: Added class metadata for java/lang/Float to metadata cache
[21:13:52] [main/TRACE] [mixin/]: Added class metadata for com/google/common/collect/ImmutableSet to metadata cache
[21:13:52] [main/TRACE] [mixin/]: Added class metadata for net/minecraft/entity/EntityList to metadata cache
[21:13:52] [main/TRACE] [mixin/]: Added class metadata for cpw/mods/fml/common/FMLCommonHandler to metadata cache
[21:13:52] [main/TRACE] [mixin/]: Added class metadata for net/minecraft/server/management/ServerConfigurationManager to metadata cache
[21:13:52] [main/TRACE] [mixin/]: Added class metadata for org/embeddedt/archaicfix/lighting/world/lighting/LightingEngineHelpers to metadata cache
[21:13:52] [main/DEBUG] [mixin/]: Mixing common.lighting.MixinWorld_Lighting from mixins.archaicfix.early.json into net.minecraft.world.World
[21:13:52] [main/TRACE] [mixin/]: Added class metadata for org/embeddedt/archaicfix/lighting/api/ILightingEngineProvider to metadata cache
[21:13:52] [main/TRACE] [mixin/]: Added class metadata for org/embeddedt/archaicfix/lighting/world/lighting/LightingEngine to metadata cache
[21:13:52] [main/TRACE] [mixin/]: Added class metadata for org/embeddedt/archaicfix/lighting/api/ILightingEngine to metadata cache
[21:13:52] [main/DEBUG] [mixin/]: Mixing common.lighting.fastcraft.MixinWorld from mixins.archaicfix.early.json into net.minecraft.world.World
[21:13:52] [main/DEBUG] [mixin/]: Mixing common.core.MixinWorld_UpdateEntities from mixins.archaicfix.early.json into net.minecraft.world.World
[21:13:52] [main/TRACE] [mixin/]: Added class metadata for java/util/IdentityHashMap to metadata cache
[21:13:52] [main/TRACE] [mixin/]: Added class metadata for java/util/AbstractMap to metadata cache
[21:13:52] [main/TRACE] [mixin/]: Added class metadata for net/minecraft/world/EnumSkyBlock to metadata cache
[21:13:52] [main/DEBUG] [mixin/]: mixins.archaicfix.early.json:common.core.MixinWorld from mod archaicfix->@Inject::func_147473_B(IIILorg/spongepowered/asm/mixin/injection/callback/CallbackInfoReturnable;)V does use it's CallbackInfoReturnable
[21:13:52] [main/DEBUG] [mixin/]: mixins.archaicfix.early.json:common.core.MixinWorld from mod archaicfix->@Inject::skipUpdateIfOptimizing(Lnet/minecraft/entity/Entity;ZLorg/spongepowered/asm/mixin/injection/callback/CallbackInfo;IIZ)V does use it's CallbackInfo
[21:13:52] [main/DEBUG] [mixin/]: mixins.archaicfix.early.json:common.core.MixinWorld from mod archaicfix->@Inject::saveInactiveChunks(Lorg/spongepowered/asm/mixin/injection/callback/CallbackInfo;)V doesn't use it's CallbackInfo
[21:13:52] [main/DEBUG] [mixin/]: mixins.archaicfix.early.json:common.core.MixinWorld from mod archaicfix->@Inject::saveInactiveChunks(Lorg/spongepowered/asm/mixin/injection/callback/CallbackInfo;)V has 0 override(s) in child classes
[21:13:52] [main/DEBUG] [mixin/]: mixins.archaicfix.early.json:common.core.MixinWorld from mod archaicfix->@Inject::saveInactiveChunks(Lorg/spongepowered/asm/mixin/injection/callback/CallbackInfo;)V won't be passed a CallbackInfo as a result
[21:13:52] [main/INFO] [foamfix/]: [Log4JExploitFix] Applying Log4j exploit mitigation to net/minecraft/network/Packet/getLogger!
[21:13:52] [main/INFO] [foamfix/]: [Log4JExploitFix] Applying Log4j exploit mitigation to net/minecraft/network/NetworkSystem/getLogger!
[21:13:52] [main/INFO] [foamfix/]: [Log4JExploitFix] Applying Log4j exploit mitigation to net/minecraft/crash/CrashReport/getLogger!
[21:13:52] [main/DEBUG] [FastCraft/]: 3 / 21 applied
[21:13:52] [main/TRACE] [FastCraft/]: 63f669b5 2fef7b47 6a792565 1463c0bd c8279ba2 46e1af46 c1b32f3c 1ec4aa5e 7952d9ec 2c267258 77ccc8dd 937f2c9e 84274be4 ce4e7906 6518b690 e5fd58fe c8fae051 deca7f5d
[21:13:52] [main/INFO] [foamfix/]: [Log4JExploitFix] Applying Log4j exploit mitigation to net/minecraft/server/management/ServerConfigurationManager/getLogger!
[21:13:52] [main/INFO] [foamfix/]: [SnowballFix] Found target method
[21:13:52] [main/INFO] [foamfix/]: [SnowballFix] Removed instructions
[21:13:52] [main/INFO] [foamfix/]: [SnowballFix] Applied transform!
[21:13:52] [main/DEBUG] [FastCraft/]: 4 / 21 applied
[21:13:52] [main/TRACE] [FastCraft/]: 63f669b5 2fef7b47 6a792565 1463c0bd c8279ba2 46e1af46 c1b32f3c 1ec4aa5e 7952d9ec 2c267258 77ccc8dd 937f2c9e 84274be4 ce4e7906 6518b690 e5fd58fe deca7f5d
[21:13:52] [main/INFO] [foamfix/]: [EntityHeldItemNBTRenderFix] Failed to apply transform!
[21:13:52] [main/DEBUG] [FastCraft/]: 5 / 21 applied
[21:13:52] [main/TRACE] [FastCraft/]: 63f669b5 2fef7b47 6a792565 1463c0bd c8279ba2 46e1af46 c1b32f3c 1ec4aa5e 7952d9ec 2c267258 77ccc8dd 84274be4 ce4e7906 6518b690 e5fd58fe deca7f5d
[21:13:52] [main/DEBUG] [mixin/]: Mixing common.core.MixinEntityLivingBase_EarlyXpDrop from mixins.archaicfix.early.json into net.minecraft.entity.EntityLivingBase
[21:13:52] [main/DEBUG] [mixin/]: Mixing MixinEntityLivingBase from mixins.gtnhlib.early.json into net.minecraft.entity.EntityLivingBase
[21:13:52] [main/TRACE] [mixin/]: Added class metadata for net/minecraftforge/common/MinecraftForge to metadata cache
[21:13:52] [main/TRACE] [mixin/]: Added class metadata for com/gtnewhorizon/gtnhlib/client/event/LivingEquipmentChangeEvent to metadata cache
[21:13:52] [main/TRACE] [mixin/]: Added class metadata for net/minecraftforge/event/entity/living/LivingEvent to metadata cache
[21:13:52] [main/TRACE] [mixin/]: Added class metadata for net/minecraftforge/event/entity/EntityEvent to metadata cache
[21:13:52] [main/TRACE] [mixin/]: Added class metadata for cpw/mods/fml/common/eventhandler/Event to metadata cache
[21:13:52] [main/DEBUG] [mixin/]: Mixing block_sounds.MixinEntityLivingBase from mixins.gtnhlib.early.json into net.minecraft.entity.EntityLivingBase
[21:13:52] [main/TRACE] [mixin/]: Added class metadata for com/gtnewhorizon/gtnhlib/api/IBlockWithCustomSound to metadata cache
[21:13:52] [main/TRACE] [mixin/]: Added class metadata for com/llamalad7/mixinextras/injector/wrapoperation/Operation to metadata cache
[21:13:52] [main/TRACE] [mixin/]: Added class metadata for net/minecraft/item/ItemStack to metadata cache
[21:13:52] [main/DEBUG] [mixin/]: mixins.archaicfix.early.json:common.core.MixinEntityLivingBase_EarlyXpDrop from mod archaicfix->@Inject::dropXpImmediately(Lorg/spongepowered/asm/mixin/injection/callback/CallbackInfo;)V doesn't use it's CallbackInfo
[21:13:52] [main/DEBUG] [mixin/]: mixins.archaicfix.early.json:common.core.MixinEntityLivingBase_EarlyXpDrop from mod archaicfix->@Inject::dropXpImmediately(Lorg/spongepowered/asm/mixin/injection/callback/CallbackInfo;)V has 0 override(s) in child classes
[21:13:52] [main/DEBUG] [mixin/]: mixins.archaicfix.early.json:common.core.MixinEntityLivingBase_EarlyXpDrop from mod archaicfix->@Inject::dropXpImmediately(Lorg/spongepowered/asm/mixin/injection/callback/CallbackInfo;)V won't be passed a CallbackInfo as a result
[21:13:52] [main/DEBUG] [mixin/]: mixins.gtnhlib.early.json:MixinEntityLivingBase from mod gtnhlib->@Inject::addEquipmentChangeEventBus(Lorg/spongepowered/asm/mixin/injection/callback/CallbackInfo;)V doesn't use it's CallbackInfo
[21:13:52] [main/DEBUG] [mixin/]: mixins.gtnhlib.early.json:MixinEntityLivingBase from mod gtnhlib->@Inject::addEquipmentChangeEventBus(Lorg/spongepowered/asm/mixin/injection/callback/CallbackInfo;)V has 0 override(s) in child classes
[21:13:52] [main/DEBUG] [mixin/]: mixins.gtnhlib.early.json:MixinEntityLivingBase from mod gtnhlib->@Inject::addEquipmentChangeEventBus(Lorg/spongepowered/asm/mixin/injection/callback/CallbackInfo;)V won't be passed a CallbackInfo as a result
[21:13:52] [main/DEBUG] [FastCraft/]: 6 / 21 applied
[21:13:52] [main/TRACE] [FastCraft/]: 63f669b5 2fef7b47 6a792565 1463c0bd c8279ba2 c1b32f3c 1ec4aa5e 7952d9ec 2c267258 77ccc8dd 84274be4 ce4e7906 6518b690 e5fd58fe deca7f5d
[21:13:52] [main/DEBUG] [mixin/]: Mixing common.core.MixinEntity from mixins.archaicfix.early.json into net.minecraft.entity.Entity
[21:13:52] [main/DEBUG] [mixin/]: Mixing block_sounds.MixinEntity from mixins.gtnhlib.early.json into net.minecraft.entity.Entity
[21:13:52] [main/DEBUG] [mixin/]: mixins.archaicfix.early.json:common.core.MixinEntity from mod archaicfix->@Inject::beforeOnFallenUpon(DZLorg/spongepowered/asm/mixin/injection/callback/CallbackInfo;)V doesn't use it's CallbackInfo
[21:13:52] [main/DEBUG] [mixin/]: mixins.archaicfix.early.json:common.core.MixinEntity from mod archaicfix->@Inject::beforeOnFallenUpon(DZLorg/spongepowered/asm/mixin/injection/callback/CallbackInfo;)V has 0 override(s) in child classes
[21:13:52] [main/DEBUG] [mixin/]: mixins.archaicfix.early.json:common.core.MixinEntity from mod archaicfix->@Inject::beforeOnFallenUpon(DZLorg/spongepowered/asm/mixin/injection/callback/CallbackInfo;)V won't be passed a CallbackInfo as a result
[21:13:52] [main/TRACE] [mixin/]: Added class metadata for net/minecraft/nbt/NBTTagCompound to metadata cache
[21:13:52] [main/TRACE] [mixin/]: Added class metadata for net/minecraft/nbt/NBTBase to metadata cache
[21:13:52] [main/TRACE] [mixin/]: Added class metadata for net/minecraftforge/common/IExtendedEntityProperties to metadata cache
[21:13:52] [main/INFO] [LaunchWrapper/]: Launching wrapped minecraft {net.minecraft.server.MinecraftServer}
[21:13:52] [main/DEBUG] [CCL ASM/]: Writing method [aji.canBeReplacedByLeaves(Lahl;III)Z]
[21:13:52] [main/DEBUG] [mixin/]: Mixing common.core.MixinBlock from mixins.archaicfix.early.json into net.minecraft.block.Block
[21:13:52] [main/TRACE] [mixin/]: Added class metadata for java/lang/ref/WeakReference to metadata cache
[21:13:52] [main/TRACE] [mixin/]: Added class metadata for java/lang/ref/Reference to metadata cache
[21:13:52] [main/TRACE] [mixin/]: Added class metadata for org/embeddedt/archaicfix/block/ThreadedBlockData to metadata cache
[21:13:52] [main/TRACE] [mixin/]: Added class metadata for java/lang/ThreadLocal to metadata cache
[21:13:52] [main/TRACE] [mixin/]: Added class metadata for cpw/mods/fml/relauncher/Side to metadata cache
[21:13:52] [main/DEBUG] [mixin/]: Mixing common.core.MixinBlock_Late from mixins.archaicfix.early.json into net.minecraft.block.Block
[21:13:52] [main/INFO] [foamfix/]: [Log4JExploitFix] Applying Log4j exploit mitigation to net/minecraft/entity/item/EntityItem/getLogger!
[21:13:52] [main/DEBUG] [mixin/]: Mixing common.core.MixinEntityItem from mixins.archaicfix.early.json into net.minecraft.entity.item.EntityItem
[21:13:52] [main/DEBUG] [mixin/]: mixins.archaicfix.early.json:common.core.MixinEntityItem from mod archaicfix->@Inject::restoreVelocityIfNotMoving(Lorg/spongepowered/asm/mixin/injection/callback/CallbackInfo;)V doesn't use it's CallbackInfo
[21:13:52] [main/DEBUG] [mixin/]: mixins.archaicfix.early.json:common.core.MixinEntityItem from mod archaicfix->@Inject::restoreVelocityIfNotMoving(Lorg/spongepowered/asm/mixin/injection/callback/CallbackInfo;)V has 0 override(s) in child classes
[21:13:52] [main/DEBUG] [mixin/]: mixins.archaicfix.early.json:common.core.MixinEntityItem from mod archaicfix->@Inject::restoreVelocityIfNotMoving(Lorg/spongepowered/asm/mixin/injection/callback/CallbackInfo;)V won't be passed a CallbackInfo as a result
[21:13:52] [main/DEBUG] [mixin/]: Mixing common.core.MixinEntityXPOrb from mixins.archaicfix.early.json into net.minecraft.entity.item.EntityXPOrb
[21:13:52] [main/INFO] [foamfix/]: [Log4JExploitFix] Applying Log4j exploit mitigation to net/minecraft/util/RegistrySimple/getLogger!
[21:13:52] [main/DEBUG] [mixin/]: Mixing common.core.MixinMaterialLiquid from mixins.archaicfix.early.json into net.minecraft.block.material.MaterialLiquid
[21:13:52] [main/TRACE] [mixin/]: Added class metadata for net/minecraft/block/material/MapColor to metadata cache
[21:13:52] [main/INFO] [foamfix/]: [Log4JExploitFix] Applying Log4j exploit mitigation to net/minecraft/block/BlockGrass/getLogger!
[21:13:52] [main/INFO] [foamfix/]: [GhostBusterFix/net.minecraft.block.BlockGrass] Found target method
[21:13:52] [main/INFO] [foamfix/]: [GhostBusterFix/net.minecraft.block.BlockGrass] Added ghost buster patch (radius = 3) in func_149674_a
[21:13:52] [main/INFO] [foamfix/]: [GhostBusterFix/net.minecraft.block.BlockGrass] Applied transform!
[21:13:52] [main/INFO] [foamfix/]: [GhostBusterFix/net.minecraft.block.BlockDynamicLiquid] Found target method
[21:13:52] [main/INFO] [foamfix/]: [GhostBusterFix/net.minecraft.block.BlockDynamicLiquid] Added ghost buster patch (radius = 4) in func_149674_a
[21:13:52] [main/INFO] [foamfix/]: [GhostBusterFix/net.minecraft.block.BlockDynamicLiquid] Applied transform!
[21:13:52] [main/INFO] [foamfix/]: [GhostBusterWrapStaticLiquid/func_149674_a] Found target method
[21:13:52] [main/INFO] [foamfix/]: [GhostBusterWrapStaticLiquid/func_149674_a] Applying wrapper to func_147439_a!
[21:13:52] [main/INFO] [foamfix/]: [GhostBusterWrapStaticLiquid/func_149674_a] Applying wrapper to func_147437_c!
[21:13:52] [main/INFO] [foamfix/]: [GhostBusterWrapStaticLiquid/func_149674_a] Applied transform!
[21:13:52] [main/INFO] [foamfix/]: [GhostBusterWrapStaticLiquid/func_149817_o] Found target method
[21:13:52] [main/INFO] [foamfix/]: [GhostBusterWrapStaticLiquid/func_149817_o] Applying wrapper to func_147439_a!
[21:13:52] [main/INFO] [foamfix/]: [GhostBusterWrapStaticLiquid/func_149817_o] Applied transform!
[21:13:52] [main/INFO] [foamfix/]: [Log4JExploitFix] Applying Log4j exploit mitigation to net/minecraft/tileentity/TileEntity/getLogger!
[21:13:52] [main/DEBUG] [mixin/]: Mixing common.core.AccessorEntityLiving from mixins.archaicfix.early.json into net.minecraft.entity.EntityLiving
[21:13:52] [main/DEBUG] [mixin/]: Mixing common.core.MixinEntityLiving from mixins.archaicfix.early.json into net.minecraft.entity.EntityLiving
[21:13:52] [main/TRACE] [mixin/]: Added class metadata for java/util/Random to metadata cache
[21:13:52] [main/TRACE] [mixin/]: Added class metadata for net/minecraft/item/Item to metadata cache
[21:13:52] [main/DEBUG] [mixin/]: mixins.archaicfix.early.json:common.core.MixinEntityLiving from mod archaicfix->@Inject::addRandomArmor(Lorg/spongepowered/asm/mixin/injection/callback/CallbackInfo;)V does use it's CallbackInfo
[21:13:52] [main/INFO] [foamfix/]: [GhostBusterFix/net.minecraft.block.BlockVine] Found target method
[21:13:52] [main/INFO] [foamfix/]: [GhostBusterFix/net.minecraft.block.BlockVine] Added ghost buster patch (radius = 4) in func_149674_a
[21:13:52] [main/INFO] [foamfix/]: [GhostBusterFix/net.minecraft.block.BlockVine] Applied transform!
[21:13:52] [main/DEBUG] [CCL ASM/]: Injecting before method [dh.toString()Ljava/lang/String;] @ 51 - 55
[21:13:52] [main/INFO] [foamfix/]: [Log4JExploitFix] Applying Log4j exploit mitigation to net/minecraft/nbt/NBTTagCompound/getLogger!
[21:13:52] [main/DEBUG] [mixin/]: Mixing MixinTileEntitySkull from mixins.gtnhlib.early.json into net.minecraft.tileentity.TileEntitySkull
[21:13:52] [main/TRACE] [mixin/]: Added class metadata for net/minecraft/tileentity/TileEntity to metadata cache
[21:13:52] [main/TRACE] [mixin/]: Added class metadata for com/gtnewhorizon/gtnhlib/blockstate/mixin/BlockSkullExt to metadata cache
[21:13:52] [main/DEBUG] [mixin/]: Mixing block_sounds.MixinItemBlock from mixins.gtnhlib.early.json into net.minecraft.item.ItemBlock
[21:13:52] [main/INFO] [foamfix/]: [Log4JExploitFix] Applying Log4j exploit mitigation to net/minecraft/entity/SharedMonsterAttributes/getLogger!
[21:13:52] [main/DEBUG] [CCL ASM/]: Injecting before method [dq.toString()Ljava/lang/String;] @ 56 - 60
[21:13:52] [main/DEBUG] [FastCraft/]: 7 / 21 applied
[21:13:52] [main/TRACE] [FastCraft/]: 63f669b5 2fef7b47 6a792565 1463c0bd c8279ba2 c1b32f3c 1ec4aa5e 7952d9ec 77ccc8dd 84274be4 ce4e7906 6518b690 e5fd58fe deca7f5d
[21:13:52] [main/DEBUG] [FastCraft/]: 8 / 21 applied
[21:13:52] [main/TRACE] [FastCraft/]: 63f669b5 2fef7b47 6a792565 1463c0bd c8279ba2 c1b32f3c 1ec4aa5e 7952d9ec 84274be4 ce4e7906 6518b690 e5fd58fe deca7f5d
[21:13:53] [main/INFO] [foamfix/]: [Log4JExploitFix] Applying Log4j exploit mitigation to net/minecraft/entity/player/EntityPlayerMP/getLogger!
[21:13:53] [main/DEBUG] [FastCraft/]: 9 / 21 applied
[21:13:53] [main/TRACE] [FastCraft/]: 2fef7b47 6a792565 1463c0bd c8279ba2 c1b32f3c 1ec4aa5e 7952d9ec 84274be4 ce4e7906 6518b690 e5fd58fe deca7f5d
[21:13:53] [main/DEBUG] [mixin/]: Mixing common.core.MixinEntityPlayerMP from mixins.archaicfix.early.json into net.minecraft.entity.player.EntityPlayerMP
[21:13:53] [main/TRACE] [mixin/]: Added class metadata for net/minecraft/inventory/ICrafting to metadata cache
[21:13:53] [main/TRACE] [mixin/]: Added class metadata for com/mojang/authlib/GameProfile to metadata cache
[21:13:53] [main/TRACE] [mixin/]: Added class metadata for net/minecraft/server/management/ItemInWorldManager to metadata cache
[21:13:53] [main/DEBUG] [mixin/]: mixins.archaicfix.early.json:common.core.MixinEntityPlayerMP from mod archaicfix->@Inject::afterInit(Lnet/minecraft/server/MinecraftServer;Lnet/minecraft/world/WorldServer;Lcom/mojang/authlib/GameProfile;Lnet/minecraft/server/management/ItemInWorldManager;Lorg/spongepowered/asm/mixin/injection/callback/CallbackInfo;)V doesn't use it's CallbackInfo
[21:13:53] [main/DEBUG] [mixin/]: mixins.archaicfix.early.json:common.core.MixinEntityPlayerMP from mod archaicfix->@Inject::afterInit(Lnet/minecraft/server/MinecraftServer;Lnet/minecraft/world/WorldServer;Lcom/mojang/authlib/GameProfile;Lnet/minecraft/server/management/ItemInWorldManager;Lorg/spongepowered/asm/mixin/injection/callback/CallbackInfo;)V has 0 override(s) in child classes
[21:13:53] [main/DEBUG] [mixin/]: mixins.archaicfix.early.json:common.core.MixinEntityPlayerMP from mod archaicfix->@Inject::afterInit(Lnet/minecraft/server/MinecraftServer;Lnet/minecraft/world/WorldServer;Lcom/mojang/authlib/GameProfile;Lnet/minecraft/server/management/ItemInWorldManager;Lorg/spongepowered/asm/mixin/injection/callback/CallbackInfo;)V won't be passed a CallbackInfo as a result
[21:13:53] [main/DEBUG] [mixin/]: Mixing block_sounds.MixinItemSlab from mixins.gtnhlib.early.json into net.minecraft.item.ItemSlab
[21:13:53] [main/TRACE] [mixin/]: Added class metadata for net/minecraft/block/BlockSlab to metadata cache
[21:13:53] [main/INFO] [BetterFps/]: Patching Minecraft using Riven's "Half" Algorithm
[21:13:53] [main/INFO] [foamfix/]: [Log4JExploitFix] Applying Log4j exploit mitigation to net/minecraft/entity/EntityList/getLogger!
[21:13:53] [main/DEBUG] [FastCraft/]: 10 / 21 applied
[21:13:53] [main/TRACE] [FastCraft/]: 2fef7b47 6a792565 c8279ba2 c1b32f3c 1ec4aa5e 7952d9ec 84274be4 ce4e7906 6518b690 e5fd58fe deca7f5d
[21:13:53] [main/DEBUG] [mixin/]: Mixing block_sounds.MixinEntity from mixins.gtnhlib.early.json into net.minecraft.entity.passive.EntityHorse
[21:13:53] [main/TRACE] [mixin/]: Added class metadata for net/minecraft/entity/passive/EntityAnimal to metadata cache
[21:13:53] [main/TRACE] [mixin/]: Added class metadata for net/minecraft/entity/EntityAgeable to metadata cache
[21:13:53] [main/TRACE] [mixin/]: Added class metadata for net/minecraft/entity/EntityCreature to metadata cache
[21:13:53] [main/DEBUG] [mixin/]: Mixing block_sounds.MixinEntityHorse from mixins.gtnhlib.early.json into net.minecraft.entity.passive.EntityHorse
[21:13:53] [main/TRACE] [mixin/]: Added class metadata for net/minecraft/entity/passive/IAnimals to metadata cache
[21:13:53] [main/TRACE] [mixin/]: Added class metadata for net/minecraft/inventory/IInvBasic to metadata cache
[21:13:53] [main/TRACE] [mixin/]: Added class metadata for net/minecraft/entity/IEntityLivingData to metadata cache
[21:13:53] [main/TRACE] [mixin/]: Added class metadata for net/minecraft/entity/passive/EntityHorse$GroupData to metadata cache
[21:13:53] [main/DEBUG] [mixin/]: Mixing common.core.MixinEntityVillager from mixins.archaicfix.early.json into net.minecraft.entity.passive.EntityVillager
[21:13:53] [main/TRACE] [mixin/]: Added class metadata for net/minecraft/village/MerchantRecipeList to metadata cache
[21:13:53] [main/TRACE] [mixin/]: Added class metadata for net/minecraft/entity/IMerchant to metadata cache
[21:13:53] [main/TRACE] [mixin/]: Added class metadata for net/minecraft/entity/INpc to metadata cache
[21:13:53] [main/DEBUG] [mixin/]: mixins.archaicfix.early.json:common.core.MixinEntityVillager from mod archaicfix->@Inject::handleLockedVillager(Lnet/minecraft/nbt/NBTTagCompound;Lorg/spongepowered/asm/mixin/injection/callback/CallbackInfo;)V doesn't use it's CallbackInfo
[21:13:53] [main/DEBUG] [mixin/]: mixins.archaicfix.early.json:common.core.MixinEntityVillager from mod archaicfix->@Inject::handleLockedVillager(Lnet/minecraft/nbt/NBTTagCompound;Lorg/spongepowered/asm/mixin/injection/callback/CallbackInfo;)V has 0 override(s) in child classes
[21:13:53] [main/DEBUG] [mixin/]: mixins.archaicfix.early.json:common.core.MixinEntityVillager from mod archaicfix->@Inject::handleLockedVillager(Lnet/minecraft/nbt/NBTTagCompound;Lorg/spongepowered/asm/mixin/injection/callback/CallbackInfo;)V won't be passed a CallbackInfo as a result
[21:13:53] [main/DEBUG] [mixin/]: mixins.archaicfix.early.json:common.core.MixinEntityVillager from mod archaicfix->@Inject::persistResetTime(Lnet/minecraft/nbt/NBTTagCompound;Lorg/spongepowered/asm/mixin/injection/callback/CallbackInfo;)V doesn't use it's CallbackInfo
[21:13:53] [main/DEBUG] [mixin/]: mixins.archaicfix.early.json:common.core.MixinEntityVillager from mod archaicfix->@Inject::persistResetTime(Lnet/minecraft/nbt/NBTTagCompound;Lorg/spongepowered/asm/mixin/injection/callback/CallbackInfo;)V has 0 override(s) in child classes
[21:13:53] [main/DEBUG] [mixin/]: mixins.archaicfix.early.json:common.core.MixinEntityVillager from mod archaicfix->@Inject::persistResetTime(Lnet/minecraft/nbt/NBTTagCompound;Lorg/spongepowered/asm/mixin/injection/callback/CallbackInfo;)V won't be passed a CallbackInfo as a result
[21:13:53] [main/DEBUG] [mixin/]: Mixing common.core.MixinShapedRecipes from mixins.archaicfix.early.json into net.minecraft.item.crafting.ShapedRecipes
[21:13:53] [main/TRACE] [mixin/]: Added class metadata for org/embeddedt/archaicfix/ducks/IAcceleratedRecipe to metadata cache
[21:13:53] [main/TRACE] [mixin/]: Added class metadata for net/minecraft/item/crafting/IRecipe to metadata cache
[21:13:53] [main/DEBUG] [mixin/]: mixins.archaicfix.early.json:common.core.MixinShapedRecipes from mod archaicfix->@Inject::collectItems(II[Lnet/minecraft/item/ItemStack;Lnet/minecraft/item/ItemStack;Lorg/spongepowered/asm/mixin/injection/callback/CallbackInfo;)V doesn't use it's CallbackInfo
[21:13:53] [main/DEBUG] [mixin/]: mixins.archaicfix.early.json:common.core.MixinShapedRecipes from mod archaicfix->@Inject::collectItems(II[Lnet/minecraft/item/ItemStack;Lnet/minecraft/item/ItemStack;Lorg/spongepowered/asm/mixin/injection/callback/CallbackInfo;)V has 0 override(s) in child classes
[21:13:53] [main/DEBUG] [mixin/]: mixins.archaicfix.early.json:common.core.MixinShapedRecipes from mod archaicfix->@Inject::collectItems(II[Lnet/minecraft/item/ItemStack;Lnet/minecraft/item/ItemStack;Lorg/spongepowered/asm/mixin/injection/callback/CallbackInfo;)V won't be passed a CallbackInfo as a result
[21:13:53] [main/DEBUG] [mixin/]: Mixing common.core.MixinShapelessRecipes from mixins.archaicfix.early.json into net.minecraft.item.crafting.ShapelessRecipes
[21:13:53] [main/DEBUG] [mixin/]: mixins.archaicfix.early.json:common.core.MixinShapelessRecipes from mod archaicfix->@Inject::buildItemCache(Lnet/minecraft/item/ItemStack;Ljava/util/List;Lorg/spongepowered/asm/mixin/injection/callback/CallbackInfo;)V doesn't use it's CallbackInfo
[21:13:53] [main/DEBUG] [mixin/]: mixins.archaicfix.early.json:common.core.MixinShapelessRecipes from mod archaicfix->@Inject::buildItemCache(Lnet/minecraft/item/ItemStack;Ljava/util/List;Lorg/spongepowered/asm/mixin/injection/callback/CallbackInfo;)V has 0 override(s) in child classes
[21:13:53] [main/DEBUG] [mixin/]: mixins.archaicfix.early.json:common.core.MixinShapelessRecipes from mod archaicfix->@Inject::buildItemCache(Lnet/minecraft/item/ItemStack;Ljava/util/List;Lorg/spongepowered/asm/mixin/injection/callback/CallbackInfo;)V won't be passed a CallbackInfo as a result
[21:13:53] [main/INFO] [foamfix/]: [Log4JExploitFix] Applying Log4j exploit mitigation to net/minecraft/server/dedicated/DedicatedServer/getLogger!
[21:13:53] [main/INFO] [foamfix/]: [Log4JExploitFix] Applying Log4j exploit mitigation to net/minecraft/server/dedicated/DedicatedPlayerList/getLogger!
[21:13:53] [main/INFO] [foamfix/]: [Log4JExploitFix] Applying Log4j exploit mitigation to net/minecraft/profiler/Profiler/getLogger!
[21:13:53] [main/INFO] [foamfix/]: [Log4JExploitFix] Applying Log4j exploit mitigation to net/minecraft/command/CommandHandler/getLogger!
[21:13:53] [main/DEBUG] [mixin/]: Mixing MixinCommandHandler from mixins.gtnhlib.early.json into net.minecraft.command.CommandHandler
[21:13:53] [main/TRACE] [mixin/]: Added class metadata for com/gtnewhorizon/gtnhlib/brigadier/BrigadierApi to metadata cache
[21:13:53] [main/TRACE] [mixin/]: Added class metadata for net/minecraft/command/ICommandManager to metadata cache
[21:13:53] [main/DEBUG] [mixin/]: mixins.gtnhlib.early.json:MixinCommandHandler from mod gtnhlib->@Inject::gtnhlib$fallbackToBrigadier(Lnet/minecraft/command/ICommandSender;Ljava/lang/String;Lorg/spongepowered/asm/mixin/injection/callback/CallbackInfoReturnable;)V does use it's CallbackInfoReturnable
[21:13:53] [main/DEBUG] [mixin/]: mixins.gtnhlib.early.json:MixinCommandHandler from mod gtnhlib->@Inject::gtnhlib$gatherBrigadierSuggestion(Lnet/minecraft/command/ICommandSender;Ljava/lang/String;Lorg/spongepowered/asm/mixin/injection/callback/CallbackInfoReturnable;)V does use it's CallbackInfoReturnable
[21:13:53] [main/DEBUG] [mixin/]: mixins.gtnhlib.early.json:MixinCommandHandler from mod gtnhlib->@Inject::gtnhlib$gatherBrigadierSuggestion(Lnet/minecraft/command/ICommandSender;Ljava/lang/String;Lorg/spongepowered/asm/mixin/injection/callback/CallbackInfoReturnable;)V does use it's CallbackInfoReturnable
[21:13:53] [main/DEBUG] [mixin/]: mixins.gtnhlib.early.json:MixinCommandHandler from mod gtnhlib->@Inject::gtnhlib$gatherBrigadierSuggestion(Lnet/minecraft/command/ICommandSender;Ljava/lang/String;Lorg/spongepowered/asm/mixin/injection/callback/CallbackInfoReturnable;)V does use it's CallbackInfoReturnable
[21:13:53] [main/DEBUG] [mixin/]: mixins.gtnhlib.early.json:MixinCommandHandler from mod gtnhlib->@Inject::gtnhlib$gatherBrigadierCommands(Lnet/minecraft/command/ICommandSender;Lorg/spongepowered/asm/mixin/injection/callback/CallbackInfoReturnable;)V does use it's CallbackInfoReturnable
[21:13:53] [main/TRACE] [mixin/]: Added class metadata for net/minecraftforge/event/CommandEvent to metadata cache
[21:13:53] [main/TRACE] [mixin/]: Added class metadata for net/minecraft/util/ChatComponentTranslation to metadata cache
[21:13:53] [main/TRACE] [mixin/]: Added class metadata for net/minecraft/util/ChatComponentStyle to metadata cache
[21:13:53] [main/TRACE] [mixin/]: Added class metadata for net/minecraft/command/WrongUsageException to metadata cache
[21:13:53] [main/TRACE] [mixin/]: Added class metadata for net/minecraft/command/CommandException to metadata cache
[21:13:53] [main/DEBUG] [mixin/]: Mixing MixinCommandHelp from mixins.gtnhlib.early.json into net.minecraft.command.CommandHelp
[21:13:53] [main/TRACE] [mixin/]: Added class metadata for net/minecraft/command/CommandBase to metadata cache
[21:13:53] [main/TRACE] [mixin/]: Added class metadata for com/mojang/brigadier/CommandDispatcher to metadata cache
[21:13:53] [main/TRACE] [mixin/]: Added class metadata for com/mojang/brigadier/tree/RootCommandNode to metadata cache
[21:13:53] [main/TRACE] [mixin/]: Added class metadata for com/mojang/brigadier/tree/CommandNode to metadata cache
[21:13:53] [main/TRACE] [mixin/]: Added class metadata for net/minecraft/command/SyntaxErrorException to metadata cache
[21:13:53] [main/TRACE] [mixin/]: Added class metadata for net/minecraft/command/ICommand to metadata cache
[21:13:53] [main/TRACE] [mixin/]: Added class metadata for java/lang/Comparable to metadata cache
[21:13:53] [main/DEBUG] [mixin/]: mixins.gtnhlib.early.json:MixinCommandHelp from mod gtnhlib->@Inject::gtnhlib$fallbackToBrigadier(Lnet/minecraft/command/ICommandSender;[Ljava/lang/String;Lorg/spongepowered/asm/mixin/injection/callback/CallbackInfo;)V doesn't use it's CallbackInfo
[21:13:53] [main/DEBUG] [mixin/]: mixins.gtnhlib.early.json:MixinCommandHelp from mod gtnhlib->@Inject::gtnhlib$fallbackToBrigadier(Lnet/minecraft/command/ICommandSender;[Ljava/lang/String;Lorg/spongepowered/asm/mixin/injection/callback/CallbackInfo;)V has 0 override(s) in child classes
[21:13:53] [main/DEBUG] [mixin/]: mixins.gtnhlib.early.json:MixinCommandHelp from mod gtnhlib->@Inject::gtnhlib$fallbackToBrigadier(Lnet/minecraft/command/ICommandSender;[Ljava/lang/String;Lorg/spongepowered/asm/mixin/injection/callback/CallbackInfo;)V won't be passed a CallbackInfo as a result
[21:13:53] [main/INFO] [foamfix/]: [Log4JExploitFix] Applying Log4j exploit mitigation to net/minecraft/command/CommandDebug/getLogger!
[21:13:53] [main/INFO] [foamfix/]: [Log4JExploitFix] Applying Log4j exploit mitigation to net/minecraft/world/chunk/storage/AnvilSaveConverter/getLogger!
[21:13:53] [main/INFO] [foamfix/]: [Log4JExploitFix] Applying Log4j exploit mitigation to net/minecraft/world/storage/SaveFormatOld/getLogger!
[21:13:53] [main/DEBUG] [mixin/]: Mixing common.core.MixinWorldChunkManager from mixins.archaicfix.early.json into net.minecraft.world.biome.WorldChunkManager
[21:13:53] [main/TRACE] [mixin/]: Added class metadata for org/embeddedt/archaicfix/ArchaicLogger to metadata cache
[21:13:53] [main/DEBUG] [mixin/]: mixins.archaicfix.early.json:common.core.MixinWorldChunkManager from mod archaicfix->@Inject::noCacheOnClient(Lnet/minecraft/world/World;Lorg/spongepowered/asm/mixin/injection/callback/CallbackInfo;)V doesn't use it's CallbackInfo
[21:13:53] [main/DEBUG] [mixin/]: mixins.archaicfix.early.json:common.core.MixinWorldChunkManager from mod archaicfix->@Inject::noCacheOnClient(Lnet/minecraft/world/World;Lorg/spongepowered/asm/mixin/injection/callback/CallbackInfo;)V has 0 override(s) in child classes
[21:13:53] [main/DEBUG] [mixin/]: mixins.archaicfix.early.json:common.core.MixinWorldChunkManager from mod archaicfix->@Inject::noCacheOnClient(Lnet/minecraft/world/World;Lorg/spongepowered/asm/mixin/injection/callback/CallbackInfo;)V won't be passed a CallbackInfo as a result
[21:13:53] [main/DEBUG] [mixin/]: mixins.archaicfix.early.json:common.core.MixinWorldChunkManager from mod archaicfix->@Inject::safelyGetClientBiome(IILorg/spongepowered/asm/mixin/injection/callback/CallbackInfoReturnable;)V does use it's CallbackInfoReturnable
[21:13:53] [Server thread/INFO] [foamfix/]: [Log4JExploitFix] Applying Log4j exploit mitigation to com/gtnewhorizon/gtnhlib/util/ServerThreadUtil/getLogger!
[21:13:53] [Server thread/INFO] [unimixins/]: Transforming FMLCommonHandler to add hook for enhancing crash reports
[21:13:53] [Server thread/DEBUG] [mixin/]: Mixing fml.EventBusAccessor from mixins.gtnhlib.early.json into cpw.mods.fml.common.eventhandler.EventBus
[21:13:53] [Server thread/TRACE] [mixin/]: Added class metadata for cpw/mods/fml/common/MinecraftDummyContainer to metadata cache
[21:13:53] [Server thread/TRACE] [mixin/]: Added class metadata for cpw/mods/fml/common/DummyModContainer to metadata cache
[21:13:53] [Server thread/TRACE] [mixin/]: Added class metadata for java/lang/reflect/Constructor to metadata cache
[21:13:53] [Server thread/INFO] [MinecraftForge/]: Attempting early MinecraftForge initialization
[21:13:53] [Server thread/INFO] [FML/]: MinecraftForge v10.13.4.1614 Initialized
[21:13:53] [Server thread/DEBUG] [mixin/]: Mixing common.core.MixinOreDictionary from mixins.archaicfix.early.json into net.minecraftforge.oredict.OreDictionary
[21:13:53] [Server thread/DEBUG] [mixin/]: Mixing common.core.MixinShapedOreRecipe from mixins.archaicfix.early.json into net.minecraftforge.oredict.ShapedOreRecipe
[21:13:53] [Server thread/TRACE] [mixin/]: Added class metadata for java/lang/StringBuilder to metadata cache
[21:13:53] [Server thread/TRACE] [mixin/]: Added class metadata for java/lang/AbstractStringBuilder to metadata cache
[21:13:53] [Server thread/TRACE] [mixin/]: Added class metadata for java/lang/Appendable to metadata cache
[21:13:53] [Server thread/TRACE] [mixin/]: Added class metadata for java/lang/CharSequence to metadata cache
[21:13:53] [Server thread/TRACE] [mixin/]: Added class metadata for org/embeddedt/archaicfix/FixHelper to metadata cache
[21:13:53] [Server thread/DEBUG] [mixin/]: Mixing common.core.MixinShapelessOreRecipe from mixins.archaicfix.early.json into net.minecraftforge.oredict.ShapelessOreRecipe
[21:13:53] [Server thread/INFO] [FML/]: Replaced 183 ore recipies
[21:13:53] [Server thread/DEBUG] [FastCraft/]: 11 / 21 applied
[21:13:53] [Server thread/TRACE] [FastCraft/]: 2fef7b47 6a792565 c8279ba2 c1b32f3c 7952d9ec 84274be4 ce4e7906 6518b690 e5fd58fe deca7f5d
[21:13:53] [Server thread/DEBUG] [mixin/]: Mixing common.core.MixinLongHashMap from mixins.archaicfix.early.json into net.minecraft.util.LongHashMap
[21:13:53] [Server thread/INFO] [foamfix/]: [Log4JExploitFix] Applying Log4j exploit mitigation to net/minecraft/world/chunk/Chunk/getLogger!
[21:13:53] [Server thread/DEBUG] [FastCraft/]: 12 / 21 applied
[21:13:53] [Server thread/TRACE] [FastCraft/]: 2fef7b47 6a792565 c8279ba2 c1b32f3c 84274be4 ce4e7906 6518b690 e5fd58fe deca7f5d
[21:13:53] [Server thread/DEBUG] [mixin/]: Mixing common.lighting.MixinChunk from mixins.archaicfix.early.json into net.minecraft.world.chunk.Chunk
[21:13:53] [Server thread/TRACE] [mixin/]: Added class metadata for org/embeddedt/archaicfix/lighting/api/IChunkLightingData to metadata cache
[21:13:53] [Server thread/TRACE] [mixin/]: Added class metadata for org/embeddedt/archaicfix/lighting/api/IChunkLighting to metadata cache
[21:13:53] [Server thread/TRACE] [mixin/]: Added class metadata for org/embeddedt/archaicfix/lighting/world/lighting/LightingHooks to metadata cache
[21:13:53] [Server thread/TRACE] [mixin/]: Added class metadata for org/embeddedt/archaicfix/lighting/world/WorldChunkSlice to metadata cache
[21:13:53] [Server thread/TRACE] [mixin/]: Added class metadata for net/minecraft/util/EnumFacing to metadata cache
[21:13:53] [Server thread/TRACE] [mixin/]: Added class metadata for net/minecraft/world/ChunkCoordIntPair to metadata cache
[21:13:53] [Server thread/TRACE] [mixin/]: Added class metadata for java/lang/IllegalStateException to metadata cache
[21:13:53] [Server thread/DEBUG] [mixin/]: Mixing common.lighting.MixinChunkVanilla from mixins.archaicfix.early.json into net.minecraft.world.chunk.Chunk
[21:13:53] [Server thread/DEBUG] [mixin/]: Mixing common.lighting.fastcraft.MixinChunk from mixins.archaicfix.early.json into net.minecraft.world.chunk.Chunk
[21:13:53] [Server thread/DEBUG] [mixin/]: Mixing common.core.MixinChunk from mixins.archaicfix.early.json into net.minecraft.world.chunk.Chunk
[21:13:53] [Server thread/TRACE] [mixin/]: Added class metadata for org/embeddedt/archaicfix/ducks/ICascadeDetectionChunk to metadata cache
[21:13:53] [Server thread/DEBUG] [mixin/]: mixins.archaicfix.early.json:common.lighting.MixinChunk from mod archaicfix->@Inject::onGetLightSubtracted(IIIILorg/spongepowered/asm/mixin/injection/callback/CallbackInfoReturnable;)V doesn't use it's CallbackInfoReturnable
[21:13:53] [Server thread/DEBUG] [mixin/]: mixins.archaicfix.early.json:common.lighting.MixinChunk from mod archaicfix->@Inject::onGetLightSubtracted(IIIILorg/spongepowered/asm/mixin/injection/callback/CallbackInfoReturnable;)V has 0 override(s) in child classes
[21:13:53] [Server thread/DEBUG] [mixin/]: mixins.archaicfix.early.json:common.lighting.MixinChunk from mod archaicfix->@Inject::onGetLightSubtracted(IIIILorg/spongepowered/asm/mixin/injection/callback/CallbackInfoReturnable;)V won't be passed a CallbackInfoReturnable as a result
[21:13:53] [Server thread/DEBUG] [mixin/]: mixins.archaicfix.early.json:common.lighting.MixinChunk from mod archaicfix->@Inject::onLoad(Lorg/spongepowered/asm/mixin/injection/callback/CallbackInfo;)V doesn't use it's CallbackInfo
[21:13:53] [Server thread/DEBUG] [mixin/]: mixins.archaicfix.early.json:common.lighting.MixinChunk from mod archaicfix->@Inject::onLoad(Lorg/spongepowered/asm/mixin/injection/callback/CallbackInfo;)V has 0 override(s) in child classes
[21:13:53] [Server thread/DEBUG] [mixin/]: mixins.archaicfix.early.json:common.lighting.MixinChunk from mod archaicfix->@Inject::onLoad(Lorg/spongepowered/asm/mixin/injection/callback/CallbackInfo;)V won't be passed a CallbackInfo as a result
[21:13:53] [Server thread/DEBUG] [mixin/]: mixins.archaicfix.early.json:common.core.MixinChunk from mod archaicfix->@Inject::handlePlayerChunkUnload(Lorg/spongepowered/asm/mixin/injection/callback/CallbackInfo;)V doesn't use it's CallbackInfo
[21:13:53] [Server thread/DEBUG] [mixin/]: mixins.archaicfix.early.json:common.core.MixinChunk from mod archaicfix->@Inject::handlePlayerChunkUnload(Lorg/spongepowered/asm/mixin/injection/callback/CallbackInfo;)V has 0 override(s) in child classes
[21:13:53] [Server thread/DEBUG] [mixin/]: mixins.archaicfix.early.json:common.core.MixinChunk from mod archaicfix->@Inject::handlePlayerChunkUnload(Lorg/spongepowered/asm/mixin/injection/callback/CallbackInfo;)V won't be passed a CallbackInfo as a result
[21:13:53] [Server thread/DEBUG] [mixin/]: mixins.archaicfix.early.json:common.core.MixinChunk from mod archaicfix->@Inject::avoidBiomeGenOnClient(IILnet/minecraft/world/biome/WorldChunkManager;Lorg/spongepowered/asm/mixin/injection/callback/CallbackInfoReturnable;)V does use it's CallbackInfoReturnable
[21:13:53] [Server thread/DEBUG] [mixin/]: Mixing common.lighting.MixinExtendedBlockStorage from mixins.archaicfix.early.json into net.minecraft.world.chunk.storage.ExtendedBlockStorage
[21:13:53] [Server thread/TRACE] [mixin/]: Added class metadata for net/minecraft/world/chunk/NibbleArray to metadata cache
[21:13:53] [Server thread/INFO] [foamfix/]: [Log4JExploitFix] Applying Log4j exploit mitigation to net/minecraft/world/biome/BiomeGenBase/getLogger!
[21:13:53] [Server thread/DEBUG] [mixin/]: Mixing common.core.MixinAxisAlignedBB from mixins.archaicfix.early.json into net.minecraft.util.AxisAlignedBB
[21:13:53] [Server thread/DEBUG] [FastCraft/]: 13 / 21 applied
[21:13:53] [Server thread/TRACE] [FastCraft/]: 2fef7b47 6a792565 c8279ba2 c1b32f3c 84274be4 ce4e7906 6518b690 e5fd58fe
[21:13:53] [Server thread/INFO] [foamfix/]: [Log4JExploitFix] Applying Log4j exploit mitigation to net/minecraftforge/common/UsernameCache/getLogger!
[21:13:53] [Server thread/INFO] [MinecraftForge/]: Completed early MinecraftForge initialization
[21:13:53] [Server thread/DEBUG] [FML/]: File /home/pit/Programas/Servers/PitCraft/instances/orespawn/config/injectedDependencies.json not found. No dependencies injected
[21:13:53] [Server thread/INFO] [foamfix/]: [Log4JExploitFix] Applying Log4j exploit mitigation to cpw/mods/fml/common/event/FMLPreInitializationEvent/getLogger!
[21:13:53] [Server thread/DEBUG] [FML/]: Building injected Mod Containers [cpw.mods.fml.common.FMLContainer, net.minecraftforge.common.ForgeModContainer, codechicken.core.asm.CodeChickenCoreModContainer, codechicken.nei.NEIModContainer, com.gtnewhorizon.gtnhlib.core.GTNHLibCoreModContainer, pl.asie.foamfix.coremod.FoamFixCoreContainer, fastcraft.f]
[21:13:53] [Server thread/DEBUG] [FML/]: Attempting to load mods contained in the minecraft jar file and associated classes
[21:13:53] [Server thread/DEBUG] [FML/]: Found a minecraft related file at /home/pit/Programas/Servers/PitCraft/instances/orespawn/forge-1.7.10-10.13.4.1614-1.7.10-universal.jar, examining for mod candidates
[21:13:53] [Server thread/DEBUG] [mixin/]: Mixing common.core.MixinModCandidate from mixins.archaicfix.early.json into cpw.mods.fml.common.discovery.ModCandidate
[21:13:53] [Server thread/TRACE] [mixin/]: Added class metadata for org/embeddedt/archaicfix/asm/EarlyStringPool to metadata cache
[21:13:53] [Server thread/INFO] [foamfix/]: [JarDiscovererMemoryLeakFix] Found target method
[21:13:53] [Server thread/INFO] [foamfix/]: [JarDiscovererMemoryLeakFix] Applied transform!
[21:13:53] [Server thread/DEBUG] [mixin/]: Mixing fml.MixinJarDiscoverer from mixins.gtnhlib.early.json into cpw.mods.fml.common.discovery.JarDiscoverer
[21:13:53] [Server thread/TRACE] [mixin/]: Added class metadata for java/util/zip/ZipEntry to metadata cache
[21:13:53] [Server thread/TRACE] [mixin/]: Added class metadata for cpw/mods/fml/common/discovery/ITypeDiscoverer to metadata cache
[21:13:53] [Server thread/TRACE] [FML/]: Skipping known library file /home/pit/Programas/Servers/PitCraft/instances/orespawn/mods/+unimixins-all-1.7.10-0.2.1.jar
[21:13:53] [Server thread/TRACE] [FML/]: Skipping known library file /home/pit/Programas/Servers/PitCraft/instances/orespawn/mods/archaicfix-0.7.9.jar
[21:13:53] [Server thread/TRACE] [FML/]: Skipping known library file /home/pit/Programas/Servers/PitCraft/instances/orespawn/mods/BetterFps-1.0.1.jar
[21:13:53] [Server thread/TRACE] [FML/]: Skipping known library file /home/pit/Programas/Servers/PitCraft/instances/orespawn/mods/CarbonConfig-1.7.10-1.2.4.jar
[21:13:53] [Server thread/TRACE] [FML/]: Skipping known library file /home/pit/Programas/Servers/PitCraft/instances/orespawn/mods/Chunk-Pregenerator-1.7.10-4.4.9.1.jar
[21:13:53] [Server thread/TRACE] [FML/]: Skipping known library file /home/pit/Programas/Servers/PitCraft/instances/orespawn/mods/CodeChickenCore-1.4.12.jar
[21:13:53] [Server thread/TRACE] [FML/]: Skipping known library file /home/pit/Programas/Servers/PitCraft/instances/orespawn/mods/fastcraft-1.25.jar
[21:13:53] [Server thread/TRACE] [FML/]: Skipping known library file /home/pit/Programas/Servers/PitCraft/instances/orespawn/mods/FoamFix-1.7.10-universal-1.0.4.jar
[21:13:53] [Server thread/TRACE] [FML/]: Skipping known library file /home/pit/Programas/Servers/PitCraft/instances/orespawn/mods/gtnhlib-0.9.45.jar
[21:13:53] [Server thread/TRACE] [FML/]: Skipping known library file /home/pit/Programas/Servers/PitCraft/instances/orespawn/mods/NotEnoughItems-2.8.81-GTNH.jar
[21:13:53] [Server thread/DEBUG] [FML/]: Minecraft jar mods loaded successfully
[21:13:53] [Server thread/INFO] [FML/]: Found 0 mods from the command line. Injecting into mod discoverer
[21:13:53] [Server thread/INFO] [FML/]: Searching /home/pit/Programas/Servers/PitCraft/instances/orespawn/mods for mods
[21:13:53] [Server thread/DEBUG] [FML/]: Found a candidate zip or jar file +unimixins-all-1.7.10-0.2.1.jar
[21:13:53] [Server thread/DEBUG] [FML/]: Found a candidate zip or jar file AIImprovements-1.7.10-0.0.1b8.jar
[21:13:53] [Server thread/DEBUG] [FML/]: Found a candidate zip or jar file archaicfix-0.7.9.jar
[21:13:53] [Server thread/TRACE] [FML/]: Skipping already parsed coremod or tweaker BetterFps-1.0.1.jar
[21:13:53] [Server thread/DEBUG] [FML/]: Found a candidate zip or jar file CarbonConfig-1.7.10-1.2.4.jar
[21:13:53] [Server thread/DEBUG] [FML/]: Found a candidate zip or jar file Chunk-Pregenerator-1.7.10-4.4.9.1.jar
[21:13:53] [Server thread/DEBUG] [FML/]: Found a candidate zip or jar file ChunkPurge-1.7.10-2.1.jar
[21:13:53] [Server thread/TRACE] [FML/]: Skipping already parsed coremod or tweaker CodeChickenCore-1.4.12.jar
[21:13:53] [Server thread/DEBUG] [FML/]: Found a candidate zip or jar file denseores-1.6.2.jar
[21:13:53] [Server thread/TRACE] [FML/]: Skipping already parsed coremod or tweaker fastcraft-1.25.jar
[21:13:53] [Server thread/DEBUG] [FML/]: Found a candidate zip or jar file FoamFix-1.7.10-universal-1.0.4.jar
[21:13:53] [Server thread/DEBUG] [FML/]: Found a candidate zip or jar file GlibysVC-1.7.10-0.6.2a.jar
[21:13:53] [Server thread/DEBUG] [FML/]: Found a candidate zip or jar file gtnhlib-0.9.45.jar
[21:13:53] [Server thread/DEBUG] [FML/]: Found a candidate zip or jar file Hats-4.0.1.jar
[21:13:53] [Server thread/DEBUG] [FML/]: Found a candidate zip or jar file iChunUtil-4.2.3.jar
[21:13:53] [Server thread/DEBUG] [FML/]: Found a candidate zip or jar file inventorypets-1.7.10-1.5.2.jar
[21:13:53] [Server thread/DEBUG] [FML/]: Found a candidate zip or jar file IronBackpacks-1.7.10-1.2.20.jar
[21:13:53] [Server thread/DEBUG] [FML/]: Found a candidate zip or jar file IronChest-6.1.11.jar
[21:13:53] [Server thread/DEBUG] [FML/]: Found a candidate zip or jar file lucky-block-forge-1.7.10-1.0.jar
[21:13:53] [Server thread/DEBUG] [FML/]: Found a candidate zip or jar file MoreFurnaces-1.3.9-MC1.7.10.jar
[21:13:53] [Server thread/TRACE] [FML/]: Skipping already parsed coremod or tweaker NotEnoughItems-2.8.81-GTNH.jar
[21:13:53] [Server thread/DEBUG] [FML/]: Found a candidate zip or jar file orespawn-1.7.10-20.3.jar
[21:13:53] [Server thread/DEBUG] [FML/]: Found a candidate zip or jar file PortalGun-4.0.0-beta-6-fix-1.jar
[21:13:53] [Server thread/DEBUG] [FML/]: Examining file forge-1.7.10-10.13.4.1614-1.7.10-universal.jar for potential mods
[21:13:53] [Server thread/DEBUG] [FML/]: The mod container forge-1.7.10-10.13.4.1614-1.7.10-universal.jar appears to be missing an mcmod.info file
[21:13:53] [Server thread/DEBUG] [mixin/]: Mixing fml.EnumHolderAccessor from mixins.gtnhlib.early.json into cpw.mods.fml.common.discovery.asm.ModAnnotation$EnumHolder
[21:13:53] [Server thread/DEBUG] [mixin/]: Mixing common.core.MixinASMData from mixins.archaicfix.early.json into cpw.mods.fml.common.discovery.ASMDataTable$ASMData
[21:13:54] [Server thread/DEBUG] [FML/]: Examining file +unimixins-all-1.7.10-0.2.1.jar for potential mods
[21:13:54] [Server thread/TRACE] [FML/]: Located mcmod.info file in file +unimixins-all-1.7.10-0.2.1.jar
[21:13:54] [Server thread/DEBUG] [FML/]: Identified a mod of type Lcpw/mods/fml/common/Mod; (io.github.legacymoddingmc.unimixins.all.AllModule) - loading
[21:13:54] [Server thread/TRACE] [unimixins/]: Parsed dependency info : [] [] []
[21:13:54] [Server thread/DEBUG] [FML/]: Identified a mod of type Lcpw/mods/fml/common/Mod; (io.github.legacymoddingmc.unimixins.mixin.MixinModule) - loading
[21:13:54] [Server thread/TRACE] [unimixins-mixin/]: Parsed dependency info : [] [] []
[21:13:54] [Server thread/DEBUG] [FML/]: Identified a mod of type Lcpw/mods/fml/common/Mod; (io.github.legacymoddingmc.unimixins.compat.CompatModule) - loading
[21:13:54] [Server thread/TRACE] [unimixins-compat/]: Parsed dependency info : [] [] []
[21:13:54] [Server thread/DEBUG] [FML/]: Identified a mod of type Lcpw/mods/fml/common/Mod; (makamys.mixingasm.forge.MixingasmMod) - loading
[21:13:54] [Server thread/TRACE] [mixingasm/]: Parsed dependency info : [] [] []
[21:13:54] [Server thread/DEBUG] [FML/]: Identified a mod of type Lcpw/mods/fml/common/Mod; (ru.timeconqueror.spongemixins.SpongeMixins) - loading
[21:13:54] [Server thread/TRACE] [spongemixins/]: Parsed dependency info : [] [] []
[21:13:54] [Server thread/DEBUG] [FML/]: Identified a mod of type Lcpw/mods/fml/common/Mod; (io.github.tox1cozz.mixinbooterlegacy.MixinBooterLegacyPlugin$Container) - loading
[21:13:54] [Server thread/TRACE] [mixinbooterlegacy/]: Parsed dependency info : [] [] []
[21:13:54] [Server thread/DEBUG] [FML/]: Identified a mod of type Lcpw/mods/fml/common/Mod; (com.gtnewhorizon.gtnhmixins.GTNHMixins) - loading
[21:13:54] [Server thread/TRACE] [gtnhmixins/]: Parsed dependency info : [] [] []
[21:13:54] [Server thread/DEBUG] [FML/]: Identified a mod of type Lcpw/mods/fml/common/Mod; (io.github.legacymoddingmc.unimixins.mixinextras.MixinExtrasModule) - loading
[21:13:54] [Server thread/TRACE] [mixinextras/]: Parsed dependency info : [] [] []
[21:13:54] [Server thread/DEBUG] [FML/]: Examining file AIImprovements-1.7.10-0.0.1b8.jar for potential mods
[21:13:54] [Server thread/TRACE] [FML/]: Located mcmod.info file in file AIImprovements-1.7.10-0.0.1b8.jar
[21:13:54] [Server thread/DEBUG] [FML/]: Identified a mod of type Lcpw/mods/fml/common/Mod; (com.builtbroken.ai.improvements.AIImprovements) - loading
[21:13:54] [Server thread/TRACE] [aiimprovements/]: Parsed dependency info : [] [] []
[21:13:54] [Server thread/DEBUG] [FML/]: Examining file archaicfix-0.7.9.jar for potential mods
[21:13:54] [Server thread/TRACE] [FML/]: Located mcmod.info file in file archaicfix-0.7.9.jar
[21:13:54] [Server thread/DEBUG] [FML/]: Identified a mod of type Lcpw/mods/fml/common/Mod; (org.embeddedt.archaicfix.ArchaicFix) - loading
[21:13:54] [Server thread/TRACE] [archaicfix/]: Parsed dependency info : [unimixins@[0.1.16,), gtnhmixins@[2.0.0,)] [gtnhmixins@[2.0.0,), unimixins@[0.1.16,), chunkapi] []
[21:13:54] [Server thread/DEBUG] [FML/]: Examining file CarbonConfig-1.7.10-1.2.4.jar for potential mods
[21:13:54] [Server thread/TRACE] [FML/]: Located mcmod.info file in file CarbonConfig-1.7.10-1.2.4.jar
[21:13:54] [Server thread/DEBUG] [FML/]: Identified a mod of type Lcpw/mods/fml/common/Mod; (carbonconfiglib.CarbonConfig) - loading
[21:13:54] [Server thread/TRACE] [carbonconfig/]: Parsed dependency info : [] [] []
[21:13:54] [Server thread/DEBUG] [FML/]: Examining file Chunk-Pregenerator-1.7.10-4.4.9.1.jar for potential mods
[21:13:54] [Server thread/TRACE] [FML/]: Located mcmod.info file in file Chunk-Pregenerator-1.7.10-4.4.9.1.jar
[21:13:54] [Server thread/DEBUG] [FML/]: Identified a mod of type Lcpw/mods/fml/common/Mod; (pregenerator.ChunkPregenerator) - loading
[21:13:54] [Server thread/TRACE] [chunkpregenerator/]: Parsed dependency info : [carbonconfig] [carbonconfig] []
[21:13:54] [Server thread/DEBUG] [FML/]: Examining file ChunkPurge-1.7.10-2.1.jar for potential mods
[21:13:54] [Server thread/TRACE] [FML/]: Located mcmod.info file in file ChunkPurge-1.7.10-2.1.jar
[21:13:54] [Server thread/DEBUG] [FML/]: Identified a mod of type Lcpw/mods/fml/common/Mod; (com.the_beast_unleashed.chunkpurge.ModChunkPurge) - loading
[21:13:54] [Server thread/TRACE] [ChunkPurge/]: Parsed dependency info : [] [] []
[21:13:54] [Server thread/DEBUG] [FML/]: Examining file denseores-1.6.2.jar for potential mods
[21:13:54] [Server thread/TRACE] [FML/]: Located mcmod.info file in file denseores-1.6.2.jar
[21:13:54] [Server thread/DEBUG] [FML/]: Identified a mod of type Lcpw/mods/fml/common/Mod; (com.rwtema.debug.DebugMod) - loading
[21:13:54] [Server thread/TRACE] [debug/]: Parsed dependency info : [] [] [*]
[21:13:54] [Server thread/INFO] [debug/]: Mod debug is missing the required element 'name'. Substituting debug
[21:13:54] [Server thread/DEBUG] [debug/]: Attempting to load the file version.properties from denseores-1.6.2.jar to locate a version number for debug
[21:13:54] [Server thread/WARN] [debug/]: Mod debug is missing the required element 'version' and no fallback can be found. Substituting '1.0'.
[21:13:54] [Server thread/DEBUG] [FML/]: Identified a mod of type Lcpw/mods/fml/common/Mod; (com.rwtema.denseores.DenseOresMod) - loading
[21:13:54] [Server thread/TRACE] [denseores/]: Parsed dependency info : [] [*] []
[21:13:54] [Server thread/DEBUG] [FML/]: Examining file FoamFix-1.7.10-universal-1.0.4.jar for potential mods
[21:13:54] [Server thread/TRACE] [FML/]: Located mcmod.info file in file FoamFix-1.7.10-universal-1.0.4.jar
[21:13:54] [Server thread/DEBUG] [FML/]: Identified a mod of type Lcpw/mods/fml/common/Mod; (pl.asie.foamfix.FoamFixMod) - loading
[21:13:54] [Server thread/TRACE] [foamfix/]: Using mcmod dependency info : [] [] []
[21:13:54] [Server thread/DEBUG] [FML/]: Examining file GlibysVC-1.7.10-0.6.2a.jar for potential mods
[21:13:54] [Server thread/TRACE] [FML/]: Located mcmod.info file in file GlibysVC-1.7.10-0.6.2a.jar
[21:13:54] [Server thread/DEBUG] [FML/]: Identified a mod of type Lcpw/mods/fml/common/Mod; (net.gliby.voicechat.VoiceChat) - loading
[21:13:54] [Server thread/TRACE] [gvc/]: Parsed dependency info : [] [] []
[21:13:54] [Server thread/DEBUG] [FML/]: Examining file gtnhlib-0.9.45.jar for potential mods
[21:13:54] [Server thread/TRACE] [FML/]: Located mcmod.info file in file gtnhlib-0.9.45.jar
[21:13:54] [Server thread/DEBUG] [FML/]: Identified a mod of type Lcpw/mods/fml/common/Mod; (com.gtnewhorizon.gtnhlib.GTNHLib) - loading
[21:13:54] [Server thread/TRACE] [gtnhlib/]: Parsed dependency info : [] [] []
[21:13:56] [Server thread/DEBUG] [FML/]: Examining file Hats-4.0.1.jar for potential mods
[21:13:56] [Server thread/TRACE] [FML/]: Located mcmod.info file in file Hats-4.0.1.jar
[21:13:56] [Server thread/DEBUG] [FML/]: Identified a mod of type Lcpw/mods/fml/common/Mod; (hats.common.Hats) - loading
[21:13:56] [Server thread/TRACE] [Hats/]: Parsed dependency info : [iChunUtil@[4.0.0,)] [iChunUtil@[4.0.0,)] []
[21:13:56] [Server thread/DEBUG] [FML/]: Examining file iChunUtil-4.2.3.jar for potential mods
[21:13:56] [Server thread/TRACE] [FML/]: Located mcmod.info file in file iChunUtil-4.2.3.jar
[21:13:56] [Server thread/DEBUG] [FML/]: Identified a mod of type Lcpw/mods/fml/common/Mod; (ichun.common.iChunUtil) - loading
[21:13:56] [Server thread/TRACE] [iChunUtil/]: Parsed dependency info : [Forge@[10.13.2.1291,)] [Forge@[10.13.2.1291,)] []
[21:13:56] [Server thread/DEBUG] [FML/]: Examining file inventorypets-1.7.10-1.5.2.jar for potential mods
[21:13:56] [Server thread/TRACE] [FML/]: Located mcmod.info file in file inventorypets-1.7.10-1.5.2.jar
[21:13:56] [Server thread/DEBUG] [FML/]: Identified a mod of type Lcpw/mods/fml/common/Mod; (com.inventorypets.InventoryPets) - loading
[21:13:56] [Server thread/TRACE] [InventoryPets/]: Parsed dependency info : [] [] []
[21:13:56] [Server thread/DEBUG] [FML/]: Examining file IronBackpacks-1.7.10-1.2.20.jar for potential mods
[21:13:56] [Server thread/TRACE] [FML/]: Located mcmod.info file in file IronBackpacks-1.7.10-1.2.20.jar
[21:13:56] [Server thread/DEBUG] [FML/]: Identified a mod of type Lcpw/mods/fml/common/Mod; (main.ironbackpacks.IronBackpacks) - loading
[21:13:56] [Server thread/TRACE] [ironbackpacks/]: Parsed dependency info : [] [] []
[21:13:56] [Server thread/DEBUG] [FML/]: Examining file IronChest-6.1.11.jar for potential mods
[21:13:56] [Server thread/TRACE] [FML/]: Located mcmod.info file in file IronChest-6.1.11.jar
[21:13:56] [Server thread/DEBUG] [FML/]: Identified a mod of type Lcpw/mods/fml/common/Mod; (cpw.mods.ironchest.IronChest) - loading
[21:13:56] [Server thread/TRACE] [IronChest/]: Parsed dependency info : [Forge@[10.10,), FML@[7.2,)] [Forge@[10.10,), FML@[7.2,)] []
[21:13:56] [Server thread/DEBUG] [FML/]: Examining file lucky-block-forge-1.7.10-1.0.jar for potential mods
[21:13:56] [Server thread/TRACE] [FML/]: Located mcmod.info file in file lucky-block-forge-1.7.10-1.0.jar
[21:13:56] [Server thread/DEBUG] [FML/]: Identified a mod of type Lcpw/mods/fml/common/Mod; (mod.lucky.Lucky) - loading
[21:13:56] [Server thread/TRACE] [lucky/]: Parsed dependency info : [] [] []
[21:13:56] [Server thread/DEBUG] [FML/]: Examining file MoreFurnaces-1.3.9-MC1.7.10.jar for potential mods
[21:13:56] [Server thread/TRACE] [FML/]: Located mcmod.info file in file MoreFurnaces-1.3.9-MC1.7.10.jar
[21:13:56] [Server thread/DEBUG] [FML/]: Identified a mod of type Lcpw/mods/fml/common/Mod; (cubex2.mods.morefurnaces.MoreFurnaces) - loading
[21:13:56] [Server thread/TRACE] [MoreFurnaces/]: Parsed dependency info : [] [] []
[21:13:56] [Server thread/DEBUG] [FML/]: Examining file orespawn-1.7.10-20.3.jar for potential mods
[21:13:56] [Server thread/TRACE] [FML/]: Located mcmod.info file in file orespawn-1.7.10-20.3.jar
[21:13:56] [Server thread/DEBUG] [FML/]: Identified a mod of type Lcpw/mods/fml/common/Mod; (danger.orespawn.OreSpawnMain) - loading
[21:13:56] [Server thread/TRACE] [OreSpawn/]: Parsed dependency info : [] [] []
[21:13:56] [Server thread/DEBUG] [FML/]: Examining file PortalGun-4.0.0-beta-6-fix-1.jar for potential mods
[21:13:56] [Server thread/DEBUG] [FML/]: The mod container PortalGun-4.0.0-beta-6-fix-1.jar appears to be missing an mcmod.info file
[21:13:56] [Server thread/DEBUG] [FML/]: Identified a mod of type Lcpw/mods/fml/common/Mod; (portalgun.common.PortalGun) - loading
[21:13:56] [Server thread/TRACE] [PortalGun/]: Parsed dependency info : [iChunUtil@[4.2.2,)] [iChunUtil@[4.2.2,)] []
[21:13:56] [Server thread/INFO] [FML/]: Forge Mod Loader has identified 35 mods to load
[21:13:56] [Server thread/DEBUG] [FML/]: Found API com.baubles.api (owned by Baubles providing Baubles|API) embedded in InventoryPets
[21:13:56] [Server thread/DEBUG] [FML/]: Creating API container dummy for API Baubles|API: owner: Baubles, dependents: [InventoryPets]
[21:13:56] [Server thread/TRACE] [FML/]: Received a system property request ''
[21:13:56] [Server thread/TRACE] [FML/]: System property request managing the state of 0 mods
[21:13:56] [Server thread/DEBUG] [FML/]: After merging, found state information for 0 mods
[21:13:56] [Server thread/INFO] [foamfix/]: [Log4JExploitFix] Applying Log4j exploit mitigation to net/minecraft/world/storage/SaveHandler/getLogger!
[21:13:56] [Server thread/DEBUG] [FML/]: Found translations in forge-1.7.10-10.13.4.1614-1.7.10-universal.jar [en_US, en_US, es_ES, fr_FR, ru_RU, de_DE, af_ZA, ar_SA, br_FR, ca_ES, cs_CZ, da_DK, el_GR, fa_IR, fi_FI, he_IL, hu_HU, it_IT, ja_JP, ko_KR, lt_LT, nb_NO, nl_NL, nn_NO, no_NO, pl_PL, pt_BR, pt_PT, ro_RO, sl_SI, sr_SP, sv_SE, tr_TR, uk_UA, vi_VN, zh_CN, zh_TW]
[21:13:56] [Server thread/DEBUG] [FML/]: Found translations in forge-1.7.10-10.13.4.1614-1.7.10-universal.jar [en_US, en_US, es_ES, fr_FR, ru_RU, de_DE, af_ZA, ar_SA, br_FR, ca_ES, cs_CZ, da_DK, el_GR, fa_IR, fi_FI, he_IL, hu_HU, it_IT, ja_JP, ko_KR, lt_LT, nb_NO, nl_NL, nn_NO, no_NO, pl_PL, pt_BR, pt_PT, ro_RO, sl_SI, sr_SP, sv_SE, tr_TR, uk_UA, vi_VN, zh_CN, zh_TW]
[21:13:56] [Server thread/DEBUG] [FML/]: Found translations in NotEnoughItems-2.8.81-GTNH.jar [cs_CZ, de_DE, en_US, et_EE, fr_FR, it_IT, ko_KR, pl_PL, pt_BR, ru_RU, sk_SK, tr_TR, zh_CN, zh_TW]
[21:13:56] [Server thread/DEBUG] [unimixins/]: Enabling mod unimixins
[21:13:56] [Server thread/DEBUG] [unimixins-mixin/]: Enabling mod unimixins-mixin
[21:13:56] [Server thread/DEBUG] [unimixins-compat/]: Enabling mod unimixins-compat
[21:13:56] [Server thread/DEBUG] [mixingasm/]: Enabling mod mixingasm
[21:13:56] [Server thread/DEBUG] [spongemixins/]: Enabling mod spongemixins
[21:13:56] [Server thread/DEBUG] [mixinbooterlegacy/]: Enabling mod mixinbooterlegacy
[21:13:56] [Server thread/DEBUG] [gtnhmixins/]: Enabling mod gtnhmixins
[21:13:56] [Server thread/DEBUG] [mixinextras/]: Enabling mod mixinextras
[21:13:56] [Server thread/DEBUG] [aiimprovements/]: Enabling mod aiimprovements
[21:13:56] [Server thread/DEBUG] [archaicfix/]: Enabling mod archaicfix
[21:13:56] [Server thread/DEBUG] [carbonconfig/]: Enabling mod carbonconfig
[21:13:56] [Server thread/DEBUG] [FML/]: Found translations in CarbonConfig-1.7.10-1.2.4.jar [en_US, ru_RU]
[21:13:56] [Server thread/DEBUG] [chunkpregenerator/]: Enabling mod chunkpregenerator
[21:13:56] [Server thread/DEBUG] [FML/]: Found translations in Chunk-Pregenerator-1.7.10-4.4.9.1.jar [en_US]
[21:13:56] [Server thread/DEBUG] [ChunkPurge/]: Enabling mod ChunkPurge
[21:13:56] [Server thread/DEBUG] [debug/]: Enabling mod debug
[21:13:56] [Server thread/DEBUG] [FML/]: Found translations in denseores-1.6.2.jar [de_DE, en_US, fr_FR, it_IT, ko_KR, ru_RU, zh_CN]
[21:13:56] [Server thread/DEBUG] [denseores/]: Enabling mod denseores
[21:13:56] [Server thread/DEBUG] [FML/]: Found translations in denseores-1.6.2.jar [de_DE, en_US, fr_FR, it_IT, ko_KR, ru_RU, zh_CN]
[21:13:56] [Server thread/DEBUG] [foamfix/]: Enabling mod foamfix
[21:13:56] [Server thread/DEBUG] [gvc/]: Enabling mod gvc
[21:13:56] [Server thread/DEBUG] [FML/]: Found translations in GlibysVC-1.7.10-0.6.2a.jar [de_DE, en_US, fr_FR, ja_JP, lv_LV, nl_NL, ru_RU]
[21:13:56] [Server thread/DEBUG] [gtnhlib/]: Enabling mod gtnhlib
[21:13:56] [Server thread/DEBUG] [FML/]: Found translations in gtnhlib-0.9.45.jar [en_US, es_MX, ru_RU, zh_CN]
[21:13:56] [Server thread/DEBUG] [Hats/]: Enabling mod Hats
[21:13:56] [Server thread/DEBUG] [FML/]: Found translations in Hats-4.0.1.jar [cs_CZ, de_DE, en_US, es_AR, es_ES, es_MX, et_EE, fi_FI, fr_FR, hr_HR, it_IT, nb_NO, nl_NL, pl_PL, pt_BR, ru_RU, sv_SE, tr_TR, zh_CN, zh_TW]
[21:13:56] [Server thread/DEBUG] [iChunUtil/]: Enabling mod iChunUtil
[21:13:56] [Server thread/DEBUG] [FML/]: Found translations in iChunUtil-4.2.3.jar [bg_BG, de_DE, en_US, es_ES, fr_FR, ru_RU]
[21:13:56] [Server thread/DEBUG] [InventoryPets/]: Enabling mod InventoryPets
[21:13:56] [Server thread/DEBUG] [FML/]: Found translations in inventorypets-1.7.10-1.5.2.jar [de_DE, en_US, es_ES, fr_FR, it_IT, ja_JP, pl_PL, ru_RU, uk_UA, zh_CN]
[21:13:56] [Server thread/DEBUG] [ironbackpacks/]: Enabling mod ironbackpacks
[21:13:56] [Server thread/DEBUG] [FML/]: Found translations in IronBackpacks-1.7.10-1.2.20.jar [de_DE, en_US, es_SP, sv_SE, zh_CN]
[21:13:56] [Server thread/DEBUG] [IronChest/]: Enabling mod IronChest
[21:13:56] [Server thread/DEBUG] [FML/]: Found translations in IronChest-6.1.11.jar [cs_CZ, da_DK, de_DE, el_GR, en_PT, en_US, es_ES, et_EE, fr_FR, it_IT, ko_KR, nb_NO, nl_NL, pl_PL, pt_BR, pt_PT, ru_RU, sv_SE, tr_TR, zh_CN, zh_TW]
[21:13:56] [Server thread/DEBUG] [lucky/]: Enabling mod lucky
[21:13:56] [Server thread/DEBUG] [FML/]: Found translations in lucky-block-forge-1.7.10-1.0.jar [en_US]
[21:13:56] [Server thread/DEBUG] [MoreFurnaces/]: Enabling mod MoreFurnaces
[21:13:56] [Server thread/DEBUG] [FML/]: Found translations in MoreFurnaces-1.3.9-MC1.7.10.jar [en_US]
[21:13:56] [Server thread/DEBUG] [OreSpawn/]: Enabling mod OreSpawn
[21:13:56] [Server thread/DEBUG] [PortalGun/]: Enabling mod PortalGun
[21:13:56] [Server thread/TRACE] [FML/]: Verifying mod requirements are satisfied
[21:13:56] [Server thread/TRACE] [FML/]: All mod requirements are satisfied
[21:13:56] [Server thread/TRACE] [FML/]: Sorting mods into an ordered list
[21:13:56] [Server thread/TRACE] [FML/]: Mod sorting completed successfully
[21:13:56] [Server thread/DEBUG] [FML/]: Mod sorting data
[21:13:56] [Server thread/DEBUG] [FML/]: 	debug(debug:1.0): denseores-1.6.2.jar (before:*)
[21:13:56] [Server thread/DEBUG] [FML/]: 	unimixins(UniMixins:0.2.1): +unimixins-all-1.7.10-0.2.1.jar ()
[21:13:56] [Server thread/DEBUG] [FML/]: 	unimixins-mixin(UniMixins: Mixin (UniMix):0.2.1): +unimixins-all-1.7.10-0.2.1.jar ()
[21:13:56] [Server thread/DEBUG] [FML/]: 	unimixins-compat(UniMixins: Compatibility:0.2.1): +unimixins-all-1.7.10-0.2.1.jar ()
[21:13:56] [Server thread/DEBUG] [FML/]: 	mixingasm(UniMixins: Mixingasm:0.3): +unimixins-all-1.7.10-0.2.1.jar ()
[21:13:56] [Server thread/DEBUG] [FML/]: 	spongemixins(UniMixins: SpongeMixins:2.0.1): +unimixins-all-1.7.10-0.2.1.jar ()
[21:13:56] [Server thread/DEBUG] [FML/]: 	mixinbooterlegacy(UniMixins: MixinBooterLegacy:1.2.1): +unimixins-all-1.7.10-0.2.1.jar ()
[21:13:56] [Server thread/DEBUG] [FML/]: 	gtnhmixins(UniMixins: GTNHMixins:2.2.0): +unimixins-all-1.7.10-0.2.1.jar ()
[21:13:56] [Server thread/DEBUG] [FML/]: 	mixinextras(UniMixins: MixinExtras:0.2.1): +unimixins-all-1.7.10-0.2.1.jar ()
[21:13:56] [Server thread/DEBUG] [FML/]: 	aiimprovements(AI Improvements:0.0.1.8): AIImprovements-1.7.10-0.0.1b8.jar ()
[21:13:56] [Server thread/DEBUG] [FML/]: 	archaicfix(ArchaicFix:0.7.9): archaicfix-0.7.9.jar (required-after:gtnhmixins@[2.0.0,);required-after:unimixins@[0.1.16,);after:chunkapi)
[21:13:56] [Server thread/DEBUG] [FML/]: 	carbonconfig(Carbon Config Library:1.1.3): CarbonConfig-1.7.10-1.2.4.jar ()
[21:13:56] [Server thread/DEBUG] [FML/]: 	chunkpregenerator(Chunk Pregenerator:4.4.9): Chunk-Pregenerator-1.7.10-4.4.9.1.jar (required-after:carbonconfig)
[21:13:56] [Server thread/DEBUG] [FML/]: 	ChunkPurge(Chunk Purge:2.1): ChunkPurge-1.7.10-2.1.jar ()
[21:13:56] [Server thread/DEBUG] [FML/]: 	foamfix(FoamFix:@VERSION@): FoamFix-1.7.10-universal-1.0.4.jar ()
[21:13:56] [Server thread/DEBUG] [FML/]: 	gvc(�aGliby's�f Voice Chat Mod:0.6.1): GlibysVC-1.7.10-0.6.2a.jar ()
[21:13:56] [Server thread/DEBUG] [FML/]: 	gtnhlib(GTNH Lib:0.9.45): gtnhlib-0.9.45.jar ()
[21:13:56] [Server thread/DEBUG] [FML/]: 	iChunUtil(iChunUtil:4.2.3): iChunUtil-4.2.3.jar (required-after:Forge@[10.13.2.1291,))
[21:13:56] [Server thread/DEBUG] [FML/]: 	Hats(Hats:4.0.1): Hats-4.0.1.jar (required-after:iChunUtil@[4.0.0,))
[21:13:56] [Server thread/DEBUG] [FML/]: 	Baubles|API(API: Baubles|API:1.0.1.10): inventorypets-1.7.10-1.5.2.jar ()
[21:13:56] [Server thread/DEBUG] [FML/]: 	InventoryPets(Inventory Pets:1.5.2): inventorypets-1.7.10-1.5.2.jar ()
[21:13:56] [Server thread/DEBUG] [FML/]: 	ironbackpacks(Iron Backpacks:1.7.10-1.2.20): IronBackpacks-1.7.10-1.2.20.jar ()
[21:13:56] [Server thread/DEBUG] [FML/]: 	IronChest(Iron Chests:6.1.11): IronChest-6.1.11.jar (required-after:Forge@[10.10,);required-after:FML@[7.2,))
[21:13:56] [Server thread/DEBUG] [FML/]: 	lucky(Lucky Block:5.1.0): lucky-block-forge-1.7.10-1.0.jar ()
[21:13:56] [Server thread/DEBUG] [FML/]: 	MoreFurnaces(More Furnaces:1.3.9): MoreFurnaces-1.3.9-MC1.7.10.jar ()
[21:13:56] [Server thread/DEBUG] [FML/]: 	OreSpawn(OreSpawn:1.7.10.20.3): orespawn-1.7.10-20.3.jar ()
[21:13:56] [Server thread/DEBUG] [FML/]: 	PortalGun(PortalGun:4.0.0-beta-6): PortalGun-4.0.0-beta-6-fix-1.jar (required-after:iChunUtil@[4.2.2,))
[21:13:56] [Server thread/DEBUG] [FML/]: 	denseores(Dense Ores:1.0): denseores-1.6.2.jar (after:*)
[21:13:56] [Server thread/INFO] [MixinBooter/]: Instantiating all ILateMixinLoader implemented classes...
[21:13:56] [Server thread/DEBUG] [GTNHMixins/]: Searching ASMData for ILateMixinLoaders
[21:13:56] [Server thread/DEBUG] [GTNHMixins/]: LiteLoader not present
[21:13:56] [Server thread/DEBUG] [GTNHMixins/]: LoadedMods [lucky, NotEnoughItems, unimixins-compat, FastCraft, Forge, IronChest, iChunUtil, ChunkPurge, CodeChickenCore, chunkpregenerator, PortalGun, GTNHLib Core, gvc, mixinbooterlegacy, mcp, unimixins-mixin, mixingasm, gtnhmixins, InventoryPets, mixinextras, debug, FML, spongemixins, ironbackpacks, MoreFurnaces, aiimprovements, gtnhlib, foamfix, denseores, FoamFixCore, unimixins, archaicfix, Hats, OreSpawn, carbonconfig]
[21:13:56] [Server thread/DEBUG] [GTNHMixins/]: Loading mixins from ILateMixinLoader [com.gtnewhorizon.gtnhlib.core.GTNHLibLateMixinLoader]
[21:13:56] [Server thread/DEBUG] [GTNHMixins/]: ITargetMods found during Phase LATE: []
[21:13:56] [Server thread/DEBUG] [GTNHMixins/]: ITargetMods not found during Phase LATE: [THAUMCRAFT]
[21:13:56] [Server thread/DEBUG] [GTNHMixins/]: Not loading the following LATE mixins: [MixinEnhancedInfusionRecipe]
[21:13:56] [Server thread/DEBUG] [GTNHMixins/]: Loading mixins from ILateMixinLoader [org.embeddedt.archaicfix.asm.LateMixinPlugin]
[21:13:56] [Server thread/DEBUG] [GTNHMixins/]: ITargetMods found during Phase LATE: [CHUNK_PREGENERATOR]
[21:13:56] [Server thread/DEBUG] [GTNHMixins/]: ITargetMods not found during Phase LATE: [GREGTECH6, EXTRAUTILS, ARS_MAGICA_2, WAYSTONES, ADVENT_OF_ASCENSION, THERMALEXPANSION, CHICKENCHUNKS, MEKANISM, FOODPLUS, PROJECTE, THERMALFOUNDATION, MRTJPCORE, DIVERSITY, MATTER_OVERDRIVE, BOTANIA, DIVINERPG]
[21:13:56] [Server thread/DEBUG] [GTNHMixins/]: Not loading the following LATE mixins: [common.tc4tweaks.MixinGenerateItemHash, common.tc4tweaks.MixinMappingThread, client.journeymap.MixinTileDrawStep, client.ae2.MixinNEIItemRender, common.dragonapi.MixinReikaWorldHelper, common.gt6.MixinAdvancedCraftingXToY, common.gt6.MixinGT6_Main, common.gt6.MixinCR, client.gt6.MixinGT_API_Proxy_Client, common.mo.MixinMatterRegistry, common.mo.MixinMatterRegistrationHandler, common.mo.MixinVersionCheckHandler, common.extrautils.MixinEventHandlerSiege, common.extrautils.MixinEventHandlerServer, common.extrautils.MixinItemDivisionSigil, common.extrautils.MixinTileEntityTrashCan, common.chickenchunks.MixinPlayerChunkViewerManager, common.mrtjp.MixinBlockUpdateHandler, common.projecte.MixinRecipeShapelessHidden, common.thermal.MixinTECraftingHandler, client.divinerpg.MixinEntitySparkler, common.mekanism.MixinGenHandler, common.thermal.MixinBlockOre, common.botania.MixinBlockSpecialFlower, client.aoa.MixinProjectileEntities, common.am2.MixinPlayerTracker, common.foodplus.MixinUpdater, common.waystones.MixinItemWarpStone, common.diversity.MixinServerHandler]
[21:13:56] [Server thread/DEBUG] [GTNHMixins/]: Loading [mixins.archaicfix.late.json] common.lighting.base.MixinAnvilChunkLoaderBase
[21:13:56] [Server thread/DEBUG] [GTNHMixins/]: Loading [mixins.archaicfix.late.json] common.pregen.MixinChunkProcessor
[21:13:56] [Server thread/DEBUG] [GTNHMixins/]: Loading [mixins.archaicfix.late.json] common.pregen.MixinChunkHelper
[21:13:56] [Server thread/DEBUG] [mixin/]: Selecting config mixins.gtnhlib.late.json
[21:13:56] [Server thread/DEBUG] [mixin/]: Selecting config mixins.archaicfix.late.json
[21:13:56] [Server thread/DEBUG] [mixin/]: Preparing mixins.gtnhlib.late.json (0)
[21:13:56] [Server thread/DEBUG] [mixin/]: Preparing mixins.archaicfix.late.json (3)
[21:13:56] [Server thread/DEBUG] [org.spongepowered.asm.service.mojang.MixinServiceLaunchWrapper/]: Rebuilding transformer delegation list:
[21:13:56] [Server thread/DEBUG] [org.spongepowered.asm.service.mojang.MixinServiceLaunchWrapper/]: Found name transformer: cpw.mods.fml.common.asm.transformers.DeobfuscationTransformer
[21:13:56] [Server thread/DEBUG] [org.spongepowered.asm.service.mojang.MixinServiceLaunchWrapper/]:   Adding:    cpw.mods.fml.common.asm.transformers.PatchingTransformer
[21:13:56] [Server thread/DEBUG] [org.spongepowered.asm.service.mojang.MixinServiceLaunchWrapper/]:   Excluding: org.spongepowered.asm.mixin.transformer.Proxy
[21:13:56] [Server thread/DEBUG] [org.spongepowered.asm.service.mojang.MixinServiceLaunchWrapper/]:   Excluding: io.github.legacymoddingmc.unimixins.compat.asm.ASMRemapperTransformer
[21:13:56] [Server thread/DEBUG] [org.spongepowered.asm.service.mojang.MixinServiceLaunchWrapper/]:   Adding:    cpw.mods.fml.common.asm.transformers.MarkerTransformer
[21:13:56] [Server thread/DEBUG] [org.spongepowered.asm.service.mojang.MixinServiceLaunchWrapper/]:   Adding:    cpw.mods.fml.common.asm.transformers.SideTransformer
[21:13:56] [Server thread/DEBUG] [org.spongepowered.asm.service.mojang.MixinServiceLaunchWrapper/]:   Excluding: cpw.mods.fml.common.asm.transformers.EventSubscriptionTransformer
[21:13:56] [Server thread/DEBUG] [org.spongepowered.asm.service.mojang.MixinServiceLaunchWrapper/]:   Adding:    net.minecraftforge.classloading.FluidIdTransformer
[21:13:56] [Server thread/DEBUG] [org.spongepowered.asm.service.mojang.MixinServiceLaunchWrapper/]:   Adding:    codechicken.lib.asm.ClassHeirachyManager
[21:13:56] [Server thread/DEBUG] [org.spongepowered.asm.service.mojang.MixinServiceLaunchWrapper/]:   Adding:    codechicken.lib.asm.RedirectorTransformer
[21:13:56] [Server thread/DEBUG] [org.spongepowered.asm.service.mojang.MixinServiceLaunchWrapper/]:   Adding:    codechicken.core.asm.TweakTransformer
[21:13:56] [Server thread/DEBUG] [org.spongepowered.asm.service.mojang.MixinServiceLaunchWrapper/]:   Excluding: codechicken.nei.asm.NEITransformer
[21:13:56] [Server thread/DEBUG] [org.spongepowered.asm.service.mojang.MixinServiceLaunchWrapper/]:   Excluding: io.github.legacymoddingmc.unimixins.compat.asm.EnhanceCrashReportsTransformer
[21:13:56] [Server thread/DEBUG] [org.spongepowered.asm.service.mojang.MixinServiceLaunchWrapper/]:   Excluding: org.embeddedt.archaicfix.asm.ArchaicTransformer
[21:13:56] [Server thread/DEBUG] [org.spongepowered.asm.service.mojang.MixinServiceLaunchWrapper/]:   Excluding: com.gtnewhorizon.gtnhlib.core.fml.transformers.EventBusSubTransformer
[21:13:56] [Server thread/DEBUG] [org.spongepowered.asm.service.mojang.MixinServiceLaunchWrapper/]:   Excluding: com.gtnewhorizon.gtnhlib.core.fml.transformers.BlockIconTransformer
[21:13:56] [Server thread/DEBUG] [org.spongepowered.asm.service.mojang.MixinServiceLaunchWrapper/]:   Excluding: me.guichaguri.betterfps.transformers.MathTransformer
[21:13:56] [Server thread/DEBUG] [org.spongepowered.asm.service.mojang.MixinServiceLaunchWrapper/]:   Excluding: me.guichaguri.betterfps.transformers.EventTransformer
[21:13:56] [Server thread/DEBUG] [org.spongepowered.asm.service.mojang.MixinServiceLaunchWrapper/]:   Adding:    cpw.mods.fml.common.asm.transformers.DeobfuscationTransformer
[21:13:56] [Server thread/DEBUG] [org.spongepowered.asm.service.mojang.MixinServiceLaunchWrapper/]:   Adding:    cpw.mods.fml.common.asm.transformers.AccessTransformer
[21:13:56] [Server thread/DEBUG] [org.spongepowered.asm.service.mojang.MixinServiceLaunchWrapper/]:   Adding:    net.minecraftforge.transformers.ForgeAccessTransformer
[21:13:56] [Server thread/DEBUG] [org.spongepowered.asm.service.mojang.MixinServiceLaunchWrapper/]:   Adding:    io.github.legacymoddingmc.unimixins.all.AllCore$CombinedAccessTransformer
[21:13:56] [Server thread/DEBUG] [org.spongepowered.asm.service.mojang.MixinServiceLaunchWrapper/]:   Adding:    cpw.mods.fml.common.asm.transformers.ModAccessTransformer
[21:13:56] [Server thread/DEBUG] [org.spongepowered.asm.service.mojang.MixinServiceLaunchWrapper/]:   Adding:    cpw.mods.fml.common.asm.transformers.ItemStackTransformer
[21:13:56] [Server thread/DEBUG] [org.spongepowered.asm.service.mojang.MixinServiceLaunchWrapper/]:   Excluding: org.spongepowered.asm.mixin.transformer.Proxy
[21:13:56] [Server thread/DEBUG] [org.spongepowered.asm.service.mojang.MixinServiceLaunchWrapper/]:   Excluding: pl.asie.foamfix.bugfixmod.coremod.BugfixModClassTransformer
[21:13:56] [Server thread/DEBUG] [org.spongepowered.asm.service.mojang.MixinServiceLaunchWrapper/]:   Excluding: carbonconfiglib.impl.internal.CarbonConfigHooks
[21:13:56] [Server thread/DEBUG] [org.spongepowered.asm.service.mojang.MixinServiceLaunchWrapper/]:   Excluding: pregenerator.base.hooks.PregenHooks
[21:13:56] [Server thread/DEBUG] [org.spongepowered.asm.service.mojang.MixinServiceLaunchWrapper/]:   Excluding: fastcraft.J
[21:13:56] [Server thread/DEBUG] [org.spongepowered.asm.service.mojang.MixinServiceLaunchWrapper/]:   Excluding: cpw.mods.fml.common.asm.transformers.TerminalTransformer
[21:13:56] [Server thread/DEBUG] [org.spongepowered.asm.service.mojang.MixinServiceLaunchWrapper/]:   Excluding: org.spongepowered.asm.mixin.transformer.Proxy
[21:13:56] [Server thread/DEBUG] [org.spongepowered.asm.service.mojang.MixinServiceLaunchWrapper/]:   Adding:    cpw.mods.fml.common.asm.transformers.ModAPITransformer
[21:13:56] [Server thread/DEBUG] [org.spongepowered.asm.service.mojang.MixinServiceLaunchWrapper/]: Transformer delegation list created with 14 entries
[21:13:56] [Server thread/TRACE] [mixin/]: Added class metadata for pregenerator/impl/processor/generator/ChunkProcessor to metadata cache
[21:13:56] [Server thread/TRACE] [mixin/]: Added class metadata for pregenerator/impl/processor/generator/ChunkHelper to metadata cache
[21:13:56] [Server thread/TRACE] [mixin/]: Added class metadata for cpw/mods/fml/common/gameevent/TickEvent$ServerTickEvent to metadata cache
[21:13:56] [Server thread/TRACE] [mcp/mcp]: Sending event FMLConstructionEvent to mod mcp
[21:13:56] [Server thread/TRACE] [mcp/mcp]: Sent event FMLConstructionEvent to mod mcp
[21:13:56] [Server thread/DEBUG] [FML/]: Bar Step: Construction - Minecraft Coder Pack took 0,001s
[21:13:56] [Server thread/TRACE] [FML/FML]: Sending event FMLConstructionEvent to mod FML
[21:13:56] [Server thread/TRACE] [FML/FML]: Mod FML is using network checker : Invoking method checkModLists
[21:13:56] [Server thread/TRACE] [FML/FML]: Testing mod FML to verify it accepts its own version in a remote connection
[21:13:56] [Server thread/TRACE] [FML/FML]: The mod FML accepts its own version (7.10.99.99)
[21:13:56] [Server thread/INFO] [FML/FML]: Attempting connection with missing mods [mcp, FML, Forge, CodeChickenCore, NotEnoughItems, GTNHLib Core, FoamFixCore, FastCraft, unimixins, unimixins-mixin, unimixins-compat, mixingasm, spongemixins, mixinbooterlegacy, gtnhmixins, mixinextras, aiimprovements, archaicfix, carbonconfig, chunkpregenerator, ChunkPurge, debug, denseores, foamfix, gvc, gtnhlib, Hats, iChunUtil, InventoryPets, ironbackpacks, IronChest, lucky, MoreFurnaces, OreSpawn, PortalGun] at CLIENT
[21:13:56] [Server thread/INFO] [FML/FML]: Attempting connection with missing mods [mcp, FML, Forge, CodeChickenCore, NotEnoughItems, GTNHLib Core, FoamFixCore, FastCraft, unimixins, unimixins-mixin, unimixins-compat, mixingasm, spongemixins, mixinbooterlegacy, gtnhmixins, mixinextras, aiimprovements, archaicfix, carbonconfig, chunkpregenerator, ChunkPurge, debug, denseores, foamfix, gvc, gtnhlib, Hats, iChunUtil, InventoryPets, ironbackpacks, IronChest, lucky, MoreFurnaces, OreSpawn, PortalGun] at SERVER
[21:13:56] [Server thread/DEBUG] [mixin/FML]: Mixing common.core.MixinEmbeddedChannel from mixins.archaicfix.early.json into io.netty.channel.embedded.EmbeddedChannel
[21:13:56] [Server thread/TRACE] [mixin/FML]: Added class metadata for io/netty/util/DefaultAttributeMap to metadata cache
[21:13:56] [Server thread/TRACE] [mixin/FML]: Added class metadata for io/netty/util/AttributeMap to metadata cache
[21:13:56] [Server thread/TRACE] [mixin/FML]: Added class metadata for io/netty/channel/Channel to metadata cache
[21:13:56] [Server thread/TRACE] [mixin/FML]: Added class metadata for io/netty/channel/ChannelPropertyAccess to metadata cache
[21:13:56] [Server thread/TRACE] [mixin/FML]: Added class metadata for io/netty/channel/ChannelOutboundInvoker to metadata cache
[21:13:56] [Server thread/TRACE] [mixin/FML]: Added class metadata for java/util/ArrayDeque to metadata cache
[21:13:56] [Server thread/TRACE] [mixin/FML]: Added class metadata for java/util/Deque to metadata cache
[21:13:56] [Server thread/TRACE] [mixin/FML]: Added class metadata for java/util/Queue to metadata cache
[21:13:56] [Server thread/TRACE] [mixin/FML]: Added class metadata for io/netty/channel/ChannelConfig to metadata cache
[21:13:56] [Server thread/TRACE] [mixin/FML]: Added class metadata for io/netty/util/ReferenceCountUtil to metadata cache
[21:13:57] [Server thread/TRACE] [mixin/FML]: Added class metadata for java/nio/channels/ClosedChannelException to metadata cache
[21:13:57] [Server thread/TRACE] [mixin/FML]: Added class metadata for java/io/IOException to metadata cache
[21:13:57] [Server thread/TRACE] [mixin/FML]: Added class metadata for io/netty/channel/ChannelPromise to metadata cache
[21:13:57] [Server thread/TRACE] [mixin/FML]: Added class metadata for io/netty/channel/ChannelFuture to metadata cache
[21:13:57] [Server thread/TRACE] [mixin/FML]: Added class metadata for io/netty/util/concurrent/Future to metadata cache
[21:13:57] [Server thread/TRACE] [mixin/FML]: Added class metadata for java/util/concurrent/Future to metadata cache
[21:13:57] [Server thread/TRACE] [mixin/FML]: Added class metadata for io/netty/util/concurrent/Promise to metadata cache
[21:13:57] [Server thread/TRACE] [mixin/FML]: Added class metadata for io/netty/channel/ChannelPipeline to metadata cache
[21:13:57] [Server thread/DEBUG] [mixin/FML]: mixins.archaicfix.early.json:common.core.MixinEmbeddedChannel from mod archaicfix->@Inject::storeMsgs([Ljava/lang/Object;Lorg/spongepowered/asm/mixin/injection/callback/CallbackInfoReturnable;)V does use it's CallbackInfoReturnable
[21:13:57] [Server thread/DEBUG] [mixin/FML]: mixins.archaicfix.early.json:common.core.MixinEmbeddedChannel from mod archaicfix->@Inject::handleInboundClosing(Lorg/spongepowered/asm/mixin/injection/callback/CallbackInfo;)V doesn't use it's CallbackInfo
[21:13:57] [Server thread/DEBUG] [mixin/FML]: mixins.archaicfix.early.json:common.core.MixinEmbeddedChannel from mod archaicfix->@Inject::handleInboundClosing(Lorg/spongepowered/asm/mixin/injection/callback/CallbackInfo;)V has 0 override(s) in child classes
[21:13:57] [Server thread/DEBUG] [mixin/FML]: mixins.archaicfix.early.json:common.core.MixinEmbeddedChannel from mod archaicfix->@Inject::handleInboundClosing(Lorg/spongepowered/asm/mixin/injection/callback/CallbackInfo;)V won't be passed a CallbackInfo as a result
[21:13:57] [Server thread/DEBUG] [mixin/FML]: mixins.archaicfix.early.json:common.core.MixinEmbeddedChannel from mod archaicfix->@Inject::readTmpInbounds(Lorg/spongepowered/asm/mixin/injection/callback/CallbackInfo;)V doesn't use it's CallbackInfo
[21:13:57] [Server thread/DEBUG] [mixin/FML]: mixins.archaicfix.early.json:common.core.MixinEmbeddedChannel from mod archaicfix->@Inject::readTmpInbounds(Lorg/spongepowered/asm/mixin/injection/callback/CallbackInfo;)V has 0 override(s) in child classes
[21:13:57] [Server thread/DEBUG] [mixin/FML]: mixins.archaicfix.early.json:common.core.MixinEmbeddedChannel from mod archaicfix->@Inject::readTmpInbounds(Lorg/spongepowered/asm/mixin/injection/callback/CallbackInfo;)V won't be passed a CallbackInfo as a result
[21:13:57] [Server thread/TRACE] [FML/FML]: Sent event FMLConstructionEvent to mod FML
[21:13:57] [Server thread/DEBUG] [FML/]: Bar Step: Construction - Forge Mod Loader took 0,457s
[21:13:57] [Server thread/TRACE] [Forge/Forge]: Sending event FMLConstructionEvent to mod Forge
[21:13:57] [Server thread/TRACE] [FML/Forge]: Mod Forge is using network checker : No network checking performed
[21:13:57] [Server thread/TRACE] [FML/Forge]: Testing mod Forge to verify it accepts its own version in a remote connection
[21:13:57] [Server thread/TRACE] [FML/Forge]: The mod Forge accepts its own version (10.13.4.1614)
[21:13:57] [Server thread/TRACE] [Forge/Forge]: Sent event FMLConstructionEvent to mod Forge
[21:13:57] [Server thread/DEBUG] [FML/]: Bar Step: Construction - Minecraft Forge took 0,004s
[21:13:57] [Server thread/TRACE] [CodeChickenCore/CodeChickenCore]: Sending event FMLConstructionEvent to mod CodeChickenCore
[21:13:57] [Server thread/TRACE] [CodeChickenCore/CodeChickenCore]: Sent event FMLConstructionEvent to mod CodeChickenCore
[21:13:57] [Server thread/DEBUG] [FML/]: Bar Step: Construction - CodeChicken Core took 0,000s
[21:13:57] [Server thread/TRACE] [NotEnoughItems/NotEnoughItems]: Sending event FMLConstructionEvent to mod NotEnoughItems
[21:13:57] [Server thread/TRACE] [NotEnoughItems/NotEnoughItems]: Sent event FMLConstructionEvent to mod NotEnoughItems
[21:13:57] [Server thread/DEBUG] [FML/]: Bar Step: Construction - NotEnoughItems took 0,000s
[21:13:57] [Server thread/TRACE] [GTNHLib Core/GTNHLib Core]: Sending event FMLConstructionEvent to mod GTNHLib Core
[21:13:57] [Server thread/TRACE] [GTNHLib Core/GTNHLib Core]: Sent event FMLConstructionEvent to mod GTNHLib Core
[21:13:57] [Server thread/DEBUG] [FML/]: Bar Step: Construction - GTNHLib Core took 0,003s
[21:13:57] [Server thread/TRACE] [FoamFixCore/FoamFixCore]: Sending event FMLConstructionEvent to mod FoamFixCore
[21:13:57] [Server thread/TRACE] [FoamFixCore/FoamFixCore]: Sent event FMLConstructionEvent to mod FoamFixCore
[21:13:57] [Server thread/DEBUG] [FML/]: Bar Step: Construction - FoamFixCore took 0,000s
[21:13:57] [Server thread/TRACE] [FastCraft/FastCraft]: Sending event FMLConstructionEvent to mod FastCraft
[21:13:57] [Server thread/TRACE] [FastCraft/FastCraft]: Sent event FMLConstructionEvent to mod FastCraft
[21:13:57] [Server thread/DEBUG] [FML/]: Bar Step: Construction - FastCraft took 0,000s
[21:13:57] [Server thread/TRACE] [debug/debug]: Sending event FMLConstructionEvent to mod debug
[21:13:57] [Server thread/INFO] [foamfix/debug]: [Log4JExploitFix] Applying Log4j exploit mitigation to com/rwtema/debug/SideOnlyCheckerTransformer/getLogger!
[21:13:57] [Server thread/INFO] [foamfix/debug]: [Log4JExploitFix] Applying Log4j exploit mitigation to com/rwtema/denseores/LogHelper/getLogger!
[21:13:57] [Server thread/DEBUG] [mixin/debug]: Mixing MixinGameRules from mixins.gtnhlib.early.json into net.minecraft.world.GameRules
[21:13:57] [Server thread/TRACE] [mixin/debug]: Added class metadata for com/gtnewhorizon/gtnhlib/gamerules/GameRuleRegistry to metadata cache
[21:13:57] [Server thread/DEBUG] [mixin/debug]: mixins.gtnhlib.early.json:MixinGameRules from mod gtnhlib->@Inject::gtnhlib$initGameRules(Lorg/spongepowered/asm/mixin/injection/callback/CallbackInfo;)V doesn't use it's CallbackInfo
[21:13:57] [Server thread/DEBUG] [mixin/debug]: mixins.gtnhlib.early.json:MixinGameRules from mod gtnhlib->@Inject::gtnhlib$initGameRules(Lorg/spongepowered/asm/mixin/injection/callback/CallbackInfo;)V has 0 override(s) in child classes
[21:13:57] [Server thread/DEBUG] [mixin/debug]: mixins.gtnhlib.early.json:MixinGameRules from mod gtnhlib->@Inject::gtnhlib$initGameRules(Lorg/spongepowered/asm/mixin/injection/callback/CallbackInfo;)V won't be passed a CallbackInfo as a result
[21:13:57] [Server thread/DEBUG] [mixin/debug]: mixins.gtnhlib.early.json:MixinGameRules from mod gtnhlib->@Inject::GTNHLib$onGameRuleChanged(Ljava/lang/String;Ljava/lang/String;Lorg/spongepowered/asm/mixin/injection/callback/CallbackInfo;)V doesn't use it's CallbackInfo
[21:13:57] [Server thread/DEBUG] [mixin/debug]: mixins.gtnhlib.early.json:MixinGameRules from mod gtnhlib->@Inject::GTNHLib$onGameRuleChanged(Ljava/lang/String;Ljava/lang/String;Lorg/spongepowered/asm/mixin/injection/callback/CallbackInfo;)V has 0 override(s) in child classes
[21:13:57] [Server thread/DEBUG] [mixin/debug]: mixins.gtnhlib.early.json:MixinGameRules from mod gtnhlib->@Inject::GTNHLib$onGameRuleChanged(Ljava/lang/String;Ljava/lang/String;Lorg/spongepowered/asm/mixin/injection/callback/CallbackInfo;)V won't be passed a CallbackInfo as a result
[21:13:57] [Server thread/TRACE] [FML/debug]: Mod debug is using network checker : Accepting version 1.0
[21:13:57] [Server thread/TRACE] [FML/debug]: Testing mod debug to verify it accepts its own version in a remote connection
[21:13:57] [Server thread/TRACE] [FML/debug]: The mod debug accepts its own version (1.0)
[21:13:57] [Server thread/DEBUG] [FML/debug]: Attempting to inject @SidedProxy classes into debug
[21:13:57] [Server thread/TRACE] [debug/debug]: Sent event FMLConstructionEvent to mod debug
[21:13:57] [Server thread/DEBUG] [FML/]: Bar Step: Construction - debug took 0,029s
[21:13:57] [Server thread/TRACE] [unimixins/unimixins]: Sending event FMLConstructionEvent to mod unimixins
[21:13:57] [Server thread/TRACE] [FML/unimixins]: Mod unimixins is using network checker : No network checking performed
[21:13:57] [Server thread/TRACE] [FML/unimixins]: Testing mod unimixins to verify it accepts its own version in a remote connection
[21:13:57] [Server thread/TRACE] [FML/unimixins]: The mod unimixins accepts its own version (0.2.1)
[21:13:57] [Server thread/DEBUG] [FML/unimixins]: Attempting to inject @SidedProxy classes into unimixins
[21:13:57] [Server thread/TRACE] [unimixins/unimixins]: Sent event FMLConstructionEvent to mod unimixins
[21:13:57] [Server thread/DEBUG] [FML/]: Bar Step: Construction - UniMixins took 0,001s
[21:13:57] [Server thread/TRACE] [unimixins-mixin/unimixins-mixin]: Sending event FMLConstructionEvent to mod unimixins-mixin
[21:13:57] [Server thread/TRACE] [FML/unimixins-mixin]: Mod unimixins-mixin is using network checker : No network checking performed
[21:13:57] [Server thread/TRACE] [FML/unimixins-mixin]: Testing mod unimixins-mixin to verify it accepts its own version in a remote connection
[21:13:57] [Server thread/TRACE] [FML/unimixins-mixin]: The mod unimixins-mixin accepts its own version (0.2.1)
[21:13:57] [Server thread/DEBUG] [FML/unimixins-mixin]: Attempting to inject @SidedProxy classes into unimixins-mixin
[21:13:57] [Server thread/TRACE] [unimixins-mixin/unimixins-mixin]: Sent event FMLConstructionEvent to mod unimixins-mixin
[21:13:57] [Server thread/DEBUG] [FML/]: Bar Step: Construction - UniMixins: Mixin (UniMix) took 0,001s
[21:13:57] [Server thread/TRACE] [unimixins-compat/unimixins-compat]: Sending event FMLConstructionEvent to mod unimixins-compat
[21:13:57] [Server thread/TRACE] [FML/unimixins-compat]: Mod unimixins-compat is using network checker : No network checking performed
[21:13:57] [Server thread/TRACE] [FML/unimixins-compat]: Testing mod unimixins-compat to verify it accepts its own version in a remote connection
[21:13:57] [Server thread/TRACE] [FML/unimixins-compat]: The mod unimixins-compat accepts its own version (0.2.1)
[21:13:57] [Server thread/DEBUG] [FML/unimixins-compat]: Attempting to inject @SidedProxy classes into unimixins-compat
[21:13:57] [Server thread/TRACE] [unimixins-compat/unimixins-compat]: Sent event FMLConstructionEvent to mod unimixins-compat
[21:13:57] [Server thread/DEBUG] [FML/]: Bar Step: Construction - UniMixins: Compatibility took 0,001s
[21:13:57] [Server thread/TRACE] [mixingasm/mixingasm]: Sending event FMLConstructionEvent to mod mixingasm
[21:13:57] [Server thread/TRACE] [FML/mixingasm]: Mod mixingasm is using network checker : No network checking performed
[21:13:57] [Server thread/TRACE] [FML/mixingasm]: Testing mod mixingasm to verify it accepts its own version in a remote connection
[21:13:57] [Server thread/TRACE] [FML/mixingasm]: The mod mixingasm accepts its own version (0.3)
[21:13:57] [Server thread/DEBUG] [FML/mixingasm]: Attempting to inject @SidedProxy classes into mixingasm
[21:13:57] [Server thread/TRACE] [mixingasm/mixingasm]: Sent event FMLConstructionEvent to mod mixingasm
[21:13:57] [Server thread/DEBUG] [FML/]: Bar Step: Construction - UniMixins: Mixingasm took 0,001s
[21:13:57] [Server thread/TRACE] [spongemixins/spongemixins]: Sending event FMLConstructionEvent to mod spongemixins
[21:13:57] [Server thread/INFO] [foamfix/spongemixins]: [Log4JExploitFix] Applying Log4j exploit mitigation to ru/timeconqueror/spongemixins/repackage/com/gtnewhorizon/gtnhmixins/GTNHMixins/getLogger!
[21:13:57] [Server thread/TRACE] [FML/spongemixins]: Mod spongemixins is using network checker : No network checking performed
[21:13:57] [Server thread/TRACE] [FML/spongemixins]: Testing mod spongemixins to verify it accepts its own version in a remote connection
[21:13:57] [Server thread/TRACE] [FML/spongemixins]: The mod spongemixins accepts its own version (2.0.1)
[21:13:57] [Server thread/DEBUG] [FML/spongemixins]: Attempting to inject @SidedProxy classes into spongemixins
[21:13:57] [Server thread/TRACE] [spongemixins/spongemixins]: Sent event FMLConstructionEvent to mod spongemixins
[21:13:57] [Server thread/DEBUG] [FML/]: Bar Step: Construction - UniMixins: SpongeMixins took 0,001s
[21:13:57] [Server thread/TRACE] [mixinbooterlegacy/mixinbooterlegacy]: Sending event FMLConstructionEvent to mod mixinbooterlegacy
[21:13:57] [Server thread/TRACE] [FML/mixinbooterlegacy]: Mod mixinbooterlegacy is using network checker : No network checking performed
[21:13:57] [Server thread/TRACE] [FML/mixinbooterlegacy]: Testing mod mixinbooterlegacy to verify it accepts its own version in a remote connection
[21:13:57] [Server thread/TRACE] [FML/mixinbooterlegacy]: The mod mixinbooterlegacy accepts its own version (1.2.1)
[21:13:57] [Server thread/DEBUG] [FML/mixinbooterlegacy]: Attempting to inject @SidedProxy classes into mixinbooterlegacy
[21:13:57] [Server thread/TRACE] [mixinbooterlegacy/mixinbooterlegacy]: Sent event FMLConstructionEvent to mod mixinbooterlegacy
[21:13:57] [Server thread/DEBUG] [FML/]: Bar Step: Construction - UniMixins: MixinBooterLegacy took 0,001s
[21:13:57] [Server thread/TRACE] [gtnhmixins/gtnhmixins]: Sending event FMLConstructionEvent to mod gtnhmixins
[21:13:57] [Server thread/TRACE] [FML/gtnhmixins]: Mod gtnhmixins is using network checker : No network checking performed
[21:13:57] [Server thread/TRACE] [FML/gtnhmixins]: Testing mod gtnhmixins to verify it accepts its own version in a remote connection
[21:13:57] [Server thread/TRACE] [FML/gtnhmixins]: The mod gtnhmixins accepts its own version (2.2.0)
[21:13:57] [Server thread/DEBUG] [FML/gtnhmixins]: Attempting to inject @SidedProxy classes into gtnhmixins
[21:13:57] [Server thread/TRACE] [gtnhmixins/gtnhmixins]: Sent event FMLConstructionEvent to mod gtnhmixins
[21:13:57] [Server thread/DEBUG] [FML/]: Bar Step: Construction - UniMixins: GTNHMixins took 0,001s
[21:13:57] [Server thread/TRACE] [mixinextras/mixinextras]: Sending event FMLConstructionEvent to mod mixinextras
[21:13:57] [Server thread/TRACE] [FML/mixinextras]: Mod mixinextras is using network checker : No network checking performed
[21:13:57] [Server thread/TRACE] [FML/mixinextras]: Testing mod mixinextras to verify it accepts its own version in a remote connection
[21:13:57] [Server thread/TRACE] [FML/mixinextras]: The mod mixinextras accepts its own version (0.2.1)
[21:13:57] [Server thread/DEBUG] [FML/mixinextras]: Attempting to inject @SidedProxy classes into mixinextras
[21:13:57] [Server thread/TRACE] [mixinextras/mixinextras]: Sent event FMLConstructionEvent to mod mixinextras
[21:13:57] [Server thread/DEBUG] [FML/]: Bar Step: Construction - UniMixins: MixinExtras took 0,001s
[21:13:57] [Server thread/TRACE] [aiimprovements/aiimprovements]: Sending event FMLConstructionEvent to mod aiimprovements
[21:13:57] [Server thread/INFO] [foamfix/aiimprovements]: [Log4JExploitFix] Applying Log4j exploit mitigation to com/builtbroken/ai/improvements/AIImprovements/getLogger!
[21:13:57] [Server thread/DEBUG] [FastCraft/aiimprovements]: 14 / 21 applied
[21:13:57] [Server thread/TRACE] [FastCraft/aiimprovements]: 2fef7b47 6a792565 c8279ba2 84274be4 ce4e7906 6518b690 e5fd58fe
[21:13:57] [Server thread/TRACE] [FML/aiimprovements]: Mod aiimprovements is using network checker : No network checking performed
[21:13:57] [Server thread/TRACE] [FML/aiimprovements]: Testing mod aiimprovements to verify it accepts its own version in a remote connection
[21:13:57] [Server thread/TRACE] [FML/aiimprovements]: The mod aiimprovements accepts its own version (0.0.1.8)
[21:13:57] [Server thread/DEBUG] [FML/aiimprovements]: Attempting to inject @SidedProxy classes into aiimprovements
[21:13:57] [Server thread/TRACE] [aiimprovements/aiimprovements]: Sent event FMLConstructionEvent to mod aiimprovements
[21:13:57] [Server thread/DEBUG] [FML/]: Bar Step: Construction - AI Improvements took 0,011s
[21:13:57] [Server thread/TRACE] [archaicfix/archaicfix]: Sending event FMLConstructionEvent to mod archaicfix
[21:13:57] [Server thread/INFO] [foamfix/archaicfix]: [Log4JExploitFix] Applying Log4j exploit mitigation to net/minecraft/network/NetHandlerPlayServer/getLogger!
[21:13:57] [Server thread/DEBUG] [mixin/archaicfix]: Mixing common.core.MixinNetHandlerPlayServer from mixins.archaicfix.early.json into net.minecraft.network.NetHandlerPlayServer
[21:13:57] [Server thread/TRACE] [mixin/archaicfix]: Added class metadata for net/minecraft/network/play/INetHandlerPlayServer to metadata cache
[21:13:57] [Server thread/TRACE] [mixin/archaicfix]: Added class metadata for net/minecraft/network/INetHandler to metadata cache
[21:13:57] [Server thread/TRACE] [FML/archaicfix]: Mod archaicfix is using network checker : Invoking method doVersionCheck
[21:13:57] [Server thread/TRACE] [FML/archaicfix]: Testing mod archaicfix to verify it accepts its own version in a remote connection
[21:13:57] [Server thread/TRACE] [FML/archaicfix]: The mod archaicfix accepts its own version (0.7.9)
[21:13:57] [Server thread/DEBUG] [FML/archaicfix]: Attempting to inject @SidedProxy classes into archaicfix
[21:13:57] [Server thread/TRACE] [archaicfix/archaicfix]: Sent event FMLConstructionEvent to mod archaicfix
[21:13:57] [Server thread/DEBUG] [FML/]: Bar Step: Construction - ArchaicFix took 0,018s
[21:13:57] [Server thread/TRACE] [carbonconfig/carbonconfig]: Sending event FMLConstructionEvent to mod carbonconfig
[21:13:57] [Server thread/INFO] [foamfix/carbonconfig]: [Log4JExploitFix] Applying Log4j exploit mitigation to carbonconfiglib/CarbonConfig/getLogger!
[21:13:57] [Server thread/TRACE] [FML/carbonconfig]: Mod carbonconfig is using network checker : No network checking performed
[21:13:57] [Server thread/TRACE] [FML/carbonconfig]: Testing mod carbonconfig to verify it accepts its own version in a remote connection
[21:13:57] [Server thread/TRACE] [FML/carbonconfig]: The mod carbonconfig accepts its own version (1.1.3)
[21:13:57] [Server thread/DEBUG] [FML/carbonconfig]: Attempting to inject @SidedProxy classes into carbonconfig
[21:13:57] [Server thread/TRACE] [carbonconfig/carbonconfig]: Sent event FMLConstructionEvent to mod carbonconfig
[21:13:57] [Server thread/DEBUG] [FML/]: Bar Step: Construction - Carbon Config Library took 0,098s
[21:13:57] [Server thread/TRACE] [chunkpregenerator/chunkpregenerator]: Sending event FMLConstructionEvent to mod chunkpregenerator
[21:13:57] [Server thread/INFO] [foamfix/chunkpregenerator]: [Log4JExploitFix] Applying Log4j exploit mitigation to pregenerator/ChunkPregenerator/getLogger!
[21:13:57] [Server thread/TRACE] [FML/chunkpregenerator]: Mod chunkpregenerator is using network checker : No network checking performed
[21:13:57] [Server thread/TRACE] [FML/chunkpregenerator]: Testing mod chunkpregenerator to verify it accepts its own version in a remote connection
[21:13:57] [Server thread/TRACE] [FML/chunkpregenerator]: The mod chunkpregenerator accepts its own version (4.4.9)
[21:13:57] [Server thread/DEBUG] [FML/chunkpregenerator]: Attempting to inject @SidedProxy classes into chunkpregenerator
[21:13:57] [Server thread/TRACE] [chunkpregenerator/chunkpregenerator]: Sent event FMLConstructionEvent to mod chunkpregenerator
[21:13:57] [Server thread/DEBUG] [FML/]: Bar Step: Construction - Chunk Pregenerator took 0,030s
[21:13:57] [Server thread/TRACE] [ChunkPurge/ChunkPurge]: Sending event FMLConstructionEvent to mod ChunkPurge
[21:13:57] [Server thread/TRACE] [FML/ChunkPurge]: Mod ChunkPurge is using network checker : No network checking performed
[21:13:57] [Server thread/TRACE] [FML/ChunkPurge]: Testing mod ChunkPurge to verify it accepts its own version in a remote connection
[21:13:57] [Server thread/TRACE] [FML/ChunkPurge]: The mod ChunkPurge accepts its own version (2.1)
[21:13:57] [Server thread/DEBUG] [FML/ChunkPurge]: Attempting to inject @SidedProxy classes into ChunkPurge
[21:13:57] [Server thread/TRACE] [ChunkPurge/ChunkPurge]: Sent event FMLConstructionEvent to mod ChunkPurge
[21:13:57] [Server thread/DEBUG] [FML/]: Bar Step: Construction - Chunk Purge took 0,003s
[21:13:57] [Server thread/TRACE] [foamfix/foamfix]: Sending event FMLConstructionEvent to mod foamfix
[21:13:57] [Server thread/TRACE] [FML/foamfix]: Mod foamfix is using network checker : No network checking performed
[21:13:57] [Server thread/TRACE] [FML/foamfix]: Testing mod foamfix to verify it accepts its own version in a remote connection
[21:13:57] [Server thread/TRACE] [FML/foamfix]: The mod foamfix accepts its own version (@VERSION@)
[21:13:57] [Server thread/DEBUG] [FML/foamfix]: Attempting to inject @SidedProxy classes into foamfix
[21:13:57] [Server thread/TRACE] [foamfix/foamfix]: Sent event FMLConstructionEvent to mod foamfix
[21:13:57] [Server thread/DEBUG] [FML/]: Bar Step: Construction - FoamFix took 0,001s
[21:13:57] [Server thread/TRACE] [gvc/gvc]: Sending event FMLConstructionEvent to mod gvc
[21:13:57] [Server thread/INFO] [foamfix/gvc]: [Log4JExploitFix] Applying Log4j exploit mitigation to net/gliby/voicechat/common/VoiceChatServer/getLogger!
[21:13:57] [Server thread/TRACE] [FML/gvc]: Mod gvc is using network checker : Accepting version 0.6.1
[21:13:57] [Server thread/TRACE] [FML/gvc]: Testing mod gvc to verify it accepts its own version in a remote connection
[21:13:57] [Server thread/TRACE] [FML/gvc]: The mod gvc accepts its own version (0.6.1)
[21:13:57] [Server thread/DEBUG] [FML/gvc]: Attempting to inject @SidedProxy classes into gvc
[21:13:57] [Server thread/TRACE] [gvc/gvc]: Sent event FMLConstructionEvent to mod gvc
[21:13:57] [Server thread/DEBUG] [FML/]: Bar Step: Construction - �aGliby's�f Voice Chat Mod took 0,010s
[21:13:57] [Server thread/TRACE] [gtnhlib/gtnhlib]: Sending event FMLConstructionEvent to mod gtnhlib
[21:13:57] [Server thread/INFO] [foamfix/gtnhlib]: [Log4JExploitFix] Applying Log4j exploit mitigation to com/gtnewhorizon/gtnhlib/GTNHLib/getLogger!
[21:13:57] [Server thread/TRACE] [FML/gtnhlib]: Mod gtnhlib is using network checker : Accepting range [0.0.13,)
[21:13:57] [Server thread/TRACE] [FML/gtnhlib]: Testing mod gtnhlib to verify it accepts its own version in a remote connection
[21:13:57] [Server thread/TRACE] [FML/gtnhlib]: The mod gtnhlib accepts its own version (0.9.45)
[21:13:57] [Server thread/DEBUG] [FML/gtnhlib]: Attempting to inject @SidedProxy classes into gtnhlib
[21:13:57] [Server thread/INFO] [foamfix/gtnhlib]: [Log4JExploitFix] Applying Log4j exploit mitigation to com/gtnewhorizon/gtnhlib/eventbus/AutoEventBus/getLogger!
[21:13:57] [Server thread/TRACE] [gtnhlib/gtnhlib]: Sent event FMLConstructionEvent to mod gtnhlib
[21:13:57] [Server thread/DEBUG] [FML/]: Bar Step: Construction - GTNH Lib took 0,027s
[21:13:57] [Server thread/TRACE] [iChunUtil/iChunUtil]: Sending event FMLConstructionEvent to mod iChunUtil
[21:13:57] [Server thread/INFO] [foamfix/iChunUtil]: [Log4JExploitFix] Applying Log4j exploit mitigation to ichun/common/iChunUtil/getLogger!
[21:13:57] [Server thread/TRACE] [FML/iChunUtil]: Mod iChunUtil is using network checker : Accepting version 4.2.3
[21:13:57] [Server thread/TRACE] [FML/iChunUtil]: Testing mod iChunUtil to verify it accepts its own version in a remote connection
[21:13:57] [Server thread/TRACE] [FML/iChunUtil]: The mod iChunUtil accepts its own version (4.2.3)
[21:13:57] [Server thread/DEBUG] [FML/iChunUtil]: Attempting to inject @SidedProxy classes into iChunUtil
[21:13:57] [Server thread/TRACE] [iChunUtil/iChunUtil]: Sent event FMLConstructionEvent to mod iChunUtil
[21:13:57] [Server thread/DEBUG] [FML/]: Bar Step: Construction - iChunUtil took 0,011s
[21:13:57] [Server thread/TRACE] [Hats/Hats]: Sending event FMLConstructionEvent to mod Hats
[21:13:57] [Server thread/INFO] [foamfix/Hats]: [Log4JExploitFix] Applying Log4j exploit mitigation to hats/common/Hats/getLogger!
[21:13:57] [Server thread/TRACE] [FML/Hats]: Mod Hats is using network checker : Accepting range [4.0.0,4.1.0)
[21:13:57] [Server thread/TRACE] [FML/Hats]: Testing mod Hats to verify it accepts its own version in a remote connection
[21:13:57] [Server thread/TRACE] [FML/Hats]: The mod Hats accepts its own version (4.0.1)
[21:13:57] [Server thread/DEBUG] [FML/Hats]: Attempting to inject @SidedProxy classes into Hats
[21:13:57] [Server thread/TRACE] [Hats/Hats]: Sent event FMLConstructionEvent to mod Hats
[21:13:57] [Server thread/DEBUG] [FML/]: Bar Step: Construction - Hats took 0,009s
[21:13:57] [Server thread/TRACE] [InventoryPets/InventoryPets]: Sending event FMLConstructionEvent to mod InventoryPets
[21:13:57] [Server thread/TRACE] [FML/InventoryPets]: Mod InventoryPets is using network checker : Accepting version 1.5.2
[21:13:57] [Server thread/TRACE] [FML/InventoryPets]: Testing mod InventoryPets to verify it accepts its own version in a remote connection
[21:13:57] [Server thread/TRACE] [FML/InventoryPets]: The mod InventoryPets accepts its own version (1.5.2)
[21:13:57] [Server thread/DEBUG] [FML/InventoryPets]: Attempting to inject @SidedProxy classes into InventoryPets
[21:13:57] [Server thread/TRACE] [InventoryPets/InventoryPets]: Sent event FMLConstructionEvent to mod InventoryPets
[21:13:57] [Server thread/DEBUG] [FML/]: Bar Step: Construction - Inventory Pets took 0,032s
[21:13:57] [Server thread/TRACE] [ironbackpacks/ironbackpacks]: Sending event FMLConstructionEvent to mod ironbackpacks
[21:13:57] [Server thread/TRACE] [FML/ironbackpacks]: Mod ironbackpacks is using network checker : Accepting version 1.7.10-1.2.20
[21:13:57] [Server thread/TRACE] [FML/ironbackpacks]: Testing mod ironbackpacks to verify it accepts its own version in a remote connection
[21:13:57] [Server thread/TRACE] [FML/ironbackpacks]: The mod ironbackpacks accepts its own version (1.7.10-1.2.20)
[21:13:57] [Server thread/DEBUG] [FML/ironbackpacks]: Attempting to inject @SidedProxy classes into ironbackpacks
[21:13:57] [Server thread/TRACE] [ironbackpacks/ironbackpacks]: Sent event FMLConstructionEvent to mod ironbackpacks
[21:13:57] [Server thread/DEBUG] [FML/]: Bar Step: Construction - Iron Backpacks took 0,005s
[21:13:57] [Server thread/TRACE] [IronChest/IronChest]: Sending event FMLConstructionEvent to mod IronChest
[21:13:57] [Server thread/TRACE] [FML/IronChest]: Mod IronChest is using network checker : Accepting version 6.1.11
[21:13:57] [Server thread/TRACE] [FML/IronChest]: Testing mod IronChest to verify it accepts its own version in a remote connection
[21:13:57] [Server thread/TRACE] [FML/IronChest]: The mod IronChest accepts its own version (6.1.11)
[21:13:57] [Server thread/DEBUG] [FML/IronChest]: Attempting to inject @SidedProxy classes into IronChest
[21:13:57] [Server thread/TRACE] [IronChest/IronChest]: Sent event FMLConstructionEvent to mod IronChest
[21:13:57] [Server thread/DEBUG] [FML/]: Bar Step: Construction - Iron Chests took 0,006s
[21:13:57] [Server thread/TRACE] [lucky/lucky]: Sending event FMLConstructionEvent to mod lucky
[21:13:57] [Server thread/TRACE] [FML/lucky]: Mod lucky is using network checker : Accepting version 5.1.0
[21:13:57] [Server thread/TRACE] [FML/lucky]: Testing mod lucky to verify it accepts its own version in a remote connection
[21:13:57] [Server thread/TRACE] [FML/lucky]: The mod lucky accepts its own version (5.1.0)
[21:13:57] [Server thread/DEBUG] [FML/lucky]: Attempting to inject @SidedProxy classes into lucky
[21:13:57] [Server thread/TRACE] [lucky/lucky]: Sent event FMLConstructionEvent to mod lucky
[21:13:57] [Server thread/DEBUG] [FML/]: Bar Step: Construction - Lucky Block took 0,006s
[21:13:57] [Server thread/TRACE] [MoreFurnaces/MoreFurnaces]: Sending event FMLConstructionEvent to mod MoreFurnaces
[21:13:57] [Server thread/TRACE] [FML/MoreFurnaces]: Mod MoreFurnaces is using network checker : Accepting version 1.3.9
[21:13:57] [Server thread/TRACE] [FML/MoreFurnaces]: Testing mod MoreFurnaces to verify it accepts its own version in a remote connection
[21:13:57] [Server thread/TRACE] [FML/MoreFurnaces]: The mod MoreFurnaces accepts its own version (1.3.9)
[21:13:57] [Server thread/DEBUG] [FML/MoreFurnaces]: Attempting to inject @SidedProxy classes into MoreFurnaces
[21:13:57] [Server thread/TRACE] [MoreFurnaces/MoreFurnaces]: Sent event FMLConstructionEvent to mod MoreFurnaces
[21:13:57] [Server thread/DEBUG] [FML/]: Bar Step: Construction - More Furnaces took 0,005s
[21:13:57] [Server thread/TRACE] [OreSpawn/OreSpawn]: Sending event FMLConstructionEvent to mod OreSpawn
[21:13:57] [Server thread/TRACE] [FML/OreSpawn]: Mod OreSpawn is using network checker : Accepting version 1.7.10.20.3
[21:13:57] [Server thread/TRACE] [FML/OreSpawn]: Testing mod OreSpawn to verify it accepts its own version in a remote connection
[21:13:57] [Server thread/TRACE] [FML/OreSpawn]: The mod OreSpawn accepts its own version (1.7.10.20.3)
[21:13:57] [Server thread/DEBUG] [FML/OreSpawn]: Attempting to inject @SidedProxy classes into OreSpawn
[21:13:57] [Server thread/TRACE] [OreSpawn/OreSpawn]: Sent event FMLConstructionEvent to mod OreSpawn
[21:13:57] [Server thread/DEBUG] [FML/]: Bar Step: Construction - OreSpawn took 0,121s
[21:13:57] [Server thread/TRACE] [PortalGun/PortalGun]: Sending event FMLConstructionEvent to mod PortalGun
[21:13:57] [Server thread/INFO] [foamfix/PortalGun]: [Log4JExploitFix] Applying Log4j exploit mitigation to portalgun/common/PortalGun/getLogger!
[21:13:57] [Server thread/TRACE] [FML/PortalGun]: Mod PortalGun is using network checker : Accepting version 4.0.0-beta-6
[21:13:57] [Server thread/TRACE] [FML/PortalGun]: Testing mod PortalGun to verify it accepts its own version in a remote connection
[21:13:57] [Server thread/TRACE] [FML/PortalGun]: The mod PortalGun accepts its own version (4.0.0-beta-6)
[21:13:57] [Server thread/DEBUG] [FML/PortalGun]: Attempting to inject @SidedProxy classes into PortalGun
[21:13:57] [Server thread/TRACE] [PortalGun/PortalGun]: Sent event FMLConstructionEvent to mod PortalGun
[21:13:57] [Server thread/DEBUG] [FML/]: Bar Step: Construction - PortalGun took 0,021s
[21:13:57] [Server thread/TRACE] [denseores/denseores]: Sending event FMLConstructionEvent to mod denseores
[21:13:57] [Server thread/TRACE] [FML/denseores]: Mod denseores is using network checker : Accepting version 1.0
[21:13:57] [Server thread/TRACE] [FML/denseores]: Testing mod denseores to verify it accepts its own version in a remote connection
[21:13:57] [Server thread/TRACE] [FML/denseores]: The mod denseores accepts its own version (1.0)
[21:13:57] [Server thread/DEBUG] [FML/denseores]: Attempting to inject @SidedProxy classes into denseores
[21:13:57] [Server thread/TRACE] [denseores/denseores]: Sent event FMLConstructionEvent to mod denseores
[21:13:57] [Server thread/DEBUG] [FML/]: Bar Step: Construction - Dense Ores took 0,001s
[21:13:57] [Server thread/DEBUG] [FML/]: Bar Finished: Construction took 0,916s
[21:13:57] [Server thread/DEBUG] [FML/]: Mod signature data
[21:13:57] [Server thread/DEBUG] [FML/]:  	Valid Signatures:
[21:13:57] [Server thread/DEBUG] [FML/]: 		(33d120ed244004016981caddbb21dce75419f453) FastCraft	(FastCraft	1.25)	fastcraft-1.25.jar
[21:13:57] [Server thread/DEBUG] [FML/]:  	Missing Signatures:
[21:13:57] [Server thread/DEBUG] [FML/]: 		mcp	(Minecraft Coder Pack	9.05)	minecraft.jar
[21:13:57] [Server thread/DEBUG] [FML/]: 		FML	(Forge Mod Loader	7.10.99.99)	forge-1.7.10-10.13.4.1614-1.7.10-universal.jar
[21:13:57] [Server thread/DEBUG] [FML/]: 		Forge	(Minecraft Forge	10.13.4.1614)	forge-1.7.10-10.13.4.1614-1.7.10-universal.jar
[21:13:57] [Server thread/DEBUG] [FML/]: 		CodeChickenCore	(CodeChicken Core	1.4.12)	minecraft.jar
[21:13:57] [Server thread/DEBUG] [FML/]: 		NotEnoughItems	(NotEnoughItems	2.8.81-GTNH)	NotEnoughItems-2.8.81-GTNH.jar
[21:13:57] [Server thread/DEBUG] [FML/]: 		GTNHLib Core	(GTNHLib Core	0.9.45)	minecraft.jar
[21:13:57] [Server thread/DEBUG] [FML/]: 		FoamFixCore	(FoamFixCore	1.0.4)	minecraft.jar
[21:13:57] [Server thread/DEBUG] [FML/]: 		debug	(debug	1.0)	denseores-1.6.2.jar
[21:13:57] [Server thread/DEBUG] [FML/]: 		unimixins	(UniMixins	0.2.1)	+unimixins-all-1.7.10-0.2.1.jar
[21:13:57] [Server thread/DEBUG] [FML/]: 		unimixins-mixin	(UniMixins: Mixin (UniMix)	0.2.1)	+unimixins-all-1.7.10-0.2.1.jar
[21:13:57] [Server thread/DEBUG] [FML/]: 		unimixins-compat	(UniMixins: Compatibility	0.2.1)	+unimixins-all-1.7.10-0.2.1.jar
[21:13:57] [Server thread/DEBUG] [FML/]: 		mixingasm	(UniMixins: Mixingasm	0.3)	+unimixins-all-1.7.10-0.2.1.jar
[21:13:57] [Server thread/DEBUG] [FML/]: 		spongemixins	(UniMixins: SpongeMixins	2.0.1)	+unimixins-all-1.7.10-0.2.1.jar
[21:13:57] [Server thread/DEBUG] [FML/]: 		mixinbooterlegacy	(UniMixins: MixinBooterLegacy	1.2.1)	+unimixins-all-1.7.10-0.2.1.jar
[21:13:57] [Server thread/DEBUG] [FML/]: 		gtnhmixins	(UniMixins: GTNHMixins	2.2.0)	+unimixins-all-1.7.10-0.2.1.jar
[21:13:57] [Server thread/DEBUG] [FML/]: 		mixinextras	(UniMixins: MixinExtras	0.2.1)	+unimixins-all-1.7.10-0.2.1.jar
[21:13:57] [Server thread/DEBUG] [FML/]: 		aiimprovements	(AI Improvements	0.0.1.8)	AIImprovements-1.7.10-0.0.1b8.jar
[21:13:57] [Server thread/DEBUG] [FML/]: 		archaicfix	(ArchaicFix	0.7.9)	archaicfix-0.7.9.jar
[21:13:57] [Server thread/DEBUG] [FML/]: 		carbonconfig	(Carbon Config Library	1.1.3)	CarbonConfig-1.7.10-1.2.4.jar
[21:13:57] [Server thread/DEBUG] [FML/]: 		chunkpregenerator	(Chunk Pregenerator	4.4.9)	Chunk-Pregenerator-1.7.10-4.4.9.1.jar
[21:13:57] [Server thread/DEBUG] [FML/]: 		ChunkPurge	(Chunk Purge	2.1)	ChunkPurge-1.7.10-2.1.jar
[21:13:57] [Server thread/DEBUG] [FML/]: 		foamfix	(FoamFix	@VERSION@)	FoamFix-1.7.10-universal-1.0.4.jar
[21:13:57] [Server thread/DEBUG] [FML/]: 		gvc	(�aGliby's�f Voice Chat Mod	0.6.1)	GlibysVC-1.7.10-0.6.2a.jar
[21:13:57] [Server thread/DEBUG] [FML/]: 		gtnhlib	(GTNH Lib	0.9.45)	gtnhlib-0.9.45.jar
[21:13:57] [Server thread/DEBUG] [FML/]: 		iChunUtil	(iChunUtil	4.2.3)	iChunUtil-4.2.3.jar
[21:13:57] [Server thread/DEBUG] [FML/]: 		Hats	(Hats	4.0.1)	Hats-4.0.1.jar
[21:13:57] [Server thread/DEBUG] [FML/]: 		InventoryPets	(Inventory Pets	1.5.2)	inventorypets-1.7.10-1.5.2.jar
[21:13:57] [Server thread/DEBUG] [FML/]: 		ironbackpacks	(Iron Backpacks	1.7.10-1.2.20)	IronBackpacks-1.7.10-1.2.20.jar
[21:13:57] [Server thread/DEBUG] [FML/]: 		IronChest	(Iron Chests	6.1.11)	IronChest-6.1.11.jar
[21:13:57] [Server thread/DEBUG] [FML/]: 		lucky	(Lucky Block	5.1.0)	lucky-block-forge-1.7.10-1.0.jar
[21:13:57] [Server thread/DEBUG] [FML/]: 		MoreFurnaces	(More Furnaces	1.3.9)	MoreFurnaces-1.3.9-MC1.7.10.jar
[21:13:57] [Server thread/DEBUG] [FML/]: 		OreSpawn	(OreSpawn	1.7.10.20.3)	orespawn-1.7.10-20.3.jar
[21:13:57] [Server thread/DEBUG] [FML/]: 		PortalGun	(PortalGun	4.0.0-beta-6)	PortalGun-4.0.0-beta-6-fix-1.jar
[21:13:57] [Server thread/DEBUG] [FML/]: 		denseores	(Dense Ores	1.0)	denseores-1.6.2.jar
[21:13:57] [Server thread/INFO] [FML/]: Processing ObjectHolder annotations
[21:13:57] [Server thread/INFO] [FML/]: Found 341 ObjectHolder annotations
[21:13:57] [Server thread/INFO] [FML/]: Identifying ItemStackHolder annotations
[21:13:57] [Server thread/INFO] [FML/]: Found 0 ItemStackHolder annotations
[21:13:57] [Server thread/TRACE] [mcp/mcp]: Sending event FMLPreInitializationEvent to mod mcp
[21:13:57] [Server thread/TRACE] [mcp/mcp]: Sent event FMLPreInitializationEvent to mod mcp
[21:13:57] [Server thread/DEBUG] [FML/]: Bar Step: PreInitialization - Minecraft Coder Pack took 0,000s
[21:13:57] [Server thread/TRACE] [FML/FML]: Sending event FMLPreInitializationEvent to mod FML
[21:13:57] [Server thread/TRACE] [FML/FML]: Sent event FMLPreInitializationEvent to mod FML
[21:13:57] [Server thread/DEBUG] [FML/]: Bar Step: PreInitialization - Forge Mod Loader took 0,000s
[21:13:57] [Server thread/TRACE] [Forge/Forge]: Sending event FMLPreInitializationEvent to mod Forge
[21:13:57] [Server thread/DEBUG] [mixin/Forge]: Mixing common.core.MixinForgeChunkManager from mixins.archaicfix.early.json into net.minecraftforge.common.ForgeChunkManager
[21:13:57] [Server thread/TRACE] [mixin/Forge]: Added class metadata for org/embeddedt/archaicfix/helpers/ChickenChunkHelper to metadata cache
[21:13:57] [Server thread/DEBUG] [mixin/Forge]: mixins.archaicfix.early.json:common.core.MixinForgeChunkManager from mod archaicfix->@Inject::callCCLoadHandler(Lnet/minecraft/world/World;Lorg/spongepowered/asm/mixin/injection/callback/CallbackInfo;)V doesn't use it's CallbackInfo
[21:13:57] [Server thread/INFO] [FML/Forge]: Configured a dormant chunk cache size of 0
[21:13:57] [Server thread/TRACE] [Forge/Forge]: Sent event FMLPreInitializationEvent to mod Forge
[21:13:57] [Server thread/DEBUG] [FML/]: Bar Step: PreInitialization - Minecraft Forge took 0,034s
[21:13:57] [Server thread/TRACE] [CodeChickenCore/CodeChickenCore]: Sending event FMLPreInitializationEvent to mod CodeChickenCore
[21:13:57] [Server thread/TRACE] [CodeChickenCore/CodeChickenCore]: Sent event FMLPreInitializationEvent to mod CodeChickenCore
[21:13:57] [Server thread/DEBUG] [FML/]: Bar Step: PreInitialization - CodeChicken Core took 0,000s
[21:13:57] [Server thread/TRACE] [NotEnoughItems/NotEnoughItems]: Sending event FMLPreInitializationEvent to mod NotEnoughItems
[21:13:57] [Server thread/TRACE] [NotEnoughItems/NotEnoughItems]: Sent event FMLPreInitializationEvent to mod NotEnoughItems
[21:13:57] [Server thread/DEBUG] [FML/]: Bar Step: PreInitialization - NotEnoughItems took 0,002s
[21:13:57] [Server thread/TRACE] [GTNHLib Core/GTNHLib Core]: Sending event FMLPreInitializationEvent to mod GTNHLib Core
[21:13:57] [Server thread/TRACE] [GTNHLib Core/GTNHLib Core]: Sent event FMLPreInitializationEvent to mod GTNHLib Core
[21:13:57] [Server thread/DEBUG] [FML/]: Bar Step: PreInitialization - GTNHLib Core took 0,000s
[21:13:57] [Server thread/TRACE] [FoamFixCore/FoamFixCore]: Sending event FMLPreInitializationEvent to mod FoamFixCore
[21:13:57] [Server thread/TRACE] [FoamFixCore/FoamFixCore]: Sent event FMLPreInitializationEvent to mod FoamFixCore
[21:13:57] [Server thread/DEBUG] [FML/]: Bar Step: PreInitialization - FoamFixCore took 0,000s
[21:13:57] [Server thread/TRACE] [FastCraft/FastCraft]: Sending event FMLPreInitializationEvent to mod FastCraft
[21:13:57] [Server thread/INFO] [FastCraft/FastCraft]: FastCraft 1.25 loaded.
[21:13:57] [Server thread/TRACE] [FastCraft/FastCraft]: Sent event FMLPreInitializationEvent to mod FastCraft
[21:13:57] [Server thread/DEBUG] [FML/]: Bar Step: PreInitialization - FastCraft took 0,003s
[21:13:57] [Server thread/TRACE] [debug/debug]: Sending event FMLPreInitializationEvent to mod debug
[21:13:57] [Server thread/TRACE] [debug/debug]: Sent event FMLPreInitializationEvent to mod debug
[21:13:57] [Server thread/DEBUG] [FML/]: Bar Step: PreInitialization - debug took 0,000s
[21:13:57] [Server thread/TRACE] [unimixins/unimixins]: Sending event FMLPreInitializationEvent to mod unimixins
[21:13:57] [Server thread/TRACE] [unimixins/unimixins]: Sent event FMLPreInitializationEvent to mod unimixins
[21:13:57] [Server thread/DEBUG] [FML/]: Bar Step: PreInitialization - UniMixins took 0,000s
[21:13:57] [Server thread/TRACE] [unimixins-mixin/unimixins-mixin]: Sending event FMLPreInitializationEvent to mod unimixins-mixin
[21:13:57] [Server thread/TRACE] [unimixins-mixin/unimixins-mixin]: Sent event FMLPreInitializationEvent to mod unimixins-mixin
[21:13:57] [Server thread/DEBUG] [FML/]: Bar Step: PreInitialization - UniMixins: Mixin (UniMix) took 0,000s
[21:13:57] [Server thread/TRACE] [unimixins-compat/unimixins-compat]: Sending event FMLPreInitializationEvent to mod unimixins-compat
[21:13:57] [Server thread/TRACE] [unimixins-compat/unimixins-compat]: Sent event FMLPreInitializationEvent to mod unimixins-compat
[21:13:57] [Server thread/DEBUG] [FML/]: Bar Step: PreInitialization - UniMixins: Compatibility took 0,000s
[21:13:57] [Server thread/TRACE] [mixingasm/mixingasm]: Sending event FMLPreInitializationEvent to mod mixingasm
[21:13:57] [Server thread/TRACE] [mixingasm/mixingasm]: Sent event FMLPreInitializationEvent to mod mixingasm
[21:13:57] [Server thread/DEBUG] [FML/]: Bar Step: PreInitialization - UniMixins: Mixingasm took 0,000s
[21:13:57] [Server thread/TRACE] [spongemixins/spongemixins]: Sending event FMLPreInitializationEvent to mod spongemixins
[21:13:57] [Server thread/TRACE] [spongemixins/spongemixins]: Sent event FMLPreInitializationEvent to mod spongemixins
[21:13:57] [Server thread/DEBUG] [FML/]: Bar Step: PreInitialization - UniMixins: SpongeMixins took 0,000s
[21:13:57] [Server thread/TRACE] [mixinbooterlegacy/mixinbooterlegacy]: Sending event FMLPreInitializationEvent to mod mixinbooterlegacy
[21:13:57] [Server thread/TRACE] [mixinbooterlegacy/mixinbooterlegacy]: Sent event FMLPreInitializationEvent to mod mixinbooterlegacy
[21:13:57] [Server thread/DEBUG] [FML/]: Bar Step: PreInitialization - UniMixins: MixinBooterLegacy took 0,000s
[21:13:57] [Server thread/TRACE] [gtnhmixins/gtnhmixins]: Sending event FMLPreInitializationEvent to mod gtnhmixins
[21:13:57] [Server thread/TRACE] [gtnhmixins/gtnhmixins]: Sent event FMLPreInitializationEvent to mod gtnhmixins
[21:13:57] [Server thread/DEBUG] [FML/]: Bar Step: PreInitialization - UniMixins: GTNHMixins took 0,000s
[21:13:57] [Server thread/TRACE] [mixinextras/mixinextras]: Sending event FMLPreInitializationEvent to mod mixinextras
[21:13:57] [Server thread/TRACE] [mixinextras/mixinextras]: Sent event FMLPreInitializationEvent to mod mixinextras
[21:13:57] [Server thread/DEBUG] [FML/]: Bar Step: PreInitialization - UniMixins: MixinExtras took 0,000s
[21:13:57] [Server thread/TRACE] [aiimprovements/aiimprovements]: Sending event FMLPreInitializationEvent to mod aiimprovements
[21:13:57] [Thread-6/INFO] [foamfix/FastCraft]: [Log4JExploitFix] Applying Log4j exploit mitigation to net/minecraft/server/management/PlayerManager/getLogger!
[21:13:57] [Server thread/INFO] [foamfix/aiimprovements]: [Log4JExploitFix] Applying Log4j exploit mitigation to com/builtbroken/ai/improvements/util/CheckFakeWorld/getLogger!
[21:13:57] [Server thread/TRACE] [aiimprovements/aiimprovements]: Sent event FMLPreInitializationEvent to mod aiimprovements
[21:13:57] [Server thread/DEBUG] [FML/]: Bar Step: PreInitialization - AI Improvements took 0,075s
[21:13:57] [Server thread/TRACE] [archaicfix/archaicfix]: Sending event FMLPreInitializationEvent to mod archaicfix
[21:13:57] [Server thread/INFO] [foamfix/archaicfix]: [Log4JExploitFix] Applying Log4j exploit mitigation to org/embeddedt/archaicfix/ArchaicLogger/getLogger!
[21:13:57] [Server thread/INFO] [ArchaicFix/archaicfix]: Fixed MC-111480
[21:13:57] [Server thread/INFO] [foamfix/archaicfix]: [Log4JExploitFix] Applying Log4j exploit mitigation to net/minecraft/network/NetworkManager/getLogger!
[21:13:57] [Server thread/DEBUG] [mixin/archaicfix]: Mixing common.core.MixinNetworkManager from mixins.archaicfix.early.json into net.minecraft.network.NetworkManager
[21:13:57] [Server thread/TRACE] [mixin/archaicfix]: Added class metadata for io/netty/channel/SimpleChannelInboundHandler to metadata cache
[21:13:57] [Server thread/TRACE] [mixin/archaicfix]: Added class metadata for io/netty/channel/ChannelInboundHandlerAdapter to metadata cache
[21:13:57] [Server thread/TRACE] [mixin/archaicfix]: Added class metadata for io/netty/channel/ChannelHandlerAdapter to metadata cache
[21:13:57] [Server thread/TRACE] [mixin/archaicfix]: Added class metadata for org/embeddedt/archaicfix/ducks/IArchaicNetworkManager to metadata cache
[21:13:57] [Server thread/TRACE] [mixin/archaicfix]: Added class metadata for io/netty/util/Attribute to metadata cache
[21:13:57] [Server thread/TRACE] [mixin/archaicfix]: Added class metadata for net/minecraft/network/EnumConnectionState to metadata cache
[21:13:57] [Server thread/TRACE] [mixin/archaicfix]: Added class metadata for io/netty/channel/ChannelHandler to metadata cache
[21:13:57] [Server thread/TRACE] [mixin/archaicfix]: Added class metadata for io/netty/channel/ChannelInboundHandler to metadata cache
[21:13:57] [Server thread/TRACE] [archaicfix/archaicfix]: Sent event FMLPreInitializationEvent to mod archaicfix
[21:13:57] [Server thread/DEBUG] [FML/]: Bar Step: PreInitialization - ArchaicFix took 0,018s
[21:13:57] [Server thread/TRACE] [carbonconfig/carbonconfig]: Sending event FMLPreInitializationEvent to mod carbonconfig
[21:13:57] [Server thread/TRACE] [carbonconfig/carbonconfig]: Sent event FMLPreInitializationEvent to mod carbonconfig
[21:13:57] [Server thread/DEBUG] [FML/]: Bar Step: PreInitialization - Carbon Config Library took 0,013s
[21:13:57] [Server thread/TRACE] [chunkpregenerator/chunkpregenerator]: Sending event FMLPreInitializationEvent to mod chunkpregenerator
[21:13:57] [Thread-6/INFO] [FastCraft/FastCraft]: You are using the latest suitable version.
[21:13:57] [Server thread/DEBUG] [mixin/chunkpregenerator]: Mixing common.pregen.MixinChunkProcessor from mixins.archaicfix.late.json into pregenerator.impl.processor.generator.ChunkProcessor
[21:13:57] [Server thread/TRACE] [mixin/chunkpregenerator]: Added class metadata for java/lang/System to metadata cache
[21:13:57] [Server thread/TRACE] [mixin/chunkpregenerator]: Added class metadata for java/util/TreeSet to metadata cache
[21:13:57] [Server thread/TRACE] [mixin/chunkpregenerator]: Added class metadata for java/util/concurrent/TimeUnit to metadata cache
[21:13:57] [Server thread/TRACE] [mixin/chunkpregenerator]: Added class metadata for pregenerator/impl/processor/IProcessor to metadata cache
[21:13:57] [Forge Version Check/INFO] [STDERR/Forge]: [java.lang.Throwable$WrappedPrintStream:println:749]: com.google.gson.JsonSyntaxException: java.lang.IllegalStateException: Expected BEGIN_OBJECT but was STRING at line 1 column 1
[21:13:57] [Forge Version Check/INFO] [STDERR/Forge]: [java.lang.Throwable$WrappedPrintStream:println:749]: 	at com.google.gson.Gson.fromJson(Gson.java:815)
[21:13:57] [Forge Version Check/INFO] [STDERR/Forge]: [java.lang.Throwable$WrappedPrintStream:println:749]: 	at com.google.gson.Gson.fromJson(Gson.java:768)
[21:13:57] [Forge Version Check/INFO] [STDERR/Forge]: [java.lang.Throwable$WrappedPrintStream:println:749]: 	at com.google.gson.Gson.fromJson(Gson.java:717)
[21:13:57] [Forge Version Check/INFO] [STDERR/Forge]: [java.lang.Throwable$WrappedPrintStream:println:749]: 	at com.google.gson.Gson.fromJson(Gson.java:689)
[21:13:57] [Forge Version Check/INFO] [STDERR/Forge]: [java.lang.Throwable$WrappedPrintStream:println:749]: 	at net.minecraftforge.common.ForgeVersion$1.run(ForgeVersion.java:94)
[21:13:57] [Forge Version Check/INFO] [STDERR/Forge]: [java.lang.Throwable$WrappedPrintStream:println:749]: Caused by: java.lang.IllegalStateException: Expected BEGIN_OBJECT but was STRING at line 1 column 1
[21:13:57] [Forge Version Check/INFO] [STDERR/Forge]: [java.lang.Throwable$WrappedPrintStream:println:749]: 	at com.google.gson.stream.JsonReader.beginObject(JsonReader.java:374)
[21:13:57] [Forge Version Check/INFO] [STDERR/Forge]: [java.lang.Throwable$WrappedPrintStream:println:749]: 	at com.google.gson.internal.bind.MapTypeAdapterFactory$Adapter.read(MapTypeAdapterFactory.java:183)
[21:13:57] [Forge Version Check/INFO] [STDERR/Forge]: [java.lang.Throwable$WrappedPrintStream:println:749]: 	at com.google.gson.internal.bind.MapTypeAdapterFactory$Adapter.read(MapTypeAdapterFactory.java:145)
[21:13:57] [Forge Version Check/INFO] [STDERR/Forge]: [java.lang.Throwable$WrappedPrintStream:println:749]: 	at com.google.gson.Gson.fromJson(Gson.java:803)
[21:13:57] [Forge Version Check/INFO] [STDERR/Forge]: [java.lang.Throwable$WrappedPrintStream:println:749]: 	... 4 more
[21:13:57] [Server thread/INFO] [Chunk Pregenerator/chunkpregenerator]: Made the Pregenerator ThreadSave
[21:13:57] [Server thread/TRACE] [chunkpregenerator/chunkpregenerator]: Sent event FMLPreInitializationEvent to mod chunkpregenerator
[21:13:57] [Server thread/DEBUG] [FML/]: Bar Step: PreInitialization - Chunk Pregenerator took 0,170s
[21:13:57] [Server thread/TRACE] [ChunkPurge/ChunkPurge]: Sending event FMLPreInitializationEvent to mod ChunkPurge
[21:13:57] [Server thread/TRACE] [ChunkPurge/ChunkPurge]: Sent event FMLPreInitializationEvent to mod ChunkPurge
[21:13:57] [Server thread/DEBUG] [FML/]: Bar Step: PreInitialization - Chunk Purge took 0,002s
[21:13:57] [Server thread/TRACE] [foamfix/foamfix]: Sending event FMLPreInitializationEvent to mod foamfix
[21:13:57] [Server thread/INFO] [foamfix/foamfix]: Removing LaunchWrapper package manifest map...
[21:13:57] [Server thread/TRACE] [foamfix/foamfix]: Sent event FMLPreInitializationEvent to mod foamfix
[21:13:57] [Server thread/DEBUG] [FML/]: Bar Step: PreInitialization - FoamFix took 0,001s
[21:13:57] [Server thread/TRACE] [gvc/gvc]: Sending event FMLPreInitializationEvent to mod gvc
[21:13:57] [Server thread/TRACE] [gvc/gvc]: Sent event FMLPreInitializationEvent to mod gvc
[21:13:57] [Server thread/DEBUG] [FML/]: Bar Step: PreInitialization - �aGliby's�f Voice Chat Mod took 0,016s
[21:13:57] [Server thread/TRACE] [gtnhlib/gtnhlib]: Sending event FMLPreInitializationEvent to mod gtnhlib
[21:13:57] [Server thread/INFO] [gtnhlib/gtnhlib]: GTNHLib version 0.9.45 loaded.
[21:13:57] [Server thread/TRACE] [gtnhlib/gtnhlib]: Sent event FMLPreInitializationEvent to mod gtnhlib
[21:13:57] [Server thread/DEBUG] [FML/]: Bar Step: PreInitialization - GTNH Lib took 0,059s
[21:13:57] [Server thread/TRACE] [iChunUtil/iChunUtil]: Sending event FMLPreInitializationEvent to mod iChunUtil
[21:13:57] [Server thread/TRACE] [iChunUtil/iChunUtil]: Sent event FMLPreInitializationEvent to mod iChunUtil
[21:13:57] [Server thread/DEBUG] [FML/]: Bar Step: PreInitialization - iChunUtil took 0,010s
[21:13:57] [Server thread/TRACE] [Hats/Hats]: Sending event FMLPreInitializationEvent to mod Hats
[21:13:57] [Server thread/TRACE] [Hats/Hats]: Sent event FMLPreInitializationEvent to mod Hats
[21:13:57] [Server thread/DEBUG] [FML/]: Bar Step: PreInitialization - Hats took 0,017s
[21:13:57] [Server thread/TRACE] [InventoryPets/InventoryPets]: Sending event FMLPreInitializationEvent to mod InventoryPets
[21:13:58] [pool-6-thread-1/INFO] [Gliby's Voice Chat Mod/gvc]: Mod is up-to-date.
[21:13:59] [Server thread/TRACE] [InventoryPets/InventoryPets]: Sent event FMLPreInitializationEvent to mod InventoryPets
[21:13:59] [Server thread/DEBUG] [FML/]: Bar Step: PreInitialization - Inventory Pets took 1,124s
[21:13:59] [Server thread/TRACE] [ironbackpacks/ironbackpacks]: Sending event FMLPreInitializationEvent to mod ironbackpacks
[21:13:59] [Server thread/TRACE] [ironbackpacks/ironbackpacks]: Sent event FMLPreInitializationEvent to mod ironbackpacks
[21:13:59] [Server thread/DEBUG] [FML/]: Bar Step: PreInitialization - Iron Backpacks took 0,051s
[21:13:59] [Server thread/TRACE] [IronChest/IronChest]: Sending event FMLPreInitializationEvent to mod IronChest
[21:13:59] [Server thread/TRACE] [IronChest/IronChest]: Sent event FMLPreInitializationEvent to mod IronChest
[21:13:59] [Server thread/DEBUG] [FML/]: Bar Step: PreInitialization - Iron Chests took 0,028s
[21:13:59] [Server thread/TRACE] [lucky/lucky]: Sending event FMLPreInitializationEvent to mod lucky
[21:13:59] [Server thread/TRACE] [lucky/lucky]: Sent event FMLPreInitializationEvent to mod lucky
[21:13:59] [Server thread/DEBUG] [FML/]: Bar Step: PreInitialization - Lucky Block took 0,282s
[21:13:59] [Server thread/TRACE] [MoreFurnaces/MoreFurnaces]: Sending event FMLPreInitializationEvent to mod MoreFurnaces
[21:13:59] [Server thread/TRACE] [MoreFurnaces/MoreFurnaces]: Sent event FMLPreInitializationEvent to mod MoreFurnaces
[21:13:59] [Server thread/DEBUG] [FML/]: Bar Step: PreInitialization - More Furnaces took 0,006s
[21:13:59] [Server thread/TRACE] [OreSpawn/OreSpawn]: Sending event FMLPreInitializationEvent to mod OreSpawn
[21:13:59] [Server thread/DEBUG] [FML/OreSpawn]: Skipping automatic mod OreSpawn entity registration for already registered class danger.orespawn.SunspotUrchin
[21:13:59] [Server thread/DEBUG] [FML/OreSpawn]: Skipping automatic mod OreSpawn entity registration for already registered class danger.orespawn.WaterBall
[21:13:59] [Server thread/DEBUG] [FML/OreSpawn]: Skipping automatic mod OreSpawn entity registration for already registered class danger.orespawn.InkSack
[21:13:59] [Server thread/DEBUG] [FML/OreSpawn]: Skipping automatic mod OreSpawn entity registration for already registered class danger.orespawn.LaserBall
[21:13:59] [Server thread/DEBUG] [FML/OreSpawn]: Skipping automatic mod OreSpawn entity registration for already registered class danger.orespawn.IceBall
[21:13:59] [Server thread/DEBUG] [FML/OreSpawn]: Skipping automatic mod OreSpawn entity registration for already registered class danger.orespawn.Acid
[21:13:59] [Server thread/DEBUG] [FML/OreSpawn]: Skipping automatic mod OreSpawn entity registration for already registered class danger.orespawn.DeadIrukandji
[21:13:59] [Server thread/DEBUG] [FML/OreSpawn]: Skipping automatic mod OreSpawn entity registration for already registered class danger.orespawn.BerthaHit
[21:13:59] [Server thread/DEBUG] [FML/OreSpawn]: Skipping automatic mod OreSpawn entity registration for already registered class danger.orespawn.PurplePower
[21:13:59] [Server thread/DEBUG] [FML/OreSpawn]: Skipping automatic mod OreSpawn entity registration for already registered class danger.orespawn.EntityThrownRock
[21:13:59] [Server thread/DEBUG] [FML/OreSpawn]: Skipping automatic mod OreSpawn entity registration for already registered class danger.orespawn.Girlfriend
[21:13:59] [Server thread/DEBUG] [FML/OreSpawn]: Skipping automatic mod OreSpawn entity registration for already registered class danger.orespawn.RedCow
[21:13:59] [Server thread/DEBUG] [FML/OreSpawn]: Skipping automatic mod OreSpawn entity registration for already registered class danger.orespawn.GoldCow
[21:13:59] [Server thread/DEBUG] [FML/OreSpawn]: Skipping automatic mod OreSpawn entity registration for already registered class danger.orespawn.EnchantedCow
[21:13:59] [Server thread/DEBUG] [FML/OreSpawn]: Skipping automatic mod OreSpawn entity registration for already registered class danger.orespawn.EntityButterfly
[21:13:59] [Server thread/DEBUG] [FML/OreSpawn]: Skipping automatic mod OreSpawn entity registration for already registered class danger.orespawn.EntityLunaMoth
[21:13:59] [Server thread/DEBUG] [FML/OreSpawn]: Skipping automatic mod OreSpawn entity registration for already registered class danger.orespawn.EntityMosquito
[21:13:59] [Server thread/DEBUG] [FML/OreSpawn]: Skipping automatic mod OreSpawn entity registration for already registered class danger.orespawn.Firefly
[21:13:59] [Server thread/DEBUG] [FML/OreSpawn]: Skipping automatic mod OreSpawn entity registration for already registered class danger.orespawn.Bee
[21:13:59] [Server thread/DEBUG] [FML/OreSpawn]: Skipping automatic mod OreSpawn entity registration for already registered class danger.orespawn.Mothra
[21:13:59] [Server thread/DEBUG] [FML/OreSpawn]: Skipping automatic mod OreSpawn entity registration for already registered class danger.orespawn.EntityAnt
[21:13:59] [Server thread/DEBUG] [FML/OreSpawn]: Skipping automatic mod OreSpawn entity registration for already registered class danger.orespawn.EntityRedAnt
[21:13:59] [Server thread/DEBUG] [FML/OreSpawn]: Skipping automatic mod OreSpawn entity registration for already registered class danger.orespawn.EntityRainbowAnt
[21:13:59] [Server thread/DEBUG] [FML/OreSpawn]: Skipping automatic mod OreSpawn entity registration for already registered class danger.orespawn.EntityUnstableAnt
[21:13:59] [Server thread/DEBUG] [FML/OreSpawn]: Skipping automatic mod OreSpawn entity registration for already registered class danger.orespawn.Robot1
[21:13:59] [Server thread/DEBUG] [FML/OreSpawn]: Skipping automatic mod OreSpawn entity registration for already registered class danger.orespawn.Robot2
[21:13:59] [Server thread/DEBUG] [FML/OreSpawn]: Skipping automatic mod OreSpawn entity registration for already registered class danger.orespawn.Robot3
[21:13:59] [Server thread/DEBUG] [FML/OreSpawn]: Skipping automatic mod OreSpawn entity registration for already registered class danger.orespawn.Robot4
[21:13:59] [Server thread/DEBUG] [FML/OreSpawn]: Skipping automatic mod OreSpawn entity registration for already registered class danger.orespawn.Robot5
[21:13:59] [Server thread/DEBUG] [FML/OreSpawn]: Skipping automatic mod OreSpawn entity registration for already registered class danger.orespawn.Alosaurus
[21:13:59] [Server thread/DEBUG] [FML/OreSpawn]: Skipping automatic mod OreSpawn entity registration for already registered class danger.orespawn.Cryolophosaurus
[21:13:59] [Server thread/DEBUG] [FML/OreSpawn]: Skipping automatic mod OreSpawn entity registration for already registered class danger.orespawn.Basilisk
[21:13:59] [Server thread/DEBUG] [FML/OreSpawn]: Skipping automatic mod OreSpawn entity registration for already registered class danger.orespawn.Camarasaurus
[21:13:59] [Server thread/DEBUG] [FML/OreSpawn]: Skipping automatic mod OreSpawn entity registration for already registered class danger.orespawn.Hydrolisc
[21:13:59] [Server thread/DEBUG] [FML/OreSpawn]: Skipping automatic mod OreSpawn entity registration for already registered class danger.orespawn.VelocityRaptor
[21:13:59] [Server thread/DEBUG] [FML/OreSpawn]: Skipping automatic mod OreSpawn entity registration for already registered class danger.orespawn.Dragonfly
[21:13:59] [Server thread/DEBUG] [FML/OreSpawn]: Skipping automatic mod OreSpawn entity registration for already registered class danger.orespawn.EmperorScorpion
[21:13:59] [Server thread/DEBUG] [FML/OreSpawn]: Skipping automatic mod OreSpawn entity registration for already registered class danger.orespawn.Scorpion
[21:13:59] [Server thread/DEBUG] [FML/OreSpawn]: Skipping automatic mod OreSpawn entity registration for already registered class danger.orespawn.CaveFisher
[21:13:59] [Server thread/DEBUG] [FML/OreSpawn]: Skipping automatic mod OreSpawn entity registration for already registered class danger.orespawn.Spyro
[21:13:59] [Server thread/DEBUG] [FML/OreSpawn]: Skipping automatic mod OreSpawn entity registration for already registered class danger.orespawn.Baryonyx
[21:13:59] [Server thread/DEBUG] [FML/OreSpawn]: Skipping automatic mod OreSpawn entity registration for already registered class danger.orespawn.GammaMetroid
[21:13:59] [Server thread/DEBUG] [FML/OreSpawn]: Skipping automatic mod OreSpawn entity registration for already registered class danger.orespawn.Cockateil
[21:13:59] [Server thread/DEBUG] [FML/OreSpawn]: Skipping automatic mod OreSpawn entity registration for already registered class danger.orespawn.RubyBird
[21:13:59] [Server thread/DEBUG] [FML/OreSpawn]: Skipping automatic mod OreSpawn entity registration for already registered class danger.orespawn.Kyuubi
[21:13:59] [Server thread/DEBUG] [FML/OreSpawn]: Skipping automatic mod OreSpawn entity registration for already registered class danger.orespawn.WaterDragon
[21:13:59] [Server thread/DEBUG] [FML/OreSpawn]: Skipping automatic mod OreSpawn entity registration for already registered class danger.orespawn.AttackSquid
[21:13:59] [Server thread/DEBUG] [FML/OreSpawn]: Skipping automatic mod OreSpawn entity registration for already registered class danger.orespawn.Alien
[21:13:59] [Server thread/DEBUG] [FML/OreSpawn]: Skipping automatic mod OreSpawn entity registration for already registered class danger.orespawn.Elevator
[21:13:59] [Server thread/DEBUG] [FML/OreSpawn]: Skipping automatic mod OreSpawn entity registration for already registered class danger.orespawn.Kraken
[21:13:59] [Server thread/DEBUG] [FML/OreSpawn]: Skipping automatic mod OreSpawn entity registration for already registered class danger.orespawn.Lizard
[21:13:59] [Server thread/DEBUG] [FML/OreSpawn]: Skipping automatic mod OreSpawn entity registration for already registered class danger.orespawn.Cephadrome
[21:13:59] [Server thread/DEBUG] [FML/OreSpawn]: Skipping automatic mod OreSpawn entity registration for already registered class danger.orespawn.Dragon
[21:13:59] [Server thread/DEBUG] [FML/OreSpawn]: Skipping automatic mod OreSpawn entity registration for already registered class danger.orespawn.Chipmunk
[21:13:59] [Server thread/DEBUG] [FML/OreSpawn]: Skipping automatic mod OreSpawn entity registration for already registered class danger.orespawn.Gazelle
[21:13:59] [Server thread/DEBUG] [FML/OreSpawn]: Skipping automatic mod OreSpawn entity registration for already registered class danger.orespawn.Ostrich
[21:13:59] [Server thread/DEBUG] [FML/OreSpawn]: Skipping automatic mod OreSpawn entity registration for already registered class danger.orespawn.TrooperBug
[21:13:59] [Server thread/DEBUG] [FML/OreSpawn]: Skipping automatic mod OreSpawn entity registration for already registered class danger.orespawn.SpitBug
[21:13:59] [Server thread/DEBUG] [FML/OreSpawn]: Skipping automatic mod OreSpawn entity registration for already registered class danger.orespawn.StinkBug
[21:13:59] [Server thread/DEBUG] [FML/OreSpawn]: Skipping automatic mod OreSpawn entity registration for already registered class danger.orespawn.Tshirt
[21:13:59] [Server thread/DEBUG] [FML/OreSpawn]: Skipping automatic mod OreSpawn entity registration for already registered class danger.orespawn.Island
[21:13:59] [Server thread/DEBUG] [FML/OreSpawn]: Skipping automatic mod OreSpawn entity registration for already registered class danger.orespawn.IslandToo
[21:13:59] [Server thread/DEBUG] [FML/OreSpawn]: Skipping automatic mod OreSpawn entity registration for already registered class danger.orespawn.CreepingHorror
[21:13:59] [Server thread/DEBUG] [FML/OreSpawn]: Skipping automatic mod OreSpawn entity registration for already registered class danger.orespawn.TerribleTerror
[21:13:59] [Server thread/DEBUG] [FML/OreSpawn]: Skipping automatic mod OreSpawn entity registration for already registered class danger.orespawn.CliffRacer
[21:13:59] [Server thread/DEBUG] [FML/OreSpawn]: Skipping automatic mod OreSpawn entity registration for already registered class danger.orespawn.Triffid
[21:13:59] [Server thread/DEBUG] [FML/OreSpawn]: Skipping automatic mod OreSpawn entity registration for already registered class danger.orespawn.PitchBlack
[21:13:59] [Server thread/DEBUG] [FML/OreSpawn]: Skipping automatic mod OreSpawn entity registration for already registered class danger.orespawn.LurkingTerror
[21:13:59] [Server thread/DEBUG] [FML/OreSpawn]: Skipping automatic mod OreSpawn entity registration for already registered class danger.orespawn.Godzilla
[21:13:59] [Server thread/DEBUG] [FML/OreSpawn]: Skipping automatic mod OreSpawn entity registration for already registered class danger.orespawn.Ghost
[21:13:59] [Server thread/DEBUG] [FML/OreSpawn]: Skipping automatic mod OreSpawn entity registration for already registered class danger.orespawn.GhostSkelly
[21:13:59] [Server thread/DEBUG] [FML/OreSpawn]: Skipping automatic mod OreSpawn entity registration for already registered class danger.orespawn.WormSmall
[21:13:59] [Server thread/DEBUG] [FML/OreSpawn]: Skipping automatic mod OreSpawn entity registration for already registered class danger.orespawn.WormMedium
[21:13:59] [Server thread/DEBUG] [FML/OreSpawn]: Skipping automatic mod OreSpawn entity registration for already registered class danger.orespawn.WormLarge
[21:13:59] [Server thread/DEBUG] [FML/OreSpawn]: Skipping automatic mod OreSpawn entity registration for already registered class danger.orespawn.Cassowary
[21:13:59] [Server thread/DEBUG] [FML/OreSpawn]: Skipping automatic mod OreSpawn entity registration for already registered class danger.orespawn.CloudShark
[21:13:59] [Server thread/DEBUG] [FML/OreSpawn]: Skipping automatic mod OreSpawn entity registration for already registered class danger.orespawn.GoldFish
[21:13:59] [Server thread/DEBUG] [FML/OreSpawn]: Skipping automatic mod OreSpawn entity registration for already registered class danger.orespawn.LeafMonster
[21:13:59] [Server thread/DEBUG] [FML/OreSpawn]: Skipping automatic mod OreSpawn entity registration for already registered class danger.orespawn.GodzillaHead
[21:13:59] [Server thread/DEBUG] [FML/OreSpawn]: Skipping automatic mod OreSpawn entity registration for already registered class danger.orespawn.EnderKnight
[21:13:59] [Server thread/DEBUG] [FML/OreSpawn]: Skipping automatic mod OreSpawn entity registration for already registered class danger.orespawn.EnderReaper
[21:13:59] [Server thread/DEBUG] [FML/OreSpawn]: Skipping automatic mod OreSpawn entity registration for already registered class danger.orespawn.Beaver
[21:13:59] [Server thread/DEBUG] [FML/OreSpawn]: Skipping automatic mod OreSpawn entity registration for already registered class danger.orespawn.Termite
[21:13:59] [Server thread/DEBUG] [FML/OreSpawn]: Skipping automatic mod OreSpawn entity registration for already registered class danger.orespawn.Fairy
[21:13:59] [Server thread/DEBUG] [FML/OreSpawn]: Skipping automatic mod OreSpawn entity registration for already registered class danger.orespawn.Peacock
[21:13:59] [Server thread/DEBUG] [FML/OreSpawn]: Skipping automatic mod OreSpawn entity registration for already registered class danger.orespawn.Rotator
[21:13:59] [Server thread/DEBUG] [FML/OreSpawn]: Skipping automatic mod OreSpawn entity registration for already registered class danger.orespawn.Vortex
[21:13:59] [Server thread/DEBUG] [FML/OreSpawn]: Skipping automatic mod OreSpawn entity registration for already registered class danger.orespawn.DungeonBeast
[21:13:59] [Server thread/DEBUG] [FML/OreSpawn]: Skipping automatic mod OreSpawn entity registration for already registered class danger.orespawn.Rat
[21:13:59] [Server thread/DEBUG] [FML/OreSpawn]: Skipping automatic mod OreSpawn entity registration for already registered class danger.orespawn.Flounder
[21:13:59] [Server thread/DEBUG] [FML/OreSpawn]: Skipping automatic mod OreSpawn entity registration for already registered class danger.orespawn.Whale
[21:13:59] [Server thread/DEBUG] [FML/OreSpawn]: Skipping automatic mod OreSpawn entity registration for already registered class danger.orespawn.Irukandji
[21:13:59] [Server thread/DEBUG] [FML/OreSpawn]: Skipping automatic mod OreSpawn entity registration for already registered class danger.orespawn.Skate
[21:13:59] [Server thread/DEBUG] [FML/OreSpawn]: Skipping automatic mod OreSpawn entity registration for already registered class danger.orespawn.Urchin
[21:13:59] [Server thread/DEBUG] [FML/OreSpawn]: Skipping automatic mod OreSpawn entity registration for already registered class danger.orespawn.Mantis
[21:13:59] [Server thread/DEBUG] [FML/OreSpawn]: Skipping automatic mod OreSpawn entity registration for already registered class danger.orespawn.HerculesBeetle
[21:13:59] [Server thread/DEBUG] [FML/OreSpawn]: Skipping automatic mod OreSpawn entity registration for already registered class danger.orespawn.TRex
[21:13:59] [Server thread/DEBUG] [FML/OreSpawn]: Skipping automatic mod OreSpawn entity registration for already registered class danger.orespawn.Stinky
[21:13:59] [Server thread/DEBUG] [FML/OreSpawn]: Skipping automatic mod OreSpawn entity registration for already registered class danger.orespawn.Coin
[21:13:59] [Server thread/DEBUG] [FML/OreSpawn]: Skipping automatic mod OreSpawn entity registration for already registered class danger.orespawn.TheKing
[21:13:59] [Server thread/DEBUG] [FML/OreSpawn]: Skipping automatic mod OreSpawn entity registration for already registered class danger.orespawn.KingHead
[21:13:59] [Server thread/DEBUG] [FML/OreSpawn]: Skipping automatic mod OreSpawn entity registration for already registered class danger.orespawn.TheQueen
[21:13:59] [Server thread/DEBUG] [FML/OreSpawn]: Skipping automatic mod OreSpawn entity registration for already registered class danger.orespawn.QueenHead
[21:13:59] [Server thread/DEBUG] [FML/OreSpawn]: Skipping automatic mod OreSpawn entity registration for already registered class danger.orespawn.Boyfriend
[21:13:59] [Server thread/DEBUG] [FML/OreSpawn]: Skipping automatic mod OreSpawn entity registration for already registered class danger.orespawn.ThePrince
[21:13:59] [Server thread/DEBUG] [FML/OreSpawn]: Skipping automatic mod OreSpawn entity registration for already registered class danger.orespawn.Molenoid
[21:13:59] [Server thread/DEBUG] [FML/OreSpawn]: Skipping automatic mod OreSpawn entity registration for already registered class danger.orespawn.SeaMonster
[21:13:59] [Server thread/DEBUG] [FML/OreSpawn]: Skipping automatic mod OreSpawn entity registration for already registered class danger.orespawn.SeaViper
[21:13:59] [Server thread/DEBUG] [FML/OreSpawn]: Skipping automatic mod OreSpawn entity registration for already registered class danger.orespawn.EasterBunny
[21:13:59] [Server thread/DEBUG] [FML/OreSpawn]: Skipping automatic mod OreSpawn entity registration for already registered class danger.orespawn.CaterKiller
[21:13:59] [Server thread/DEBUG] [FML/OreSpawn]: Skipping automatic mod OreSpawn entity registration for already registered class danger.orespawn.CrystalCow
[21:13:59] [Server thread/DEBUG] [FML/OreSpawn]: Skipping automatic mod OreSpawn entity registration for already registered class danger.orespawn.Leon
[21:13:59] [Server thread/DEBUG] [FML/OreSpawn]: Skipping automatic mod OreSpawn entity registration for already registered class danger.orespawn.Hammerhead
[21:13:59] [Server thread/DEBUG] [FML/OreSpawn]: Skipping automatic mod OreSpawn entity registration for already registered class danger.orespawn.RubberDucky
[21:13:59] [Server thread/DEBUG] [FML/OreSpawn]: Skipping automatic mod OreSpawn entity registration for already registered class danger.orespawn.ThePrinceTeen
[21:13:59] [Server thread/DEBUG] [FML/OreSpawn]: Skipping automatic mod OreSpawn entity registration for already registered class danger.orespawn.BandP
[21:13:59] [Server thread/DEBUG] [FML/OreSpawn]: Skipping automatic mod OreSpawn entity registration for already registered class danger.orespawn.RockBase
[21:13:59] [Server thread/DEBUG] [FML/OreSpawn]: Skipping automatic mod OreSpawn entity registration for already registered class danger.orespawn.Brutalfly
[21:13:59] [Server thread/DEBUG] [FML/OreSpawn]: Skipping automatic mod OreSpawn entity registration for already registered class danger.orespawn.Nastysaurus
[21:13:59] [Server thread/DEBUG] [FML/OreSpawn]: Skipping automatic mod OreSpawn entity registration for already registered class danger.orespawn.Pointysaurus
[21:13:59] [Server thread/DEBUG] [FML/OreSpawn]: Skipping automatic mod OreSpawn entity registration for already registered class danger.orespawn.Cricket
[21:13:59] [Server thread/DEBUG] [FML/OreSpawn]: Skipping automatic mod OreSpawn entity registration for already registered class danger.orespawn.ThePrincess
[21:13:59] [Server thread/DEBUG] [FML/OreSpawn]: Skipping automatic mod OreSpawn entity registration for already registered class danger.orespawn.Frog
[21:13:59] [Server thread/DEBUG] [FML/OreSpawn]: Skipping automatic mod OreSpawn entity registration for already registered class danger.orespawn.ThePrinceAdult
[21:13:59] [Server thread/DEBUG] [FML/OreSpawn]: Skipping automatic mod OreSpawn entity registration for already registered class danger.orespawn.SpiderRobot
[21:13:59] [Server thread/DEBUG] [FML/OreSpawn]: Skipping automatic mod OreSpawn entity registration for already registered class danger.orespawn.SpiderDriver
[21:13:59] [Server thread/DEBUG] [FML/OreSpawn]: Skipping automatic mod OreSpawn entity registration for already registered class danger.orespawn.GiantRobot
[21:13:59] [Server thread/DEBUG] [FML/OreSpawn]: Skipping automatic mod OreSpawn entity registration for already registered class danger.orespawn.AntRobot
[21:13:59] [Server thread/DEBUG] [FML/OreSpawn]: Skipping automatic mod OreSpawn entity registration for already registered class danger.orespawn.Crab
[21:13:59] [Server thread/DEBUG] [FML/OreSpawn]: Skipping automatic mod OreSpawn entity registration for already registered class danger.orespawn.Shoes
[21:13:59] [Server thread/DEBUG] [FML/OreSpawn]: Skipping automatic mod OreSpawn entity registration for already registered class danger.orespawn.EntityCage
[21:13:59] [Server thread/INFO] [foamfix/OreSpawn]: [Log4JExploitFix] Applying Log4j exploit mitigation to danger/orespawn/RiderControlMessageHandler/getLogger!
[21:13:59] [Server thread/INFO] [foamfix/OreSpawn]: [Log4JExploitFix] Applying Log4j exploit mitigation to net/minecraft/scoreboard/ScoreboardSaveData/getLogger!
[21:13:59] [Server thread/TRACE] [OreSpawn/OreSpawn]: Sent event FMLPreInitializationEvent to mod OreSpawn
[21:13:59] [Server thread/DEBUG] [FML/]: Bar Step: PreInitialization - OreSpawn took 0,383s
[21:13:59] [Server thread/TRACE] [PortalGun/PortalGun]: Sending event FMLPreInitializationEvent to mod PortalGun
[21:13:59] [Server thread/INFO] [PortalGun/PortalGun]: [4.0.0-beta-6] Loading properties.
[21:13:59] [Server thread/TRACE] [PortalGun/PortalGun]: Sent event FMLPreInitializationEvent to mod PortalGun
[21:13:59] [Server thread/DEBUG] [FML/]: Bar Step: PreInitialization - PortalGun took 0,026s
[21:13:59] [Server thread/TRACE] [denseores/denseores]: Sending event FMLPreInitializationEvent to mod denseores
[21:13:59] [Server thread/TRACE] [denseores/denseores]: Sent event FMLPreInitializationEvent to mod denseores
[21:13:59] [Server thread/DEBUG] [FML/]: Bar Step: PreInitialization - Dense Ores took 0,000s
[21:13:59] [Server thread/DEBUG] [FML/]: Bar Finished: PreInitialization took 2,323s
[21:13:59] [Server thread/INFO] [FML/]: Applying holder lookups
[21:13:59] [Server thread/INFO] [FML/]: Holder lookups applied
[21:13:59] [Server thread/INFO] [FML/]: Injecting itemstacks
[21:13:59] [Server thread/INFO] [FML/]: Itemstack injection complete
[21:13:59] [Server thread/INFO] [foamfix/]: [Log4JExploitFix] Applying Log4j exploit mitigation to net/minecraft/server/dedicated/PropertyManager/getLogger!
[21:13:59] [Server thread/INFO] [foamfix/]: [Log4JExploitFix] Applying Log4j exploit mitigation to net/minecraft/server/ServerEula/getLogger!
[21:13:59] [Server thread/INFO] [foamfix/]: [Log4JExploitFix] Applying Log4j exploit mitigation to net/minecraft/server/management/PreYggdrasilConverter/getLogger!
[21:13:59] [Server thread/INFO] [foamfix/]: [Log4JExploitFix] Applying Log4j exploit mitigation to net/minecraft/server/management/UserList/getLogger!
[21:13:59] [Server thread/TRACE] [mcp/mcp]: Sending event FMLInitializationEvent to mod mcp
[21:13:59] [Server thread/TRACE] [mcp/mcp]: Sent event FMLInitializationEvent to mod mcp
[21:13:59] [Server thread/DEBUG] [FML/]: Bar Step: Initialization - Minecraft Coder Pack took 0,000s
[21:13:59] [Server thread/TRACE] [FML/FML]: Sending event FMLInitializationEvent to mod FML
[21:13:59] [Server thread/TRACE] [FML/FML]: Sent event FMLInitializationEvent to mod FML
[21:13:59] [Server thread/DEBUG] [FML/]: Bar Step: Initialization - Forge Mod Loader took 0,000s
[21:13:59] [Server thread/TRACE] [Forge/Forge]: Sending event FMLInitializationEvent to mod Forge
[21:13:59] [Server thread/TRACE] [Forge/Forge]: Sent event FMLInitializationEvent to mod Forge
[21:13:59] [Server thread/DEBUG] [FML/]: Bar Step: Initialization - Minecraft Forge took 0,000s
[21:13:59] [Server thread/TRACE] [CodeChickenCore/CodeChickenCore]: Sending event FMLInitializationEvent to mod CodeChickenCore
[21:13:59] [Server thread/TRACE] [CodeChickenCore/CodeChickenCore]: Sent event FMLInitializationEvent to mod CodeChickenCore
[21:13:59] [Server thread/DEBUG] [FML/]: Bar Step: Initialization - CodeChicken Core took 0,000s
[21:13:59] [Server thread/TRACE] [NotEnoughItems/NotEnoughItems]: Sending event FMLInitializationEvent to mod NotEnoughItems
[21:14:00] [Server thread/INFO] [foamfix/NotEnoughItems]: [Log4JExploitFix] Applying Log4j exploit mitigation to codechicken/lib/inventory/ContainerExtended/getLogger!
[21:14:00] [Server thread/INFO] [foamfix/NotEnoughItems]: [Log4JExploitFix] Applying Log4j exploit mitigation to codechicken/lib/inventory/ContainerExtended/getLogger!
[21:14:00] [Server thread/TRACE] [NotEnoughItems/NotEnoughItems]: Sent event FMLInitializationEvent to mod NotEnoughItems
[21:14:00] [Server thread/DEBUG] [FML/]: Bar Step: Initialization - NotEnoughItems took 0,056s
[21:14:00] [Server thread/TRACE] [GTNHLib Core/GTNHLib Core]: Sending event FMLInitializationEvent to mod GTNHLib Core
[21:14:00] [Server thread/TRACE] [GTNHLib Core/GTNHLib Core]: Sent event FMLInitializationEvent to mod GTNHLib Core
[21:14:00] [Server thread/DEBUG] [FML/]: Bar Step: Initialization - GTNHLib Core took 0,000s
[21:14:00] [Server thread/TRACE] [FoamFixCore/FoamFixCore]: Sending event FMLInitializationEvent to mod FoamFixCore
[21:14:00] [Server thread/TRACE] [FoamFixCore/FoamFixCore]: Sent event FMLInitializationEvent to mod FoamFixCore
[21:14:00] [Server thread/DEBUG] [FML/]: Bar Step: Initialization - FoamFixCore took 0,000s
[21:14:00] [Server thread/TRACE] [FastCraft/FastCraft]: Sending event FMLInitializationEvent to mod FastCraft
[21:14:00] [Server thread/TRACE] [FastCraft/FastCraft]: Sent event FMLInitializationEvent to mod FastCraft
[21:14:00] [Server thread/DEBUG] [FML/]: Bar Step: Initialization - FastCraft took 0,000s
[21:14:00] [Server thread/TRACE] [debug/debug]: Sending event FMLInitializationEvent to mod debug
[21:14:00] [Server thread/TRACE] [debug/debug]: Sent event FMLInitializationEvent to mod debug
[21:14:00] [Server thread/DEBUG] [FML/]: Bar Step: Initialization - debug took 0,000s
[21:14:00] [Server thread/TRACE] [unimixins/unimixins]: Sending event FMLInitializationEvent to mod unimixins
[21:14:00] [Server thread/TRACE] [unimixins/unimixins]: Sent event FMLInitializationEvent to mod unimixins
[21:14:00] [Server thread/DEBUG] [FML/]: Bar Step: Initialization - UniMixins took 0,000s
[21:14:00] [Server thread/TRACE] [unimixins-mixin/unimixins-mixin]: Sending event FMLInitializationEvent to mod unimixins-mixin
[21:14:00] [Server thread/TRACE] [unimixins-mixin/unimixins-mixin]: Sent event FMLInitializationEvent to mod unimixins-mixin
[21:14:00] [Server thread/DEBUG] [FML/]: Bar Step: Initialization - UniMixins: Mixin (UniMix) took 0,000s
[21:14:00] [Server thread/TRACE] [unimixins-compat/unimixins-compat]: Sending event FMLInitializationEvent to mod unimixins-compat
[21:14:00] [Server thread/TRACE] [unimixins-compat/unimixins-compat]: Sent event FMLInitializationEvent to mod unimixins-compat
[21:14:00] [Server thread/DEBUG] [FML/]: Bar Step: Initialization - UniMixins: Compatibility took 0,000s
[21:14:00] [Server thread/TRACE] [mixingasm/mixingasm]: Sending event FMLInitializationEvent to mod mixingasm
[21:14:00] [Server thread/TRACE] [mixingasm/mixingasm]: Sent event FMLInitializationEvent to mod mixingasm
[21:14:00] [Server thread/DEBUG] [FML/]: Bar Step: Initialization - UniMixins: Mixingasm took 0,000s
[21:14:00] [Server thread/TRACE] [spongemixins/spongemixins]: Sending event FMLInitializationEvent to mod spongemixins
[21:14:00] [Server thread/TRACE] [spongemixins/spongemixins]: Sent event FMLInitializationEvent to mod spongemixins
[21:14:00] [Server thread/DEBUG] [FML/]: Bar Step: Initialization - UniMixins: SpongeMixins took 0,000s
[21:14:00] [Server thread/TRACE] [mixinbooterlegacy/mixinbooterlegacy]: Sending event FMLInitializationEvent to mod mixinbooterlegacy
[21:14:00] [Server thread/TRACE] [mixinbooterlegacy/mixinbooterlegacy]: Sent event FMLInitializationEvent to mod mixinbooterlegacy
[21:14:00] [Server thread/DEBUG] [FML/]: Bar Step: Initialization - UniMixins: MixinBooterLegacy took 0,000s
[21:14:00] [Server thread/TRACE] [gtnhmixins/gtnhmixins]: Sending event FMLInitializationEvent to mod gtnhmixins
[21:14:00] [Server thread/TRACE] [gtnhmixins/gtnhmixins]: Sent event FMLInitializationEvent to mod gtnhmixins
[21:14:00] [Server thread/DEBUG] [FML/]: Bar Step: Initialization - UniMixins: GTNHMixins took 0,000s
[21:14:00] [Server thread/TRACE] [mixinextras/mixinextras]: Sending event FMLInitializationEvent to mod mixinextras
[21:14:00] [Server thread/TRACE] [mixinextras/mixinextras]: Sent event FMLInitializationEvent to mod mixinextras
[21:14:00] [Server thread/DEBUG] [FML/]: Bar Step: Initialization - UniMixins: MixinExtras took 0,000s
[21:14:00] [Server thread/TRACE] [aiimprovements/aiimprovements]: Sending event FMLInitializationEvent to mod aiimprovements
[21:14:00] [Server thread/TRACE] [aiimprovements/aiimprovements]: Sent event FMLInitializationEvent to mod aiimprovements
[21:14:00] [Server thread/DEBUG] [FML/]: Bar Step: Initialization - AI Improvements took 0,003s
[21:14:00] [Server thread/TRACE] [archaicfix/archaicfix]: Sending event FMLInitializationEvent to mod archaicfix
[21:14:00] [Server thread/TRACE] [archaicfix/archaicfix]: Sent event FMLInitializationEvent to mod archaicfix
[21:14:00] [Server thread/DEBUG] [FML/]: Bar Step: Initialization - ArchaicFix took 0,000s
[21:14:00] [Server thread/TRACE] [carbonconfig/carbonconfig]: Sending event FMLInitializationEvent to mod carbonconfig
[21:14:00] [Server thread/TRACE] [carbonconfig/carbonconfig]: Sent event FMLInitializationEvent to mod carbonconfig
[21:14:00] [Server thread/DEBUG] [FML/]: Bar Step: Initialization - Carbon Config Library took 0,000s
[21:14:00] [Server thread/TRACE] [chunkpregenerator/chunkpregenerator]: Sending event FMLInitializationEvent to mod chunkpregenerator
[21:14:00] [Server thread/TRACE] [chunkpregenerator/chunkpregenerator]: Sent event FMLInitializationEvent to mod chunkpregenerator
[21:14:00] [Server thread/DEBUG] [FML/]: Bar Step: Initialization - Chunk Pregenerator took 0,018s
[21:14:00] [Server thread/TRACE] [ChunkPurge/ChunkPurge]: Sending event FMLInitializationEvent to mod ChunkPurge
[21:14:00] [Server thread/TRACE] [ChunkPurge/ChunkPurge]: Sent event FMLInitializationEvent to mod ChunkPurge
[21:14:00] [Server thread/DEBUG] [FML/]: Bar Step: Initialization - Chunk Purge took 0,000s
[21:14:00] [Server thread/TRACE] [foamfix/foamfix]: Sending event FMLInitializationEvent to mod foamfix
[21:14:00] [Server thread/INFO] [foamfix/foamfix]: Weakening LaunchWrapper resource cache...
[21:14:00] [Server thread/TRACE] [foamfix/foamfix]: Sent event FMLInitializationEvent to mod foamfix
[21:14:00] [Server thread/DEBUG] [FML/]: Bar Step: Initialization - FoamFix took 0,011s
[21:14:00] [Server thread/TRACE] [gvc/gvc]: Sending event FMLInitializationEvent to mod gvc
[21:14:00] [Server thread/TRACE] [gvc/gvc]: Sent event FMLInitializationEvent to mod gvc
[21:14:00] [Server thread/DEBUG] [FML/]: Bar Step: Initialization - �aGliby's�f Voice Chat Mod took 0,000s
[21:14:00] [Server thread/TRACE] [gtnhlib/gtnhlib]: Sending event FMLInitializationEvent to mod gtnhlib
[21:14:00] [Server thread/TRACE] [gtnhlib/gtnhlib]: Sent event FMLInitializationEvent to mod gtnhlib
[21:14:00] [Server thread/DEBUG] [FML/]: Bar Step: Initialization - GTNH Lib took 0,033s
[21:14:00] [Server thread/TRACE] [iChunUtil/iChunUtil]: Sending event FMLInitializationEvent to mod iChunUtil
[21:14:00] [Server thread/TRACE] [iChunUtil/iChunUtil]: Sent event FMLInitializationEvent to mod iChunUtil
[21:14:00] [Server thread/DEBUG] [FML/]: Bar Step: Initialization - iChunUtil took 0,002s
[21:14:00] [Server thread/TRACE] [Hats/Hats]: Sending event FMLInitializationEvent to mod Hats
[21:14:00] [Server thread/TRACE] [Hats/Hats]: Sent event FMLInitializationEvent to mod Hats
[21:14:00] [Server thread/DEBUG] [FML/]: Bar Step: Initialization - Hats took 0,023s
[21:14:00] [Server thread/TRACE] [InventoryPets/InventoryPets]: Sending event FMLInitializationEvent to mod InventoryPets
[21:14:00] [Server thread/TRACE] [FML/InventoryPets]: Automatically registered mod InventoryPets entity EntityBanana as InventoryPets.EntityBanana
[21:14:00] [Server thread/TRACE] [FML/InventoryPets]: Automatically registered mod InventoryPets entity MiniQuantumBlaze as InventoryPets.MiniQuantumBlaze
[21:14:00] [Server thread/TRACE] [FML/InventoryPets]: Automatically registered mod InventoryPets entity MiniQuantumEnderman as InventoryPets.MiniQuantumEnderman
[21:14:00] [Server thread/TRACE] [FML/InventoryPets]: Automatically registered mod InventoryPets entity EntityApple as InventoryPets.EntityApple
[21:14:00] [Server thread/TRACE] [FML/InventoryPets]: Automatically registered mod InventoryPets entity EntityGoldenApple as InventoryPets.EntityGoldenApple
[21:14:00] [Server thread/TRACE] [FML/InventoryPets]: Automatically registered mod InventoryPets entity EntityAnvilPet as InventoryPets.EntityAnvilPet
[21:14:00] [Server thread/TRACE] [FML/InventoryPets]: Automatically registered mod InventoryPets entity EntityBedPet as InventoryPets.EntityBedPet
[21:14:00] [Server thread/TRACE] [FML/InventoryPets]: Automatically registered mod InventoryPets entity BillGates as InventoryPets.BillGates
[21:14:00] [Server thread/TRACE] [FML/InventoryPets]: Automatically registered mod InventoryPets entity SteveBallmer as InventoryPets.SteveBallmer
[21:14:00] [Server thread/TRACE] [FML/InventoryPets]: Automatically registered mod InventoryPets entity SatyaNadella as InventoryPets.SatyaNadella
[21:14:00] [iChunUtil Mod Version Check/INFO] [STDERR/iChunUtil]: [java.lang.Throwable$WrappedPrintStream:println:749]: java.io.FileNotFoundException: https://raw.githubusercontent.com/iChun/iChunUtil/master/src/main/resources/assets/ichunutil/mod/versions.json
[21:14:00] [iChunUtil Mod Version Check/INFO] [STDERR/iChunUtil]: [java.lang.Throwable$WrappedPrintStream:println:749]: 	at sun.net.www.protocol.http.HttpURLConnection.getInputStream0(HttpURLConnection.java:1915)
[21:14:00] [iChunUtil Mod Version Check/INFO] [STDERR/iChunUtil]: [java.lang.Throwable$WrappedPrintStream:println:749]: 	at sun.net.www.protocol.http.HttpURLConnection.access$200(HttpURLConnection.java:94)
[21:14:00] [iChunUtil Mod Version Check/INFO] [STDERR/iChunUtil]: [java.lang.Throwable$WrappedPrintStream:println:749]: 	at sun.net.www.protocol.http.HttpURLConnection$9.run(HttpURLConnection.java:1509)
[21:14:00] [iChunUtil Mod Version Check/INFO] [STDERR/iChunUtil]: [java.lang.Throwable$WrappedPrintStream:println:749]: 	at sun.net.www.protocol.http.HttpURLConnection$9.run(HttpURLConnection.java:1507)
[21:14:00] [iChunUtil Mod Version Check/INFO] [STDERR/iChunUtil]: [java.lang.Throwable$WrappedPrintStream:println:749]: 	at java.security.AccessController.doPrivileged(Native Method)
[21:14:00] [iChunUtil Mod Version Check/INFO] [STDERR/iChunUtil]: [java.lang.Throwable$WrappedPrintStream:println:749]: 	at java.security.AccessController.doPrivilegedWithCombiner(AccessController.java:784)
[21:14:00] [iChunUtil Mod Version Check/INFO] [STDERR/iChunUtil]: [java.lang.Throwable$WrappedPrintStream:println:749]: 	at sun.net.www.protocol.http.HttpURLConnection.getInputStream(HttpURLConnection.java:1506)
[21:14:00] [iChunUtil Mod Version Check/INFO] [STDERR/iChunUtil]: [java.lang.Throwable$WrappedPrintStream:println:749]: 	at sun.net.www.protocol.https.HttpsURLConnectionImpl.getInputStream(HttpsURLConnectionImpl.java:268)
[21:14:00] [iChunUtil Mod Version Check/INFO] [STDERR/iChunUtil]: [java.lang.Throwable$WrappedPrintStream:println:749]: 	at java.net.URL.openStream(URL.java:1093)
[21:14:00] [iChunUtil Mod Version Check/INFO] [STDERR/iChunUtil]: [java.lang.Throwable$WrappedPrintStream:println:749]: 	at ichun.common.core.updateChecker.ModVersionChecker$1.run(ModVersionChecker.java:47)
[21:14:00] [Server thread/TRACE] [InventoryPets/InventoryPets]: Sent event FMLInitializationEvent to mod InventoryPets
[21:14:00] [Server thread/DEBUG] [FML/]: Bar Step: Initialization - Inventory Pets took 0,038s
[21:14:00] [Server thread/TRACE] [ironbackpacks/ironbackpacks]: Sending event FMLInitializationEvent to mod ironbackpacks
[21:14:00] [Server thread/DEBUG] [CCL ASM/ironbackpacks]: NEI: Applying workbench fix
[21:14:00] [Server thread/TRACE] [FML/ironbackpacks]: Automatically registered mod ironbackpacks entity EntityBackpack as ironbackpacks.EntityBackpack
[21:14:00] [Server thread/TRACE] [ironbackpacks/ironbackpacks]: Sent event FMLInitializationEvent to mod ironbackpacks
[21:14:00] [Server thread/DEBUG] [FML/]: Bar Step: Initialization - Iron Backpacks took 0,030s
[21:14:00] [Server thread/TRACE] [IronChest/IronChest]: Sending event FMLInitializationEvent to mod IronChest
[21:14:00] [Hats Mod Mob Support Thread/INFO] [STDERR/Hats]: [java.lang.Throwable$WrappedPrintStream:println:749]: java.io.FileNotFoundException: https://raw.githubusercontent.com/iChun/Hats/master/src/main/resources/assets/hats/mod/HatModMobSupport.json
[21:14:00] [Hats Mod Mob Support Thread/INFO] [STDERR/Hats]: [java.lang.Throwable$WrappedPrintStream:println:749]: 	at sun.net.www.protocol.http.HttpURLConnection.getInputStream0(HttpURLConnection.java:1915)
[21:14:00] [Hats Mod Mob Support Thread/INFO] [STDERR/Hats]: [java.lang.Throwable$WrappedPrintStream:println:749]: 	at sun.net.www.protocol.http.HttpURLConnection.access$200(HttpURLConnection.java:94)
[21:14:00] [Hats Mod Mob Support Thread/INFO] [STDERR/Hats]: [java.lang.Throwable$WrappedPrintStream:println:749]: 	at sun.net.www.protocol.http.HttpURLConnection$9.run(HttpURLConnection.java:1509)
[21:14:00] [Hats Mod Mob Support Thread/INFO] [STDERR/Hats]: [java.lang.Throwable$WrappedPrintStream:println:749]: 	at sun.net.www.protocol.http.HttpURLConnection$9.run(HttpURLConnection.java:1507)
[21:14:00] [Hats Mod Mob Support Thread/INFO] [STDERR/Hats]: [java.lang.Throwable$WrappedPrintStream:println:749]: 	at java.security.AccessController.doPrivileged(Native Method)
[21:14:00] [Hats Mod Mob Support Thread/INFO] [STDERR/Hats]: [java.lang.Throwable$WrappedPrintStream:println:749]: 	at java.security.AccessController.doPrivilegedWithCombiner(AccessController.java:784)
[21:14:00] [Hats Mod Mob Support Thread/INFO] [STDERR/Hats]: [java.lang.Throwable$WrappedPrintStream:println:749]: 	at sun.net.www.protocol.http.HttpURLConnection.getInputStream(HttpURLConnection.java:1506)
[21:14:00] [Hats Mod Mob Support Thread/INFO] [STDERR/Hats]: [java.lang.Throwable$WrappedPrintStream:println:749]: 	at sun.net.www.protocol.https.HttpsURLConnectionImpl.getInputStream(HttpsURLConnectionImpl.java:268)
[21:14:00] [Hats Mod Mob Support Thread/INFO] [STDERR/Hats]: [java.lang.Throwable$WrappedPrintStream:println:749]: 	at java.net.URL.openStream(URL.java:1093)
[21:14:00] [Hats Mod Mob Support Thread/INFO] [STDERR/Hats]: [java.lang.Throwable$WrappedPrintStream:println:749]: 	at hats.common.thread.ThreadGetModMobSupport.run(ThreadGetModMobSupport.java:40)
[21:14:00] [Server thread/TRACE] [IronChest/IronChest]: Sent event FMLInitializationEvent to mod IronChest
[21:14:00] [Server thread/DEBUG] [FML/]: Bar Step: Initialization - Iron Chests took 0,006s
[21:14:00] [Server thread/TRACE] [lucky/lucky]: Sending event FMLInitializationEvent to mod lucky
[21:14:00] [Server thread/TRACE] [lucky/lucky]: Sent event FMLInitializationEvent to mod lucky
[21:14:00] [Server thread/DEBUG] [FML/]: Bar Step: Initialization - Lucky Block took 0,000s
[21:14:00] [Server thread/TRACE] [MoreFurnaces/MoreFurnaces]: Sending event FMLInitializationEvent to mod MoreFurnaces
[21:14:00] [Server thread/TRACE] [MoreFurnaces/MoreFurnaces]: Sent event FMLInitializationEvent to mod MoreFurnaces
[21:14:00] [Server thread/DEBUG] [FML/]: Bar Step: Initialization - More Furnaces took 0,000s
[21:14:00] [Server thread/TRACE] [OreSpawn/OreSpawn]: Sending event FMLInitializationEvent to mod OreSpawn
[21:14:00] [Server thread/TRACE] [OreSpawn/OreSpawn]: Sent event FMLInitializationEvent to mod OreSpawn
[21:14:00] [Server thread/DEBUG] [FML/]: Bar Step: Initialization - OreSpawn took 0,000s
[21:14:00] [Server thread/TRACE] [PortalGun/PortalGun]: Sending event FMLInitializationEvent to mod PortalGun
[21:14:00] [Server thread/TRACE] [FML/PortalGun]: Automatically registered mod PortalGun entity portal_entityblock as PortalGun.portal_entityblock
[21:14:00] [Server thread/TRACE] [FML/PortalGun]: Automatically registered mod PortalGun entity portal_entityball as PortalGun.portal_entityball
[21:14:00] [Server thread/TRACE] [FML/PortalGun]: Automatically registered mod PortalGun entity portal_entityapg as PortalGun.portal_entityapg
[21:14:00] [Server thread/TRACE] [FML/PortalGun]: Automatically registered mod PortalGun entity portal_entitycube as PortalGun.portal_entitycube
[21:14:00] [Server thread/TRACE] [FML/PortalGun]: Automatically registered mod PortalGun entity portal_entityradio as PortalGun.portal_entityradio
[21:14:00] [Server thread/TRACE] [FML/PortalGun]: Automatically registered mod PortalGun entity portal_entitybullet as PortalGun.portal_entitybullet
[21:14:00] [Server thread/TRACE] [FML/PortalGun]: Automatically registered mod PortalGun entity portal_entityturret as PortalGun.portal_entityturret
[21:14:00] [Server thread/TRACE] [FML/PortalGun]: Automatically registered mod PortalGun entity portal_entityhep as PortalGun.portal_entityhep
[21:14:00] [Server thread/TRACE] [PortalGun/PortalGun]: Sent event FMLInitializationEvent to mod PortalGun
[21:14:00] [Server thread/DEBUG] [FML/]: Bar Step: Initialization - PortalGun took 0,068s
[21:14:00] [Server thread/TRACE] [denseores/denseores]: Sending event FMLInitializationEvent to mod denseores
[21:14:00] [Server thread/INFO] [denseores/denseores]: Ph'nglui mglw'nafh, y'uln Dense Ores shugg ch'agl
[21:14:00] [Server thread/TRACE] [denseores/denseores]: Sent event FMLInitializationEvent to mod denseores
[21:14:00] [Server thread/DEBUG] [FML/]: Bar Step: Initialization - Dense Ores took 0,024s
[21:14:00] [Server thread/DEBUG] [FML/]: Bar Finished: Initialization took 0,314s
[21:14:00] [Server thread/TRACE] [FML/]: Attempting to deliver 0 IMC messages to mod mcp
[21:14:00] [Server thread/TRACE] [mcp/mcp]: Sending event IMCEvent to mod mcp
[21:14:00] [Server thread/TRACE] [mcp/mcp]: Sent event IMCEvent to mod mcp
[21:14:00] [Server thread/DEBUG] [FML/]: Bar Step: InterModComms$IMC - Minecraft Coder Pack took 0,001s
[21:14:00] [Server thread/TRACE] [FML/]: Attempting to deliver 0 IMC messages to mod FML
[21:14:00] [Server thread/TRACE] [FML/FML]: Sending event IMCEvent to mod FML
[21:14:00] [Server thread/TRACE] [FML/FML]: Sent event IMCEvent to mod FML
[21:14:00] [Server thread/DEBUG] [FML/]: Bar Step: InterModComms$IMC - Forge Mod Loader took 0,000s
[21:14:00] [Server thread/TRACE] [FML/]: Attempting to deliver 0 IMC messages to mod Forge
[21:14:00] [Server thread/TRACE] [Forge/Forge]: Sending event IMCEvent to mod Forge
[21:14:00] [Server thread/TRACE] [Forge/Forge]: Sent event IMCEvent to mod Forge
[21:14:00] [Server thread/DEBUG] [FML/]: Bar Step: InterModComms$IMC - Minecraft Forge took 0,000s
[21:14:00] [Server thread/TRACE] [FML/]: Attempting to deliver 0 IMC messages to mod CodeChickenCore
[21:14:00] [Server thread/TRACE] [CodeChickenCore/CodeChickenCore]: Sending event IMCEvent to mod CodeChickenCore
[21:14:00] [Server thread/TRACE] [CodeChickenCore/CodeChickenCore]: Sent event IMCEvent to mod CodeChickenCore
[21:14:00] [Server thread/DEBUG] [FML/]: Bar Step: InterModComms$IMC - CodeChicken Core took 0,000s
[21:14:00] [Server thread/TRACE] [FML/]: Attempting to deliver 0 IMC messages to mod NotEnoughItems
[21:14:00] [Server thread/TRACE] [NotEnoughItems/NotEnoughItems]: Sending event IMCEvent to mod NotEnoughItems
[21:14:00] [Server thread/TRACE] [NotEnoughItems/NotEnoughItems]: Sent event IMCEvent to mod NotEnoughItems
[21:14:00] [Server thread/DEBUG] [FML/]: Bar Step: InterModComms$IMC - NotEnoughItems took 0,004s
[21:14:00] [Server thread/TRACE] [FML/]: Attempting to deliver 0 IMC messages to mod GTNHLib Core
[21:14:00] [Server thread/TRACE] [GTNHLib Core/GTNHLib Core]: Sending event IMCEvent to mod GTNHLib Core
[21:14:00] [Server thread/TRACE] [GTNHLib Core/GTNHLib Core]: Sent event IMCEvent to mod GTNHLib Core
[21:14:00] [Server thread/DEBUG] [FML/]: Bar Step: InterModComms$IMC - GTNHLib Core took 0,000s
[21:14:00] [Server thread/TRACE] [FML/]: Attempting to deliver 0 IMC messages to mod FoamFixCore
[21:14:00] [Server thread/TRACE] [FoamFixCore/FoamFixCore]: Sending event IMCEvent to mod FoamFixCore
[21:14:00] [Server thread/TRACE] [FoamFixCore/FoamFixCore]: Sent event IMCEvent to mod FoamFixCore
[21:14:00] [Server thread/DEBUG] [FML/]: Bar Step: InterModComms$IMC - FoamFixCore took 0,000s
[21:14:00] [Server thread/TRACE] [FML/]: Attempting to deliver 0 IMC messages to mod FastCraft
[21:14:00] [Server thread/TRACE] [FastCraft/FastCraft]: Sending event IMCEvent to mod FastCraft
[21:14:00] [Server thread/TRACE] [FastCraft/FastCraft]: Sent event IMCEvent to mod FastCraft
[21:14:00] [Server thread/DEBUG] [FML/]: Bar Step: InterModComms$IMC - FastCraft took 0,000s
[21:14:00] [Server thread/TRACE] [FML/]: Attempting to deliver 0 IMC messages to mod debug
[21:14:00] [Server thread/TRACE] [debug/debug]: Sending event IMCEvent to mod debug
[21:14:00] [Server thread/TRACE] [debug/debug]: Sent event IMCEvent to mod debug
[21:14:00] [Server thread/DEBUG] [FML/]: Bar Step: InterModComms$IMC - debug took 0,000s
[21:14:00] [Server thread/TRACE] [FML/]: Attempting to deliver 0 IMC messages to mod unimixins
[21:14:00] [Server thread/TRACE] [unimixins/unimixins]: Sending event IMCEvent to mod unimixins
[21:14:00] [Server thread/TRACE] [unimixins/unimixins]: Sent event IMCEvent to mod unimixins
[21:14:00] [Server thread/DEBUG] [FML/]: Bar Step: InterModComms$IMC - UniMixins took 0,000s
[21:14:00] [Server thread/TRACE] [FML/]: Attempting to deliver 0 IMC messages to mod unimixins-mixin
[21:14:00] [Server thread/TRACE] [unimixins-mixin/unimixins-mixin]: Sending event IMCEvent to mod unimixins-mixin
[21:14:00] [Server thread/TRACE] [unimixins-mixin/unimixins-mixin]: Sent event IMCEvent to mod unimixins-mixin
[21:14:00] [Server thread/DEBUG] [FML/]: Bar Step: InterModComms$IMC - UniMixins: Mixin (UniMix) took 0,000s
[21:14:00] [Server thread/TRACE] [FML/]: Attempting to deliver 0 IMC messages to mod unimixins-compat
[21:14:00] [Server thread/TRACE] [unimixins-compat/unimixins-compat]: Sending event IMCEvent to mod unimixins-compat
[21:14:00] [Server thread/TRACE] [unimixins-compat/unimixins-compat]: Sent event IMCEvent to mod unimixins-compat
[21:14:00] [Server thread/DEBUG] [FML/]: Bar Step: InterModComms$IMC - UniMixins: Compatibility took 0,000s
[21:14:00] [Server thread/TRACE] [FML/]: Attempting to deliver 0 IMC messages to mod mixingasm
[21:14:00] [Server thread/TRACE] [mixingasm/mixingasm]: Sending event IMCEvent to mod mixingasm
[21:14:00] [Server thread/TRACE] [mixingasm/mixingasm]: Sent event IMCEvent to mod mixingasm
[21:14:00] [Server thread/DEBUG] [FML/]: Bar Step: InterModComms$IMC - UniMixins: Mixingasm took 0,000s
[21:14:00] [Server thread/TRACE] [FML/]: Attempting to deliver 0 IMC messages to mod spongemixins
[21:14:00] [Server thread/TRACE] [spongemixins/spongemixins]: Sending event IMCEvent to mod spongemixins
[21:14:00] [Server thread/TRACE] [spongemixins/spongemixins]: Sent event IMCEvent to mod spongemixins
[21:14:00] [Server thread/DEBUG] [FML/]: Bar Step: InterModComms$IMC - UniMixins: SpongeMixins took 0,000s
[21:14:00] [Server thread/TRACE] [FML/]: Attempting to deliver 0 IMC messages to mod mixinbooterlegacy
[21:14:00] [Server thread/TRACE] [mixinbooterlegacy/mixinbooterlegacy]: Sending event IMCEvent to mod mixinbooterlegacy
[21:14:00] [Server thread/TRACE] [mixinbooterlegacy/mixinbooterlegacy]: Sent event IMCEvent to mod mixinbooterlegacy
[21:14:00] [Server thread/DEBUG] [FML/]: Bar Step: InterModComms$IMC - UniMixins: MixinBooterLegacy took 0,000s
[21:14:00] [Server thread/TRACE] [FML/]: Attempting to deliver 0 IMC messages to mod gtnhmixins
[21:14:00] [Server thread/TRACE] [gtnhmixins/gtnhmixins]: Sending event IMCEvent to mod gtnhmixins
[21:14:00] [Server thread/TRACE] [gtnhmixins/gtnhmixins]: Sent event IMCEvent to mod gtnhmixins
[21:14:00] [Server thread/DEBUG] [FML/]: Bar Step: InterModComms$IMC - UniMixins: GTNHMixins took 0,000s
[21:14:00] [Server thread/TRACE] [FML/]: Attempting to deliver 0 IMC messages to mod mixinextras
[21:14:00] [Server thread/TRACE] [mixinextras/mixinextras]: Sending event IMCEvent to mod mixinextras
[21:14:00] [Server thread/TRACE] [mixinextras/mixinextras]: Sent event IMCEvent to mod mixinextras
[21:14:00] [Server thread/DEBUG] [FML/]: Bar Step: InterModComms$IMC - UniMixins: MixinExtras took 0,000s
[21:14:00] [Server thread/TRACE] [FML/]: Attempting to deliver 0 IMC messages to mod aiimprovements
[21:14:00] [Server thread/TRACE] [aiimprovements/aiimprovements]: Sending event IMCEvent to mod aiimprovements
[21:14:00] [Server thread/TRACE] [aiimprovements/aiimprovements]: Sent event IMCEvent to mod aiimprovements
[21:14:00] [Server thread/DEBUG] [FML/]: Bar Step: InterModComms$IMC - AI Improvements took 0,000s
[21:14:00] [Server thread/TRACE] [FML/]: Attempting to deliver 0 IMC messages to mod archaicfix
[21:14:00] [Server thread/TRACE] [archaicfix/archaicfix]: Sending event IMCEvent to mod archaicfix
[21:14:00] [Server thread/TRACE] [archaicfix/archaicfix]: Sent event IMCEvent to mod archaicfix
[21:14:00] [Server thread/DEBUG] [FML/]: Bar Step: InterModComms$IMC - ArchaicFix took 0,000s
[21:14:00] [Server thread/TRACE] [FML/]: Attempting to deliver 0 IMC messages to mod carbonconfig
[21:14:00] [Server thread/TRACE] [carbonconfig/carbonconfig]: Sending event IMCEvent to mod carbonconfig
[21:14:00] [Server thread/TRACE] [carbonconfig/carbonconfig]: Sent event IMCEvent to mod carbonconfig
[21:14:00] [Server thread/DEBUG] [FML/]: Bar Step: InterModComms$IMC - Carbon Config Library took 0,008s
[21:14:00] [Server thread/TRACE] [FML/]: Attempting to deliver 0 IMC messages to mod chunkpregenerator
[21:14:00] [Server thread/TRACE] [chunkpregenerator/chunkpregenerator]: Sending event IMCEvent to mod chunkpregenerator
[21:14:00] [Server thread/TRACE] [chunkpregenerator/chunkpregenerator]: Sent event IMCEvent to mod chunkpregenerator
[21:14:00] [Server thread/DEBUG] [FML/]: Bar Step: InterModComms$IMC - Chunk Pregenerator took 0,000s
[21:14:00] [Server thread/TRACE] [FML/]: Attempting to deliver 0 IMC messages to mod ChunkPurge
[21:14:00] [Server thread/TRACE] [ChunkPurge/ChunkPurge]: Sending event IMCEvent to mod ChunkPurge
[21:14:00] [Server thread/TRACE] [ChunkPurge/ChunkPurge]: Sent event IMCEvent to mod ChunkPurge
[21:14:00] [Server thread/DEBUG] [FML/]: Bar Step: InterModComms$IMC - Chunk Purge took 0,000s
[21:14:00] [Server thread/TRACE] [FML/]: Attempting to deliver 0 IMC messages to mod foamfix
[21:14:00] [Server thread/TRACE] [foamfix/foamfix]: Sending event IMCEvent to mod foamfix
[21:14:00] [Server thread/TRACE] [foamfix/foamfix]: Sent event IMCEvent to mod foamfix
[21:14:00] [Server thread/DEBUG] [FML/]: Bar Step: InterModComms$IMC - FoamFix took 0,000s
[21:14:00] [Server thread/TRACE] [FML/]: Attempting to deliver 0 IMC messages to mod gvc
[21:14:00] [Server thread/TRACE] [gvc/gvc]: Sending event IMCEvent to mod gvc
[21:14:00] [Server thread/TRACE] [gvc/gvc]: Sent event IMCEvent to mod gvc
[21:14:00] [Server thread/DEBUG] [FML/]: Bar Step: InterModComms$IMC - �aGliby's�f Voice Chat Mod took 0,000s
[21:14:00] [Server thread/TRACE] [FML/]: Attempting to deliver 0 IMC messages to mod gtnhlib
[21:14:00] [Server thread/TRACE] [gtnhlib/gtnhlib]: Sending event IMCEvent to mod gtnhlib
[21:14:00] [Server thread/TRACE] [gtnhlib/gtnhlib]: Sent event IMCEvent to mod gtnhlib
[21:14:00] [Server thread/DEBUG] [FML/]: Bar Step: InterModComms$IMC - GTNH Lib took 0,000s
[21:14:00] [Server thread/TRACE] [FML/]: Attempting to deliver 0 IMC messages to mod iChunUtil
[21:14:00] [Server thread/TRACE] [iChunUtil/iChunUtil]: Sending event IMCEvent to mod iChunUtil
[21:14:00] [Server thread/TRACE] [iChunUtil/iChunUtil]: Sent event IMCEvent to mod iChunUtil
[21:14:00] [Server thread/DEBUG] [FML/]: Bar Step: InterModComms$IMC - iChunUtil took 0,000s
[21:14:00] [Server thread/TRACE] [FML/]: Attempting to deliver 0 IMC messages to mod Hats
[21:14:00] [Server thread/TRACE] [Hats/Hats]: Sending event IMCEvent to mod Hats
[21:14:00] [Server thread/TRACE] [Hats/Hats]: Sent event IMCEvent to mod Hats
[21:14:00] [Server thread/DEBUG] [FML/]: Bar Step: InterModComms$IMC - Hats took 0,000s
[21:14:00] [Server thread/TRACE] [FML/]: Attempting to deliver 0 IMC messages to mod InventoryPets
[21:14:00] [Server thread/TRACE] [InventoryPets/InventoryPets]: Sending event IMCEvent to mod InventoryPets
[21:14:00] [Server thread/TRACE] [InventoryPets/InventoryPets]: Sent event IMCEvent to mod InventoryPets
[21:14:00] [Server thread/DEBUG] [FML/]: Bar Step: InterModComms$IMC - Inventory Pets took 0,000s
[21:14:00] [Server thread/TRACE] [FML/]: Attempting to deliver 0 IMC messages to mod ironbackpacks
[21:14:00] [Server thread/TRACE] [ironbackpacks/ironbackpacks]: Sending event IMCEvent to mod ironbackpacks
[21:14:00] [Server thread/TRACE] [ironbackpacks/ironbackpacks]: Sent event IMCEvent to mod ironbackpacks
[21:14:00] [Server thread/DEBUG] [FML/]: Bar Step: InterModComms$IMC - Iron Backpacks took 0,000s
[21:14:00] [Server thread/TRACE] [FML/]: Attempting to deliver 0 IMC messages to mod IronChest
[21:14:00] [Server thread/TRACE] [IronChest/IronChest]: Sending event IMCEvent to mod IronChest
[21:14:00] [Server thread/TRACE] [IronChest/IronChest]: Sent event IMCEvent to mod IronChest
[21:14:00] [Server thread/DEBUG] [FML/]: Bar Step: InterModComms$IMC - Iron Chests took 0,000s
[21:14:00] [Server thread/TRACE] [FML/]: Attempting to deliver 0 IMC messages to mod lucky
[21:14:00] [Server thread/TRACE] [lucky/lucky]: Sending event IMCEvent to mod lucky
[21:14:00] [Server thread/TRACE] [lucky/lucky]: Sent event IMCEvent to mod lucky
[21:14:00] [Server thread/DEBUG] [FML/]: Bar Step: InterModComms$IMC - Lucky Block took 0,000s
[21:14:00] [Server thread/TRACE] [FML/]: Attempting to deliver 0 IMC messages to mod MoreFurnaces
[21:14:00] [Server thread/TRACE] [MoreFurnaces/MoreFurnaces]: Sending event IMCEvent to mod MoreFurnaces
[21:14:00] [Server thread/TRACE] [MoreFurnaces/MoreFurnaces]: Sent event IMCEvent to mod MoreFurnaces
[21:14:00] [Server thread/DEBUG] [FML/]: Bar Step: InterModComms$IMC - More Furnaces took 0,000s
[21:14:00] [Server thread/TRACE] [FML/]: Attempting to deliver 0 IMC messages to mod OreSpawn
[21:14:00] [Server thread/TRACE] [OreSpawn/OreSpawn]: Sending event IMCEvent to mod OreSpawn
[21:14:00] [Server thread/TRACE] [OreSpawn/OreSpawn]: Sent event IMCEvent to mod OreSpawn
[21:14:00] [Server thread/DEBUG] [FML/]: Bar Step: InterModComms$IMC - OreSpawn took 0,000s
[21:14:00] [Server thread/TRACE] [FML/]: Attempting to deliver 0 IMC messages to mod PortalGun
[21:14:00] [Server thread/TRACE] [PortalGun/PortalGun]: Sending event IMCEvent to mod PortalGun
[21:14:00] [Server thread/TRACE] [PortalGun/PortalGun]: Sent event IMCEvent to mod PortalGun
[21:14:00] [Server thread/DEBUG] [FML/]: Bar Step: InterModComms$IMC - PortalGun took 0,000s
[21:14:00] [Server thread/TRACE] [FML/]: Attempting to deliver 0 IMC messages to mod denseores
[21:14:00] [Server thread/TRACE] [denseores/denseores]: Sending event IMCEvent to mod denseores
[21:14:00] [Server thread/TRACE] [denseores/denseores]: Sent event IMCEvent to mod denseores
[21:14:00] [Server thread/DEBUG] [FML/]: Bar Step: InterModComms$IMC - Dense Ores took 0,000s
[21:14:00] [Server thread/DEBUG] [FML/]: Bar Finished: InterModComms$IMC took 0,016s
[21:14:00] [Server thread/INFO] [FML/]: Injecting itemstacks
[21:14:00] [Server thread/INFO] [FML/]: Itemstack injection complete
[21:14:00] [Server thread/TRACE] [mcp/mcp]: Sending event FMLPostInitializationEvent to mod mcp
[21:14:00] [Server thread/TRACE] [mcp/mcp]: Sent event FMLPostInitializationEvent to mod mcp
[21:14:00] [Server thread/DEBUG] [FML/]: Bar Step: PostInitialization - Minecraft Coder Pack took 0,000s
[21:14:00] [Server thread/TRACE] [FML/FML]: Sending event FMLPostInitializationEvent to mod FML
[21:14:00] [Server thread/TRACE] [FML/FML]: Sent event FMLPostInitializationEvent to mod FML
[21:14:00] [Server thread/DEBUG] [FML/]: Bar Step: PostInitialization - Forge Mod Loader took 0,000s
[21:14:00] [Server thread/TRACE] [Forge/Forge]: Sending event FMLPostInitializationEvent to mod Forge
[21:14:00] [Server thread/TRACE] [Forge/Forge]: Sent event FMLPostInitializationEvent to mod Forge
[21:14:00] [Server thread/DEBUG] [FML/]: Bar Step: PostInitialization - Minecraft Forge took 0,006s
[21:14:00] [Server thread/TRACE] [CodeChickenCore/CodeChickenCore]: Sending event FMLPostInitializationEvent to mod CodeChickenCore
[21:14:00] [Server thread/TRACE] [CodeChickenCore/CodeChickenCore]: Sent event FMLPostInitializationEvent to mod CodeChickenCore
[21:14:00] [Server thread/DEBUG] [FML/]: Bar Step: PostInitialization - CodeChicken Core took 0,000s
[21:14:00] [Server thread/TRACE] [NotEnoughItems/NotEnoughItems]: Sending event FMLPostInitializationEvent to mod NotEnoughItems
[21:14:00] [Server thread/TRACE] [NotEnoughItems/NotEnoughItems]: Sent event FMLPostInitializationEvent to mod NotEnoughItems
[21:14:00] [Server thread/DEBUG] [FML/]: Bar Step: PostInitialization - NotEnoughItems took 0,000s
[21:14:00] [Server thread/TRACE] [GTNHLib Core/GTNHLib Core]: Sending event FMLPostInitializationEvent to mod GTNHLib Core
[21:14:00] [Server thread/TRACE] [GTNHLib Core/GTNHLib Core]: Sent event FMLPostInitializationEvent to mod GTNHLib Core
[21:14:00] [Server thread/DEBUG] [FML/]: Bar Step: PostInitialization - GTNHLib Core took 0,000s
[21:14:00] [Server thread/TRACE] [FoamFixCore/FoamFixCore]: Sending event FMLPostInitializationEvent to mod FoamFixCore
[21:14:00] [Server thread/TRACE] [FoamFixCore/FoamFixCore]: Sent event FMLPostInitializationEvent to mod FoamFixCore
[21:14:00] [Server thread/DEBUG] [FML/]: Bar Step: PostInitialization - FoamFixCore took 0,000s
[21:14:00] [Server thread/TRACE] [FastCraft/FastCraft]: Sending event FMLPostInitializationEvent to mod FastCraft
[21:14:00] [Server thread/TRACE] [FastCraft/FastCraft]: Sent event FMLPostInitializationEvent to mod FastCraft
[21:14:00] [Server thread/DEBUG] [FML/]: Bar Step: PostInitialization - FastCraft took 0,000s
[21:14:00] [Server thread/TRACE] [debug/debug]: Sending event FMLPostInitializationEvent to mod debug
[21:14:00] [Server thread/TRACE] [debug/debug]: Sent event FMLPostInitializationEvent to mod debug
[21:14:00] [Server thread/DEBUG] [FML/]: Bar Step: PostInitialization - debug took 0,000s
[21:14:00] [Server thread/TRACE] [unimixins/unimixins]: Sending event FMLPostInitializationEvent to mod unimixins
[21:14:00] [Server thread/TRACE] [unimixins/unimixins]: Sent event FMLPostInitializationEvent to mod unimixins
[21:14:00] [Server thread/DEBUG] [FML/]: Bar Step: PostInitialization - UniMixins took 0,000s
[21:14:00] [Server thread/TRACE] [unimixins-mixin/unimixins-mixin]: Sending event FMLPostInitializationEvent to mod unimixins-mixin
[21:14:00] [Server thread/TRACE] [unimixins-mixin/unimixins-mixin]: Sent event FMLPostInitializationEvent to mod unimixins-mixin
[21:14:00] [Server thread/DEBUG] [FML/]: Bar Step: PostInitialization - UniMixins: Mixin (UniMix) took 0,000s
[21:14:00] [Server thread/TRACE] [unimixins-compat/unimixins-compat]: Sending event FMLPostInitializationEvent to mod unimixins-compat
[21:14:00] [Server thread/TRACE] [unimixins-compat/unimixins-compat]: Sent event FMLPostInitializationEvent to mod unimixins-compat
[21:14:00] [Server thread/DEBUG] [FML/]: Bar Step: PostInitialization - UniMixins: Compatibility took 0,000s
[21:14:00] [Server thread/TRACE] [mixingasm/mixingasm]: Sending event FMLPostInitializationEvent to mod mixingasm
[21:14:00] [Server thread/TRACE] [mixingasm/mixingasm]: Sent event FMLPostInitializationEvent to mod mixingasm
[21:14:00] [Server thread/DEBUG] [FML/]: Bar Step: PostInitialization - UniMixins: Mixingasm took 0,000s
[21:14:00] [Server thread/TRACE] [spongemixins/spongemixins]: Sending event FMLPostInitializationEvent to mod spongemixins
[21:14:00] [Server thread/TRACE] [spongemixins/spongemixins]: Sent event FMLPostInitializationEvent to mod spongemixins
[21:14:00] [Server thread/DEBUG] [FML/]: Bar Step: PostInitialization - UniMixins: SpongeMixins took 0,000s
[21:14:00] [Server thread/TRACE] [mixinbooterlegacy/mixinbooterlegacy]: Sending event FMLPostInitializationEvent to mod mixinbooterlegacy
[21:14:00] [Server thread/TRACE] [mixinbooterlegacy/mixinbooterlegacy]: Sent event FMLPostInitializationEvent to mod mixinbooterlegacy
[21:14:00] [Server thread/DEBUG] [FML/]: Bar Step: PostInitialization - UniMixins: MixinBooterLegacy took 0,000s
[21:14:00] [Server thread/TRACE] [gtnhmixins/gtnhmixins]: Sending event FMLPostInitializationEvent to mod gtnhmixins
[21:14:00] [Server thread/TRACE] [gtnhmixins/gtnhmixins]: Sent event FMLPostInitializationEvent to mod gtnhmixins
[21:14:00] [Server thread/DEBUG] [FML/]: Bar Step: PostInitialization - UniMixins: GTNHMixins took 0,000s
[21:14:00] [Server thread/TRACE] [mixinextras/mixinextras]: Sending event FMLPostInitializationEvent to mod mixinextras
[21:14:00] [Server thread/TRACE] [mixinextras/mixinextras]: Sent event FMLPostInitializationEvent to mod mixinextras
[21:14:00] [Server thread/DEBUG] [FML/]: Bar Step: PostInitialization - UniMixins: MixinExtras took 0,000s
[21:14:00] [Server thread/TRACE] [aiimprovements/aiimprovements]: Sending event FMLPostInitializationEvent to mod aiimprovements
[21:14:00] [Server thread/INFO] [foamfix/aiimprovements]: [Log4JExploitFix] Applying Log4j exploit mitigation to net/minecraft/entity/ai/EntityAITasks/getLogger!
[21:14:00] [Server thread/DEBUG] [FastCraft/aiimprovements]: 15 / 21 applied
[21:14:00] [Server thread/TRACE] [FastCraft/aiimprovements]: 2fef7b47 6a792565 c8279ba2 ce4e7906 6518b690 e5fd58fe
[21:14:00] [Server thread/ERROR] [AI_Improvements/aiimprovements]: EntityOverride: Failed to use constructor 'Entity(World)' for entity[Monster, class net.minecraft.entity.monster.EntityMob] in order to test for AI tasks
[21:14:00] [Server thread/ERROR] [AI_Improvements/aiimprovements]: EntityOverride: Failed to use constructor 'Entity(World)' for entity[Mob, class net.minecraft.entity.EntityLiving] in order to test for AI tasks
[21:14:00] [Server thread/ERROR] [AI_Improvements/aiimprovements]: EntityOverride: Failed to use constructor 'Entity(World)' for entity[Monster, class net.minecraft.entity.monster.EntityMob] in order to test for AI tasks
[21:14:00] [Server thread/ERROR] [AI_Improvements/aiimprovements]: EntityOverride: Failed to use constructor 'Entity(World)' for entity[Mob, class net.minecraft.entity.EntityLiving] in order to test for AI tasks
[21:14:00] [Server thread/TRACE] [aiimprovements/aiimprovements]: Sent event FMLPostInitializationEvent to mod aiimprovements
[21:14:00] [Server thread/DEBUG] [FML/]: Bar Step: PostInitialization - AI Improvements took 0,150s
[21:14:00] [Server thread/TRACE] [archaicfix/archaicfix]: Sending event FMLPostInitializationEvent to mod archaicfix
[21:14:00] [Server thread/TRACE] [archaicfix/archaicfix]: Sent event FMLPostInitializationEvent to mod archaicfix
[21:14:00] [Server thread/DEBUG] [FML/]: Bar Step: PostInitialization - ArchaicFix took 0,000s
[21:14:00] [Server thread/TRACE] [carbonconfig/carbonconfig]: Sending event FMLPostInitializationEvent to mod carbonconfig
[21:14:00] [Server thread/TRACE] [carbonconfig/carbonconfig]: Sent event FMLPostInitializationEvent to mod carbonconfig
[21:14:00] [Server thread/DEBUG] [FML/]: Bar Step: PostInitialization - Carbon Config Library took 0,001s
[21:14:00] [Server thread/TRACE] [chunkpregenerator/chunkpregenerator]: Sending event FMLPostInitializationEvent to mod chunkpregenerator
[21:14:00] [Server thread/TRACE] [chunkpregenerator/chunkpregenerator]: Sent event FMLPostInitializationEvent to mod chunkpregenerator
[21:14:00] [Server thread/DEBUG] [FML/]: Bar Step: PostInitialization - Chunk Pregenerator took 0,000s
[21:14:00] [Server thread/TRACE] [ChunkPurge/ChunkPurge]: Sending event FMLPostInitializationEvent to mod ChunkPurge
[21:14:00] [Server thread/TRACE] [ChunkPurge/ChunkPurge]: Sent event FMLPostInitializationEvent to mod ChunkPurge
[21:14:00] [Server thread/DEBUG] [FML/]: Bar Step: PostInitialization - Chunk Purge took 0,001s
[21:14:00] [Server thread/TRACE] [foamfix/foamfix]: Sending event FMLPostInitializationEvent to mod foamfix
[21:14:00] [Server thread/TRACE] [foamfix/foamfix]: Sent event FMLPostInitializationEvent to mod foamfix
[21:14:00] [Server thread/DEBUG] [FML/]: Bar Step: PostInitialization - FoamFix took 0,000s
[21:14:00] [Server thread/TRACE] [gvc/gvc]: Sending event FMLPostInitializationEvent to mod gvc
[21:14:00] [Server thread/TRACE] [gvc/gvc]: Sent event FMLPostInitializationEvent to mod gvc
[21:14:00] [Server thread/DEBUG] [FML/]: Bar Step: PostInitialization - �aGliby's�f Voice Chat Mod took 0,000s
[21:14:00] [Server thread/TRACE] [gtnhlib/gtnhlib]: Sending event FMLPostInitializationEvent to mod gtnhlib
[21:14:00] [Server thread/TRACE] [gtnhlib/gtnhlib]: Sent event FMLPostInitializationEvent to mod gtnhlib
[21:14:00] [Server thread/DEBUG] [FML/]: Bar Step: PostInitialization - GTNH Lib took 0,000s
[21:14:00] [Server thread/TRACE] [iChunUtil/iChunUtil]: Sending event FMLPostInitializationEvent to mod iChunUtil
[21:14:00] [Server thread/TRACE] [iChunUtil/iChunUtil]: Sent event FMLPostInitializationEvent to mod iChunUtil
[21:14:00] [Server thread/DEBUG] [FML/]: Bar Step: PostInitialization - iChunUtil took 0,001s
[21:14:00] [Server thread/TRACE] [Hats/Hats]: Sending event FMLPostInitializationEvent to mod Hats
[21:14:00] [Server thread/TRACE] [Hats/Hats]: Sent event FMLPostInitializationEvent to mod Hats
[21:14:00] [Server thread/DEBUG] [FML/]: Bar Step: PostInitialization - Hats took 0,000s
[21:14:00] [Server thread/TRACE] [InventoryPets/InventoryPets]: Sending event FMLPostInitializationEvent to mod InventoryPets
[21:14:00] [Server thread/TRACE] [InventoryPets/InventoryPets]: Sent event FMLPostInitializationEvent to mod InventoryPets
[21:14:00] [Server thread/DEBUG] [FML/]: Bar Step: PostInitialization - Inventory Pets took 0,000s
[21:14:00] [Server thread/TRACE] [ironbackpacks/ironbackpacks]: Sending event FMLPostInitializationEvent to mod ironbackpacks
[21:14:00] [Server thread/TRACE] [ironbackpacks/ironbackpacks]: Sent event FMLPostInitializationEvent to mod ironbackpacks
[21:14:00] [Server thread/DEBUG] [FML/]: Bar Step: PostInitialization - Iron Backpacks took 0,000s
[21:14:00] [Server thread/TRACE] [IronChest/IronChest]: Sending event FMLPostInitializationEvent to mod IronChest
[21:14:00] [Server thread/TRACE] [IronChest/IronChest]: Sent event FMLPostInitializationEvent to mod IronChest
[21:14:00] [Server thread/DEBUG] [FML/]: Bar Step: PostInitialization - Iron Chests took 0,000s
[21:14:00] [Server thread/TRACE] [lucky/lucky]: Sending event FMLPostInitializationEvent to mod lucky
[21:14:00] [Server thread/TRACE] [lucky/lucky]: Sent event FMLPostInitializationEvent to mod lucky
[21:14:00] [Server thread/DEBUG] [FML/]: Bar Step: PostInitialization - Lucky Block took 0,000s
[21:14:00] [Server thread/TRACE] [MoreFurnaces/MoreFurnaces]: Sending event FMLPostInitializationEvent to mod MoreFurnaces
[21:14:00] [Server thread/TRACE] [MoreFurnaces/MoreFurnaces]: Sent event FMLPostInitializationEvent to mod MoreFurnaces
[21:14:00] [Server thread/DEBUG] [FML/]: Bar Step: PostInitialization - More Furnaces took 0,000s
[21:14:00] [Server thread/TRACE] [OreSpawn/OreSpawn]: Sending event FMLPostInitializationEvent to mod OreSpawn
[21:14:00] [Server thread/TRACE] [OreSpawn/OreSpawn]: Sent event FMLPostInitializationEvent to mod OreSpawn
[21:14:00] [Server thread/DEBUG] [FML/]: Bar Step: PostInitialization - OreSpawn took 0,006s
[21:14:00] [Server thread/TRACE] [PortalGun/PortalGun]: Sending event FMLPostInitializationEvent to mod PortalGun
[21:14:00] [Server thread/TRACE] [PortalGun/PortalGun]: Sent event FMLPostInitializationEvent to mod PortalGun
[21:14:00] [Server thread/DEBUG] [FML/]: Bar Step: PostInitialization - PortalGun took 0,000s
[21:14:00] [Server thread/TRACE] [denseores/denseores]: Sending event FMLPostInitializationEvent to mod denseores
[21:14:00] [Server thread/INFO] [denseores/denseores]: Dense Ores is fully loaded but sadly it cannot tell you the unlocalized name for dirt.
[21:14:00] [Server thread/TRACE] [denseores/denseores]: Sent event FMLPostInitializationEvent to mod denseores
[21:14:00] [Server thread/DEBUG] [FML/]: Bar Step: PostInitialization - Dense Ores took 0,000s
[21:14:00] [Server thread/DEBUG] [FML/]: Bar Finished: PostInitialization took 0,168s
[21:14:00] [Server thread/TRACE] [mcp/mcp]: Sending event FMLLoadCompleteEvent to mod mcp
[21:14:00] [Server thread/TRACE] [mcp/mcp]: Sent event FMLLoadCompleteEvent to mod mcp
[21:14:00] [Server thread/DEBUG] [FML/]: Bar Step: LoadComplete - Minecraft Coder Pack took 0,000s
[21:14:00] [Server thread/TRACE] [FML/FML]: Sending event FMLLoadCompleteEvent to mod FML
[21:14:00] [Server thread/TRACE] [FML/FML]: Sent event FMLLoadCompleteEvent to mod FML
[21:14:00] [Server thread/DEBUG] [FML/]: Bar Step: LoadComplete - Forge Mod Loader took 0,000s
[21:14:00] [Server thread/TRACE] [Forge/Forge]: Sending event FMLLoadCompleteEvent to mod Forge
[21:14:00] [Server thread/DEBUG] [FML/Forge]: Forge RecipeSorter Baking:
[21:14:00] [Server thread/DEBUG] [FML/Forge]:   14: RecipeEntry("Before", UNKNOWN, )
[21:14:00] [Server thread/DEBUG] [FML/Forge]:   13: RecipeEntry("minecraft:shaped", SHAPED, net.minecraft.item.crafting.ShapedRecipes) Before: minecraft:shapeless
[21:14:00] [Server thread/DEBUG] [FML/Forge]:   12: RecipeEntry("RemoveUpgrade", SHAPELESS, main.ironbackpacks.crafting.BackpackRemoveUpgradeRecipe)
[21:14:00] [Server thread/DEBUG] [FML/Forge]:   11: RecipeEntry("forge:shapedore", SHAPED, net.minecraftforge.oredict.ShapedOreRecipe) Before: minecraft:shapeless After: minecraft:shaped
[21:14:00] [Server thread/DEBUG] [FML/Forge]:   10: RecipeEntry("minecraft:mapextending", SHAPED, net.minecraft.item.crafting.RecipesMapExtending) Before: minecraft:shapeless After: minecraft:shaped
[21:14:00] [Server thread/DEBUG] [FML/Forge]:   9: RecipeEntry("minecraft:shapeless", SHAPELESS, net.minecraft.item.crafting.ShapelessRecipes) After: minecraft:shaped
[21:14:00] [Server thread/DEBUG] [FML/Forge]:   8: RecipeEntry("forge:shapelessore", SHAPELESS, net.minecraftforge.oredict.ShapelessOreRecipe) After: minecraft:shapeless
[21:14:00] [Server thread/DEBUG] [FML/Forge]:   7: RecipeEntry("BackpackUpgrade", SHAPELESS, main.ironbackpacks.crafting.BackpackCraftWithUpgradeRecipe)
[21:14:00] [Server thread/DEBUG] [FML/Forge]:   6: RecipeEntry("BackpackTier", SHAPED, main.ironbackpacks.crafting.BackpackIncreaseTierRecipe)
[21:14:00] [Server thread/DEBUG] [FML/Forge]:   5: RecipeEntry("minecraft:armordyes", SHAPELESS, net.minecraft.item.crafting.RecipesArmorDyes) After: minecraft:shapeless
[21:14:00] [Server thread/DEBUG] [FML/Forge]:   4: RecipeEntry("minecraft:fireworks", SHAPELESS, net.minecraft.item.crafting.RecipeFireworks) After: minecraft:shapeless
[21:14:00] [Server thread/DEBUG] [FML/Forge]:   3: RecipeEntry("minecraft:bookcloning", SHAPELESS, net.minecraft.item.crafting.RecipeBookCloning) After: minecraft:shapeless
[21:14:00] [Server thread/DEBUG] [FML/Forge]:   2: RecipeEntry("minecraft:mapcloning", SHAPELESS, net.minecraft.item.crafting.RecipesMapCloning) After: minecraft:shapeless
[21:14:00] [Server thread/DEBUG] [FML/Forge]:   1: RecipeEntry("After", UNKNOWN, )
[21:14:00] [Server thread/DEBUG] [FML/Forge]: Sorting recipies
[21:14:00] [Server thread/TRACE] [Forge/Forge]: Sent event FMLLoadCompleteEvent to mod Forge
[21:14:00] [Server thread/DEBUG] [FML/]: Bar Step: LoadComplete - Minecraft Forge took 0,003s
[21:14:00] [Server thread/TRACE] [CodeChickenCore/CodeChickenCore]: Sending event FMLLoadCompleteEvent to mod CodeChickenCore
[21:14:00] [Server thread/TRACE] [CodeChickenCore/CodeChickenCore]: Sent event FMLLoadCompleteEvent to mod CodeChickenCore
[21:14:00] [Server thread/DEBUG] [FML/]: Bar Step: LoadComplete - CodeChicken Core took 0,000s
[21:14:00] [Server thread/TRACE] [NotEnoughItems/NotEnoughItems]: Sending event FMLLoadCompleteEvent to mod NotEnoughItems
[21:14:00] [Server thread/TRACE] [NotEnoughItems/NotEnoughItems]: Sent event FMLLoadCompleteEvent to mod NotEnoughItems
[21:14:00] [Server thread/DEBUG] [FML/]: Bar Step: LoadComplete - NotEnoughItems took 0,000s
[21:14:00] [Server thread/TRACE] [GTNHLib Core/GTNHLib Core]: Sending event FMLLoadCompleteEvent to mod GTNHLib Core
[21:14:00] [Server thread/TRACE] [GTNHLib Core/GTNHLib Core]: Sent event FMLLoadCompleteEvent to mod GTNHLib Core
[21:14:00] [Server thread/DEBUG] [FML/]: Bar Step: LoadComplete - GTNHLib Core took 0,000s
[21:14:00] [Server thread/TRACE] [FoamFixCore/FoamFixCore]: Sending event FMLLoadCompleteEvent to mod FoamFixCore
[21:14:00] [Server thread/TRACE] [FoamFixCore/FoamFixCore]: Sent event FMLLoadCompleteEvent to mod FoamFixCore
[21:14:00] [Server thread/DEBUG] [FML/]: Bar Step: LoadComplete - FoamFixCore took 0,000s
[21:14:00] [Server thread/TRACE] [FastCraft/FastCraft]: Sending event FMLLoadCompleteEvent to mod FastCraft
[21:14:00] [Server thread/TRACE] [FastCraft/FastCraft]: Sent event FMLLoadCompleteEvent to mod FastCraft
[21:14:00] [Server thread/DEBUG] [FML/]: Bar Step: LoadComplete - FastCraft took 0,000s
[21:14:00] [Server thread/TRACE] [debug/debug]: Sending event FMLLoadCompleteEvent to mod debug
[21:14:00] [Server thread/TRACE] [debug/debug]: Sent event FMLLoadCompleteEvent to mod debug
[21:14:00] [Server thread/DEBUG] [FML/]: Bar Step: LoadComplete - debug took 0,000s
[21:14:00] [Server thread/TRACE] [unimixins/unimixins]: Sending event FMLLoadCompleteEvent to mod unimixins
[21:14:00] [Server thread/TRACE] [unimixins/unimixins]: Sent event FMLLoadCompleteEvent to mod unimixins
[21:14:00] [Server thread/DEBUG] [FML/]: Bar Step: LoadComplete - UniMixins took 0,000s
[21:14:00] [Server thread/TRACE] [unimixins-mixin/unimixins-mixin]: Sending event FMLLoadCompleteEvent to mod unimixins-mixin
[21:14:00] [Server thread/TRACE] [unimixins-mixin/unimixins-mixin]: Sent event FMLLoadCompleteEvent to mod unimixins-mixin
[21:14:00] [Server thread/DEBUG] [FML/]: Bar Step: LoadComplete - UniMixins: Mixin (UniMix) took 0,000s
[21:14:00] [Server thread/TRACE] [unimixins-compat/unimixins-compat]: Sending event FMLLoadCompleteEvent to mod unimixins-compat
[21:14:00] [Server thread/TRACE] [unimixins-compat/unimixins-compat]: Sent event FMLLoadCompleteEvent to mod unimixins-compat
[21:14:00] [Server thread/DEBUG] [FML/]: Bar Step: LoadComplete - UniMixins: Compatibility took 0,000s
[21:14:00] [Server thread/TRACE] [mixingasm/mixingasm]: Sending event FMLLoadCompleteEvent to mod mixingasm
[21:14:00] [Server thread/TRACE] [mixingasm/mixingasm]: Sent event FMLLoadCompleteEvent to mod mixingasm
[21:14:00] [Server thread/DEBUG] [FML/]: Bar Step: LoadComplete - UniMixins: Mixingasm took 0,000s
[21:14:00] [Server thread/TRACE] [spongemixins/spongemixins]: Sending event FMLLoadCompleteEvent to mod spongemixins
[21:14:00] [Server thread/TRACE] [spongemixins/spongemixins]: Sent event FMLLoadCompleteEvent to mod spongemixins
[21:14:00] [Server thread/DEBUG] [FML/]: Bar Step: LoadComplete - UniMixins: SpongeMixins took 0,000s
[21:14:00] [Server thread/TRACE] [mixinbooterlegacy/mixinbooterlegacy]: Sending event FMLLoadCompleteEvent to mod mixinbooterlegacy
[21:14:00] [Server thread/TRACE] [mixinbooterlegacy/mixinbooterlegacy]: Sent event FMLLoadCompleteEvent to mod mixinbooterlegacy
[21:14:00] [Server thread/DEBUG] [FML/]: Bar Step: LoadComplete - UniMixins: MixinBooterLegacy took 0,000s
[21:14:00] [Server thread/TRACE] [gtnhmixins/gtnhmixins]: Sending event FMLLoadCompleteEvent to mod gtnhmixins
[21:14:00] [Server thread/TRACE] [gtnhmixins/gtnhmixins]: Sent event FMLLoadCompleteEvent to mod gtnhmixins
[21:14:00] [Server thread/DEBUG] [FML/]: Bar Step: LoadComplete - UniMixins: GTNHMixins took 0,000s
[21:14:00] [Server thread/TRACE] [mixinextras/mixinextras]: Sending event FMLLoadCompleteEvent to mod mixinextras
[21:14:00] [Server thread/TRACE] [mixinextras/mixinextras]: Sent event FMLLoadCompleteEvent to mod mixinextras
[21:14:00] [Server thread/DEBUG] [FML/]: Bar Step: LoadComplete - UniMixins: MixinExtras took 0,000s
[21:14:00] [Server thread/TRACE] [aiimprovements/aiimprovements]: Sending event FMLLoadCompleteEvent to mod aiimprovements
[21:14:00] [Server thread/TRACE] [aiimprovements/aiimprovements]: Sent event FMLLoadCompleteEvent to mod aiimprovements
[21:14:00] [Server thread/DEBUG] [FML/]: Bar Step: LoadComplete - AI Improvements took 0,000s
[21:14:00] [Server thread/TRACE] [archaicfix/archaicfix]: Sending event FMLLoadCompleteEvent to mod archaicfix
[21:14:00] [Server thread/INFO] [ArchaicFix/archaicfix]: Cleaning up LaunchClassLoader
[21:14:00] [Server thread/TRACE] [archaicfix/archaicfix]: Sent event FMLLoadCompleteEvent to mod archaicfix
[21:14:00] [Server thread/DEBUG] [FML/]: Bar Step: LoadComplete - ArchaicFix took 0,014s
[21:14:00] [Server thread/TRACE] [carbonconfig/carbonconfig]: Sending event FMLLoadCompleteEvent to mod carbonconfig
[21:14:00] [Server thread/TRACE] [carbonconfig/carbonconfig]: Sent event FMLLoadCompleteEvent to mod carbonconfig
[21:14:00] [Server thread/DEBUG] [FML/]: Bar Step: LoadComplete - Carbon Config Library took 0,000s
[21:14:00] [Server thread/TRACE] [chunkpregenerator/chunkpregenerator]: Sending event FMLLoadCompleteEvent to mod chunkpregenerator
[21:14:00] [Server thread/TRACE] [chunkpregenerator/chunkpregenerator]: Sent event FMLLoadCompleteEvent to mod chunkpregenerator
[21:14:00] [Server thread/DEBUG] [FML/]: Bar Step: LoadComplete - Chunk Pregenerator took 0,000s
[21:14:00] [Server thread/TRACE] [ChunkPurge/ChunkPurge]: Sending event FMLLoadCompleteEvent to mod ChunkPurge
[21:14:00] [Server thread/TRACE] [ChunkPurge/ChunkPurge]: Sent event FMLLoadCompleteEvent to mod ChunkPurge
[21:14:00] [Server thread/DEBUG] [FML/]: Bar Step: LoadComplete - Chunk Purge took 0,000s
[21:14:00] [Server thread/TRACE] [foamfix/foamfix]: Sending event FMLLoadCompleteEvent to mod foamfix
[21:14:00] [Server thread/TRACE] [foamfix/foamfix]: Sent event FMLLoadCompleteEvent to mod foamfix
[21:14:00] [Server thread/DEBUG] [FML/]: Bar Step: LoadComplete - FoamFix took 0,000s
[21:14:00] [Server thread/TRACE] [gvc/gvc]: Sending event FMLLoadCompleteEvent to mod gvc
[21:14:00] [Server thread/TRACE] [gvc/gvc]: Sent event FMLLoadCompleteEvent to mod gvc
[21:14:00] [Server thread/DEBUG] [FML/]: Bar Step: LoadComplete - �aGliby's�f Voice Chat Mod took 0,000s
[21:14:00] [Server thread/TRACE] [gtnhlib/gtnhlib]: Sending event FMLLoadCompleteEvent to mod gtnhlib
[21:14:00] [Server thread/TRACE] [gtnhlib/gtnhlib]: Sent event FMLLoadCompleteEvent to mod gtnhlib
[21:14:00] [Server thread/DEBUG] [FML/]: Bar Step: LoadComplete - GTNH Lib took 0,000s
[21:14:00] [Server thread/TRACE] [iChunUtil/iChunUtil]: Sending event FMLLoadCompleteEvent to mod iChunUtil
[21:14:00] [Server thread/TRACE] [iChunUtil/iChunUtil]: Sent event FMLLoadCompleteEvent to mod iChunUtil
[21:14:00] [Server thread/DEBUG] [FML/]: Bar Step: LoadComplete - iChunUtil took 0,000s
[21:14:00] [Server thread/TRACE] [Hats/Hats]: Sending event FMLLoadCompleteEvent to mod Hats
[21:14:00] [Server thread/TRACE] [Hats/Hats]: Sent event FMLLoadCompleteEvent to mod Hats
[21:14:00] [Server thread/DEBUG] [FML/]: Bar Step: LoadComplete - Hats took 0,000s
[21:14:00] [Server thread/TRACE] [InventoryPets/InventoryPets]: Sending event FMLLoadCompleteEvent to mod InventoryPets
[21:14:00] [Server thread/TRACE] [InventoryPets/InventoryPets]: Sent event FMLLoadCompleteEvent to mod InventoryPets
[21:14:00] [Server thread/DEBUG] [FML/]: Bar Step: LoadComplete - Inventory Pets took 0,000s
[21:14:00] [Server thread/TRACE] [ironbackpacks/ironbackpacks]: Sending event FMLLoadCompleteEvent to mod ironbackpacks
[21:14:00] [Server thread/TRACE] [ironbackpacks/ironbackpacks]: Sent event FMLLoadCompleteEvent to mod ironbackpacks
[21:14:00] [Server thread/DEBUG] [FML/]: Bar Step: LoadComplete - Iron Backpacks took 0,000s
[21:14:00] [Server thread/TRACE] [IronChest/IronChest]: Sending event FMLLoadCompleteEvent to mod IronChest
[21:14:00] [Server thread/TRACE] [IronChest/IronChest]: Sent event FMLLoadCompleteEvent to mod IronChest
[21:14:00] [Server thread/DEBUG] [FML/]: Bar Step: LoadComplete - Iron Chests took 0,000s
[21:14:00] [Server thread/TRACE] [lucky/lucky]: Sending event FMLLoadCompleteEvent to mod lucky
[21:14:00] [Server thread/TRACE] [lucky/lucky]: Sent event FMLLoadCompleteEvent to mod lucky
[21:14:00] [Server thread/DEBUG] [FML/]: Bar Step: LoadComplete - Lucky Block took 0,000s
[21:14:00] [Server thread/TRACE] [MoreFurnaces/MoreFurnaces]: Sending event FMLLoadCompleteEvent to mod MoreFurnaces
[21:14:00] [Server thread/TRACE] [MoreFurnaces/MoreFurnaces]: Sent event FMLLoadCompleteEvent to mod MoreFurnaces
[21:14:00] [Server thread/DEBUG] [FML/]: Bar Step: LoadComplete - More Furnaces took 0,000s
[21:14:00] [Server thread/TRACE] [OreSpawn/OreSpawn]: Sending event FMLLoadCompleteEvent to mod OreSpawn
[21:14:00] [Server thread/TRACE] [OreSpawn/OreSpawn]: Sent event FMLLoadCompleteEvent to mod OreSpawn
[21:14:00] [Server thread/DEBUG] [FML/]: Bar Step: LoadComplete - OreSpawn took 0,000s
[21:14:00] [Server thread/TRACE] [PortalGun/PortalGun]: Sending event FMLLoadCompleteEvent to mod PortalGun
[21:14:00] [Server thread/TRACE] [PortalGun/PortalGun]: Sent event FMLLoadCompleteEvent to mod PortalGun
[21:14:00] [Server thread/DEBUG] [FML/]: Bar Step: LoadComplete - PortalGun took 0,000s
[21:14:00] [Server thread/TRACE] [denseores/denseores]: Sending event FMLLoadCompleteEvent to mod denseores
[21:14:00] [Server thread/TRACE] [denseores/denseores]: Sent event FMLLoadCompleteEvent to mod denseores
[21:14:00] [Server thread/DEBUG] [FML/]: Bar Step: LoadComplete - Dense Ores took 0,000s
[21:14:00] [Server thread/DEBUG] [FML/]: Bar Finished: LoadComplete took 0,020s
[21:14:00] [Server thread/DEBUG] [FML/]: Freezing block and item id maps
[21:14:00] [Server thread/DEBUG] [FML/]: Registry consistency check successful
[21:14:00] [Server thread/DEBUG] [FML/]: Registry consistency check successful
[21:14:00] [Server thread/INFO] [FML/]: Forge Mod Loader has successfully loaded 35 mods
[21:14:00] [Server thread/TRACE] [mcp/mcp]: Sending event FMLServerAboutToStartEvent to mod mcp
[21:14:00] [Server thread/TRACE] [mcp/mcp]: Sent event FMLServerAboutToStartEvent to mod mcp
[21:14:00] [Server thread/DEBUG] [FML/]: Bar Step: ServerAboutToStart - Minecraft Coder Pack took 0,000s
[21:14:00] [Server thread/TRACE] [FML/FML]: Sending event FMLServerAboutToStartEvent to mod FML
[21:14:00] [Server thread/TRACE] [FML/FML]: Sent event FMLServerAboutToStartEvent to mod FML
[21:14:00] [Server thread/DEBUG] [FML/]: Bar Step: ServerAboutToStart - Forge Mod Loader took 0,000s
[21:14:00] [Server thread/TRACE] [Forge/Forge]: Sending event FMLServerAboutToStartEvent to mod Forge
[21:14:00] [Server thread/TRACE] [Forge/Forge]: Sent event FMLServerAboutToStartEvent to mod Forge
[21:14:00] [Server thread/DEBUG] [FML/]: Bar Step: ServerAboutToStart - Minecraft Forge took 0,000s
[21:14:00] [Server thread/TRACE] [CodeChickenCore/CodeChickenCore]: Sending event FMLServerAboutToStartEvent to mod CodeChickenCore
[21:14:00] [Server thread/TRACE] [CodeChickenCore/CodeChickenCore]: Sent event FMLServerAboutToStartEvent to mod CodeChickenCore
[21:14:00] [Server thread/DEBUG] [FML/]: Bar Step: ServerAboutToStart - CodeChicken Core took 0,000s
[21:14:00] [Server thread/TRACE] [NotEnoughItems/NotEnoughItems]: Sending event FMLServerAboutToStartEvent to mod NotEnoughItems
[21:14:00] [Server thread/INFO] [foamfix/NotEnoughItems]: [Log4JExploitFix] Applying Log4j exploit mitigation to codechicken/nei/NEIServerConfig/getLogger!
[21:14:00] [Server thread/TRACE] [NotEnoughItems/NotEnoughItems]: Sent event FMLServerAboutToStartEvent to mod NotEnoughItems
[21:14:00] [Server thread/DEBUG] [FML/]: Bar Step: ServerAboutToStart - NotEnoughItems took 0,026s
[21:14:00] [Server thread/TRACE] [GTNHLib Core/GTNHLib Core]: Sending event FMLServerAboutToStartEvent to mod GTNHLib Core
[21:14:00] [Server thread/TRACE] [GTNHLib Core/GTNHLib Core]: Sent event FMLServerAboutToStartEvent to mod GTNHLib Core
[21:14:00] [Server thread/DEBUG] [FML/]: Bar Step: ServerAboutToStart - GTNHLib Core took 0,000s
[21:14:00] [Server thread/TRACE] [FoamFixCore/FoamFixCore]: Sending event FMLServerAboutToStartEvent to mod FoamFixCore
[21:14:00] [Server thread/TRACE] [FoamFixCore/FoamFixCore]: Sent event FMLServerAboutToStartEvent to mod FoamFixCore
[21:14:00] [Server thread/DEBUG] [FML/]: Bar Step: ServerAboutToStart - FoamFixCore took 0,000s
[21:14:00] [Server thread/TRACE] [FastCraft/FastCraft]: Sending event FMLServerAboutToStartEvent to mod FastCraft
[21:14:00] [Server thread/TRACE] [FastCraft/FastCraft]: Sent event FMLServerAboutToStartEvent to mod FastCraft
[21:14:00] [Server thread/DEBUG] [FML/]: Bar Step: ServerAboutToStart - FastCraft took 0,000s
[21:14:00] [Server thread/TRACE] [debug/debug]: Sending event FMLServerAboutToStartEvent to mod debug
[21:14:00] [Server thread/TRACE] [debug/debug]: Sent event FMLServerAboutToStartEvent to mod debug
[21:14:00] [Server thread/DEBUG] [FML/]: Bar Step: ServerAboutToStart - debug took 0,000s
[21:14:00] [Server thread/TRACE] [unimixins/unimixins]: Sending event FMLServerAboutToStartEvent to mod unimixins
[21:14:00] [Server thread/TRACE] [unimixins/unimixins]: Sent event FMLServerAboutToStartEvent to mod unimixins
[21:14:00] [Server thread/DEBUG] [FML/]: Bar Step: ServerAboutToStart - UniMixins took 0,000s
[21:14:00] [Server thread/TRACE] [unimixins-mixin/unimixins-mixin]: Sending event FMLServerAboutToStartEvent to mod unimixins-mixin
[21:14:00] [Server thread/TRACE] [unimixins-mixin/unimixins-mixin]: Sent event FMLServerAboutToStartEvent to mod unimixins-mixin
[21:14:00] [Server thread/DEBUG] [FML/]: Bar Step: ServerAboutToStart - UniMixins: Mixin (UniMix) took 0,000s
[21:14:00] [Server thread/TRACE] [unimixins-compat/unimixins-compat]: Sending event FMLServerAboutToStartEvent to mod unimixins-compat
[21:14:00] [Server thread/TRACE] [unimixins-compat/unimixins-compat]: Sent event FMLServerAboutToStartEvent to mod unimixins-compat
[21:14:00] [Server thread/DEBUG] [FML/]: Bar Step: ServerAboutToStart - UniMixins: Compatibility took 0,000s
[21:14:00] [Server thread/TRACE] [mixingasm/mixingasm]: Sending event FMLServerAboutToStartEvent to mod mixingasm
[21:14:00] [Server thread/TRACE] [mixingasm/mixingasm]: Sent event FMLServerAboutToStartEvent to mod mixingasm
[21:14:00] [Server thread/DEBUG] [FML/]: Bar Step: ServerAboutToStart - UniMixins: Mixingasm took 0,000s
[21:14:00] [Server thread/TRACE] [spongemixins/spongemixins]: Sending event FMLServerAboutToStartEvent to mod spongemixins
[21:14:00] [Server thread/TRACE] [spongemixins/spongemixins]: Sent event FMLServerAboutToStartEvent to mod spongemixins
[21:14:00] [Server thread/DEBUG] [FML/]: Bar Step: ServerAboutToStart - UniMixins: SpongeMixins took 0,000s
[21:14:00] [Server thread/TRACE] [mixinbooterlegacy/mixinbooterlegacy]: Sending event FMLServerAboutToStartEvent to mod mixinbooterlegacy
[21:14:00] [Server thread/TRACE] [mixinbooterlegacy/mixinbooterlegacy]: Sent event FMLServerAboutToStartEvent to mod mixinbooterlegacy
[21:14:00] [Server thread/DEBUG] [FML/]: Bar Step: ServerAboutToStart - UniMixins: MixinBooterLegacy took 0,000s
[21:14:00] [Server thread/TRACE] [gtnhmixins/gtnhmixins]: Sending event FMLServerAboutToStartEvent to mod gtnhmixins
[21:14:00] [Server thread/TRACE] [gtnhmixins/gtnhmixins]: Sent event FMLServerAboutToStartEvent to mod gtnhmixins
[21:14:00] [Server thread/DEBUG] [FML/]: Bar Step: ServerAboutToStart - UniMixins: GTNHMixins took 0,000s
[21:14:00] [Server thread/TRACE] [mixinextras/mixinextras]: Sending event FMLServerAboutToStartEvent to mod mixinextras
[21:14:00] [Server thread/TRACE] [mixinextras/mixinextras]: Sent event FMLServerAboutToStartEvent to mod mixinextras
[21:14:00] [Server thread/DEBUG] [FML/]: Bar Step: ServerAboutToStart - UniMixins: MixinExtras took 0,000s
[21:14:00] [Server thread/TRACE] [aiimprovements/aiimprovements]: Sending event FMLServerAboutToStartEvent to mod aiimprovements
[21:14:00] [Server thread/TRACE] [aiimprovements/aiimprovements]: Sent event FMLServerAboutToStartEvent to mod aiimprovements
[21:14:00] [Server thread/DEBUG] [FML/]: Bar Step: ServerAboutToStart - AI Improvements took 0,000s
[21:14:00] [Server thread/TRACE] [archaicfix/archaicfix]: Sending event FMLServerAboutToStartEvent to mod archaicfix
[21:14:00] [Server thread/TRACE] [archaicfix/archaicfix]: Sent event FMLServerAboutToStartEvent to mod archaicfix
[21:14:00] [Server thread/DEBUG] [FML/]: Bar Step: ServerAboutToStart - ArchaicFix took 0,000s
[21:14:00] [Server thread/TRACE] [carbonconfig/carbonconfig]: Sending event FMLServerAboutToStartEvent to mod carbonconfig
[21:14:00] [Server thread/TRACE] [carbonconfig/carbonconfig]: Sent event FMLServerAboutToStartEvent to mod carbonconfig
[21:14:00] [Server thread/DEBUG] [FML/]: Bar Step: ServerAboutToStart - Carbon Config Library took 0,000s
[21:14:00] [Server thread/TRACE] [chunkpregenerator/chunkpregenerator]: Sending event FMLServerAboutToStartEvent to mod chunkpregenerator
[21:14:00] [Server thread/TRACE] [chunkpregenerator/chunkpregenerator]: Sent event FMLServerAboutToStartEvent to mod chunkpregenerator
[21:14:00] [Server thread/DEBUG] [FML/]: Bar Step: ServerAboutToStart - Chunk Pregenerator took 0,000s
[21:14:00] [Server thread/TRACE] [ChunkPurge/ChunkPurge]: Sending event FMLServerAboutToStartEvent to mod ChunkPurge
[21:14:00] [Server thread/TRACE] [ChunkPurge/ChunkPurge]: Sent event FMLServerAboutToStartEvent to mod ChunkPurge
[21:14:00] [Server thread/DEBUG] [FML/]: Bar Step: ServerAboutToStart - Chunk Purge took 0,000s
[21:14:00] [Server thread/TRACE] [foamfix/foamfix]: Sending event FMLServerAboutToStartEvent to mod foamfix
[21:14:00] [Server thread/TRACE] [foamfix/foamfix]: Sent event FMLServerAboutToStartEvent to mod foamfix
[21:14:00] [Server thread/DEBUG] [FML/]: Bar Step: ServerAboutToStart - FoamFix took 0,000s
[21:14:00] [Server thread/TRACE] [gvc/gvc]: Sending event FMLServerAboutToStartEvent to mod gvc
[21:14:00] [Server thread/TRACE] [gvc/gvc]: Sent event FMLServerAboutToStartEvent to mod gvc
[21:14:00] [Server thread/DEBUG] [FML/]: Bar Step: ServerAboutToStart - �aGliby's�f Voice Chat Mod took 0,005s
[21:14:00] [Server thread/TRACE] [gtnhlib/gtnhlib]: Sending event FMLServerAboutToStartEvent to mod gtnhlib
[21:14:00] [Server thread/INFO] [foamfix/gtnhlib]: [Log4JExploitFix] Applying Log4j exploit mitigation to com/gtnewhorizon/gtnhlib/brigadier/BrigadierApi/getLogger!
[21:14:00] [Server thread/TRACE] [gtnhlib/gtnhlib]: Sent event FMLServerAboutToStartEvent to mod gtnhlib
[21:14:00] [Server thread/DEBUG] [FML/]: Bar Step: ServerAboutToStart - GTNH Lib took 0,010s
[21:14:00] [Server thread/TRACE] [iChunUtil/iChunUtil]: Sending event FMLServerAboutToStartEvent to mod iChunUtil
[21:14:00] [Server thread/TRACE] [iChunUtil/iChunUtil]: Sent event FMLServerAboutToStartEvent to mod iChunUtil
[21:14:00] [Server thread/DEBUG] [FML/]: Bar Step: ServerAboutToStart - iChunUtil took 0,000s
[21:14:00] [Server thread/TRACE] [Hats/Hats]: Sending event FMLServerAboutToStartEvent to mod Hats
[21:14:00] [Server thread/TRACE] [Hats/Hats]: Sent event FMLServerAboutToStartEvent to mod Hats
[21:14:00] [Server thread/DEBUG] [FML/]: Bar Step: ServerAboutToStart - Hats took 0,001s
[21:14:00] [Server thread/TRACE] [InventoryPets/InventoryPets]: Sending event FMLServerAboutToStartEvent to mod InventoryPets
[21:14:00] [Server thread/TRACE] [InventoryPets/InventoryPets]: Sent event FMLServerAboutToStartEvent to mod InventoryPets
[21:14:00] [Server thread/DEBUG] [FML/]: Bar Step: ServerAboutToStart - Inventory Pets took 0,000s
[21:14:00] [Server thread/TRACE] [ironbackpacks/ironbackpacks]: Sending event FMLServerAboutToStartEvent to mod ironbackpacks
[21:14:00] [Server thread/TRACE] [ironbackpacks/ironbackpacks]: Sent event FMLServerAboutToStartEvent to mod ironbackpacks
[21:14:00] [Server thread/DEBUG] [FML/]: Bar Step: ServerAboutToStart - Iron Backpacks took 0,000s
[21:14:00] [Server thread/TRACE] [IronChest/IronChest]: Sending event FMLServerAboutToStartEvent to mod IronChest
[21:14:00] [Server thread/TRACE] [IronChest/IronChest]: Sent event FMLServerAboutToStartEvent to mod IronChest
[21:14:00] [Server thread/DEBUG] [FML/]: Bar Step: ServerAboutToStart - Iron Chests took 0,000s
[21:14:00] [Server thread/TRACE] [lucky/lucky]: Sending event FMLServerAboutToStartEvent to mod lucky
[21:14:00] [Server thread/TRACE] [lucky/lucky]: Sent event FMLServerAboutToStartEvent to mod lucky
[21:14:00] [Server thread/DEBUG] [FML/]: Bar Step: ServerAboutToStart - Lucky Block took 0,000s
[21:14:00] [Server thread/TRACE] [MoreFurnaces/MoreFurnaces]: Sending event FMLServerAboutToStartEvent to mod MoreFurnaces
[21:14:00] [Server thread/TRACE] [MoreFurnaces/MoreFurnaces]: Sent event FMLServerAboutToStartEvent to mod MoreFurnaces
[21:14:00] [Server thread/DEBUG] [FML/]: Bar Step: ServerAboutToStart - More Furnaces took 0,000s
[21:14:00] [Server thread/TRACE] [OreSpawn/OreSpawn]: Sending event FMLServerAboutToStartEvent to mod OreSpawn
[21:14:00] [Server thread/TRACE] [OreSpawn/OreSpawn]: Sent event FMLServerAboutToStartEvent to mod OreSpawn
[21:14:00] [Server thread/DEBUG] [FML/]: Bar Step: ServerAboutToStart - OreSpawn took 0,000s
[21:14:00] [Server thread/TRACE] [PortalGun/PortalGun]: Sending event FMLServerAboutToStartEvent to mod PortalGun
[21:14:00] [Server thread/TRACE] [PortalGun/PortalGun]: Sent event FMLServerAboutToStartEvent to mod PortalGun
[21:14:00] [Server thread/DEBUG] [FML/]: Bar Step: ServerAboutToStart - PortalGun took 0,000s
[21:14:00] [Server thread/TRACE] [denseores/denseores]: Sending event FMLServerAboutToStartEvent to mod denseores
[21:14:00] [Server thread/TRACE] [denseores/denseores]: Sent event FMLServerAboutToStartEvent to mod denseores
[21:14:00] [Server thread/DEBUG] [FML/]: Bar Step: ServerAboutToStart - Dense Ores took 0,000s
[21:14:00] [Server thread/DEBUG] [FML/]: Bar Finished: ServerAboutToStart took 0,046s
[21:14:00] [Server thread/INFO] [FML/]: Injecting existing block and item data into this server instance
[21:14:00] [Server thread/DEBUG] [FML/]: Registry consistency check successful
[21:14:00] [Server thread/DEBUG] [FML/]: Fixed item id mismatch OreSpawn:OreSpawn_GreyFish: 4355 (init) -> 4356 (map).
[21:14:00] [Server thread/DEBUG] [FML/]: Fixed item id mismatch OreSpawn:OreSpawn_CagedTriffid: 4554 (init) -> 4555 (map).
[21:14:00] [Server thread/DEBUG] [FML/]: Fixed item id mismatch OreSpawn:OreSpawn_CagedPointysaurus: 4593 (init) -> 4594 (map).
[21:14:00] [Server thread/DEBUG] [FML/]: Fixed item id mismatch ironbackpacks:filterAdvancedUpgrade: 4196 (init) -> 4197 (map).
[21:14:00] [Server thread/DEBUG] [FML/]: Fixed item id mismatch ironbackpacks:quickDepositPreciseUpgrade: 4195 (init) -> 4196 (map).
[21:14:00] [Server thread/DEBUG] [FML/]: Fixed item id mismatch OreSpawn:OreSpawn_MothScaleLegs: 4627 (init) -> 4628 (map).
[21:14:00] [Server thread/DEBUG] [FML/]: Fixed item id mismatch OreSpawn:OreSpawn_CagedRotator: 4570 (init) -> 4571 (map).
[21:14:00] [Server thread/DEBUG] [FML/]: Fixed item id mismatch ironbackpacks:nestingUpgrade: 4182 (init) -> 4183 (map).
[21:14:00] [Server thread/DEBUG] [FML/]: Fixed item id mismatch OreSpawn:OreSpawn_CrystalPinkShovel: 4254 (init) -> 4255 (map).
[21:14:00] [Server thread/DEBUG] [FML/]: Fixed item id mismatch OreSpawn:OreSpawn_GameController: 4281 (init) -> 4282 (map).
[21:14:00] [Server thread/DEBUG] [FML/]: Fixed item id mismatch OreSpawn:OreSpawn_MothScale: 4288 (init) -> 4289 (map).
[21:14:00] [Server thread/DEBUG] [FML/]: Fixed item id mismatch ironbackpacks:keepOnDeathUpgrade: 4189 (init) -> 4190 (map).
[21:14:00] [Server thread/DEBUG] [FML/]: Fixed item id mismatch InventoryPets:petGrave: 4131 (init) -> 4132 (map).
[21:14:00] [Server thread/DEBUG] [FML/]: Fixed item id mismatch OreSpawn:OreSpawn_MolenoidEgg: 4464 (init) -> 4465 (map).
[21:14:00] [Server thread/DEBUG] [FML/]: Fixed item id mismatch OreSpawn:OreSpawn_FireflyEgg: 4456 (init) -> 4457 (map).
[21:14:00] [Server thread/DEBUG] [FML/]: Fixed item id mismatch OreSpawn:OreSpawn_WaterDragonScale: 4293 (init) -> 4294 (map).
[21:14:00] [Server thread/DEBUG] [FML/]: Fixed item id mismatch InventoryPets:emeraldNugget: 4150 (init) -> 4151 (map).
[21:14:00] [Server thread/DEBUG] [FML/]: Fixed item id mismatch OreSpawn:OreSpawn_TigersEyeLegs: 4667 (init) -> 4668 (map).
[21:14:00] [Server thread/DEBUG] [FML/]: Fixed item id mismatch OreSpawn:OreSpawn_ThunderStaff: 4341 (init) -> 4342 (map).
[21:14:00] [Server thread/DEBUG] [FML/]: Fixed item id mismatch OreSpawn:OreSpawn_SpyroEgg: 4394 (init) -> 4395 (map).
[21:14:00] [Server thread/DEBUG] [FML/]: Fixed item id mismatch OreSpawn:OreSpawn_CloudSharkEgg: 4424 (init) -> 4425 (map).
[21:14:00] [Server thread/DEBUG] [FML/]: Fixed item id mismatch OreSpawn:OreSpawn_FairySword: 4240 (init) -> 4241 (map).
[21:14:00] [Server thread/DEBUG] [FML/]: Fixed item id mismatch OreSpawn:OreSpawn_EnderKnightEgg: 4428 (init) -> 4429 (map).
[21:14:00] [Server thread/DEBUG] [FML/]: Fixed item id mismatch OreSpawn:OreSpawn_RandomDungeon: 4615 (init) -> 4616 (map).
[21:14:00] [Server thread/DEBUG] [FML/]: Fixed item id mismatch OreSpawn:OreSpawn_CrystalTNTRock: 4316 (init) -> 4317 (map).
[21:14:00] [Server thread/DEBUG] [FML/]: Fixed item id mismatch OreSpawn:OreSpawn_PurpleRock: 4319 (init) -> 4320 (map).
[21:14:00] [Server thread/DEBUG] [FML/]: Fixed item id mismatch OreSpawn:OreSpawn_Love: 4600 (init) -> 4601 (map).
[21:14:00] [Server thread/DEBUG] [FML/]: Fixed item id mismatch OreSpawn:OreSpawn_SeaMonsterEgg: 4465 (init) -> 4466 (map).
[21:14:00] [Server thread/DEBUG] [FML/]: Fixed item id mismatch OreSpawn:OreSpawn_EmeraldLegs: 4637 (init) -> 4638 (map).
[21:14:00] [Server thread/DEBUG] [FML/]: Fixed item id mismatch OreSpawn:OreSpawn_EmperorScorpionEgg: 4391 (init) -> 4392 (map).
[21:14:00] [Server thread/DEBUG] [FML/]: Fixed item id mismatch OreSpawn:OreSpawn_FireflySeed: 4613 (init) -> 4614 (map).
[21:14:00] [Server thread/DEBUG] [FML/]: Fixed item id mismatch OreSpawn:OreSpawn_LurkingTerrorEgg: 4418 (init) -> 4419 (map).
[21:14:00] [Server thread/DEBUG] [FML/]: Fixed item id mismatch OreSpawn:OreSpawn_SpitBugEgg: 4408 (init) -> 4409 (map).
[21:14:00] [Server thread/DEBUG] [FML/]: Fixed item id mismatch OreSpawn:OreSpawn_CagedCriminal: 4590 (init) -> 4591 (map).
[21:14:00] [Server thread/DEBUG] [FML/]: Fixed item id mismatch OreSpawn:OreSpawn_EnderDragonEgg: 4370 (init) -> 4371 (map).
[21:14:00] [Server thread/DEBUG] [FML/]: Fixed item id mismatch OreSpawn:OreSpawn_CagedRedCow: 4513 (init) -> 4514 (map).
[21:14:00] [Server thread/DEBUG] [FML/]: Fixed item id mismatch OreSpawn:OreSpawn_ThePrinceEgg: 4378 (init) -> 4379 (map).
[21:14:00] [Server thread/DEBUG] [FML/]: Fixed item id mismatch OreSpawn:OreSpawn_LavaEelBoots: 4624 (init) -> 4625 (map).
[21:14:00] [Server thread/DEBUG] [FML/]: Fixed item id mismatch OreSpawn:OreSpawn_RubyLegs: 4648 (init) -> 4649 (map).
[21:14:00] [Server thread/DEBUG] [FML/]: Fixed item id mismatch OreSpawn:OreSpawn_VortexEye: 4368 (init) -> 4369 (map).
[21:14:00] [Server thread/DEBUG] [FML/]: Fixed item id mismatch PortalGun:RecordStillAlive: 4699 (init) -> 4700 (map).
[21:14:00] [Server thread/DEBUG] [FML/]: Fixed item id mismatch OreSpawn:OreSpawn_WaterDragonEgg: 4401 (init) -> 4402 (map).
[21:14:00] [Server thread/DEBUG] [FML/]: Fixed item id mismatch IronChest:goldDiamondUpgrade: 4206 (init) -> 4207 (map).
[21:14:00] [Server thread/DEBUG] [FML/]: Fixed item id mismatch OreSpawn:OreSpawn_TshirtEgg: 4427 (init) -> 4428 (map).
[21:14:00] [Server thread/DEBUG] [FML/]: Fixed item id mismatch InventoryPets:petDubstep: 4146 (init) -> 4147 (map).
[21:14:00] [Server thread/DEBUG] [FML/]: Fixed item id mismatch OreSpawn:OreSpawn_ExperienceLegs: 4644 (init) -> 4645 (map).
[21:14:00] [Server thread/DEBUG] [FML/]: Fixed item id mismatch InventoryPets:enderNugget: 4154 (init) -> 4155 (map).
[21:14:00] [Server thread/DEBUG] [FML/]: Fixed item id mismatch OreSpawn:OreSpawn_SunFish: 4286 (init) -> 4287 (map).
[21:14:00] [Server thread/DEBUG] [FML/]: Fixed item id mismatch OreSpawn:OreSpawn_JumpyBugScale: 4295 (init) -> 4296 (map).
[21:14:00] [Server thread/DEBUG] [FML/]: Fixed item id mismatch OreSpawn:OreSpawn_CagedCephadrome: 4538 (init) -> 4539 (map).
[21:14:00] [Server thread/DEBUG] [FML/]: Fixed item id mismatch OreSpawn:OreSpawn_CreeperLauncher: 4302 (init) -> 4303 (map).
[21:14:00] [Server thread/DEBUG] [FML/]: Fixed item id mismatch OreSpawn:OreSpawn_RubyPickaxe: 4268 (init) -> 4269 (map).
[21:14:00] [Server thread/DEBUG] [FML/]: Fixed item id mismatch OreSpawn:OreSpawn_Salad: 4356 (init) -> 4357 (map).
[21:14:00] [Server thread/DEBUG] [FML/]: Fixed item id mismatch OreSpawn:OreSpawn_QueenBoots: 4688 (init) -> 4689 (map).
[21:14:00] [Server thread/DEBUG] [FML/]: Fixed item id mismatch IronChest:woodIronUpgrade: 4211 (init) -> 4212 (map).
[21:14:00] [Server thread/DEBUG] [FML/]: Fixed item id mismatch OreSpawn:OreSpawn_CockateilEgg: 4397 (init) -> 4398 (map).
[21:14:00] [Server thread/DEBUG] [FML/]: Fixed item id mismatch InventoryPets:itemGift: 4158 (init) -> 4159 (map).
[21:14:00] [Server thread/DEBUG] [FML/]: Fixed item id mismatch OreSpawn:OreSpawn_LavaEelLegs: 4623 (init) -> 4624 (map).
[21:14:00] [Server thread/DEBUG] [FML/]: Fixed item id mismatch InventoryPets:petBlackHole: 4142 (init) -> 4143 (map).
[21:14:00] [Server thread/DEBUG] [FML/]: Fixed item id mismatch OreSpawn:OreSpawn_CrystalStoneSword: 4262 (init) -> 4263 (map).
[21:14:00] [Server thread/DEBUG] [FML/]: Fixed item id mismatch OreSpawn:OreSpawn_LapisBody: 4682 (init) -> 4683 (map).
[21:14:00] [Server thread/DEBUG] [FML/]: Fixed item id mismatch OreSpawn:OreSpawn_MolenoidNose: 4362 (init) -> 4363 (map).
[21:14:00] [Server thread/DEBUG] [FML/]: Fixed item id mismatch OreSpawn:OreSpawn_CagedSeaViper: 4586 (init) -> 4587 (map).
[21:14:00] [Server thread/DEBUG] [FML/]: Fixed item id mismatch OreSpawn:OreSpawn_ButterCandy: 4347 (init) -> 4348 (map).
[21:14:00] [Server thread/DEBUG] [FML/]: Fixed item id mismatch OreSpawn:OreSpawn_CagedMantis: 4580 (init) -> 4581 (map).
[21:14:00] [Server thread/DEBUG] [FML/]: Fixed item id mismatch OreSpawn:OreSpawn_Rice: 4604 (init) -> 4605 (map).
[21:14:00] [Server thread/DEBUG] [FML/]: Fixed item id mismatch OreSpawn:OreSpawn_CagedBeaver: 4566 (init) -> 4567 (map).
[21:14:00] [Server thread/DEBUG] [FML/]: Fixed item id mismatch OreSpawn:OreSpawn_CagedCaveFisher: 4528 (init) -> 4529 (map).
[21:14:00] [Server thread/DEBUG] [FML/]: Fixed item id mismatch OreSpawn:OreSpawn_TigersEyeIngot: 4220 (init) -> 4221 (map).
[21:14:00] [Server thread/DEBUG] [FML/]: Fixed item id mismatch OreSpawn:OreSpawn_BasilEgg: 4389 (init) -> 4390 (map).
[21:14:00] [Server thread/DEBUG] [FML/]: Fixed item id mismatch OreSpawn:OreSpawn_PeacockEgg: 4434 (init) -> 4435 (map).
[21:14:00] [Server thread/DEBUG] [FML/]: Fixed item id mismatch OreSpawn:OreSpawn_GammaMetroidEgg: 4396 (init) -> 4397 (map).
[21:14:00] [Server thread/DEBUG] [FML/]: Fixed item id mismatch OreSpawn:OreSpawn_NightmareSword: 4223 (init) -> 4224 (map).
[21:14:00] [Server thread/DEBUG] [FML/]: Fixed item id mismatch OreSpawn:OreSpawn_ButteredSaltedPopcorn: 4331 (init) -> 4332 (map).
[21:14:00] [Server thread/DEBUG] [FML/]: Fixed item id mismatch OreSpawn:OreSpawn_EmeraldPickaxe: 4243 (init) -> 4244 (map).
[21:14:00] [Server thread/DEBUG] [FML/]: Fixed item id mismatch OreSpawn:OreSpawn_CrystalStoneAxe: 4266 (init) -> 4267 (map).
[21:14:00] [Server thread/DEBUG] [FML/]: Fixed item id mismatch OreSpawn:OreSpawn_BeeEgg: 4406 (init) -> 4407 (map).
[21:14:00] [Server thread/DEBUG] [FML/]: Fixed item id mismatch OreSpawn:OreSpawn_CagedFlounder: 4568 (init) -> 4569 (map).
[21:14:00] [Server thread/DEBUG] [FML/]: Fixed item id mismatch OreSpawn:OreSpawn_Acid: 4322 (init) -> 4323 (map).
[21:14:00] [Server thread/DEBUG] [FML/]: Fixed item id mismatch OreSpawn:OreSpawn_PizzaItem: 4216 (init) -> 4217 (map).
[21:14:00] [Server thread/DEBUG] [FML/]: Fixed item id mismatch InventoryPets:candyCane: 4157 (init) -> 4158 (map).
[21:14:00] [Server thread/DEBUG] [FML/]: Fixed item id mismatch OreSpawn:OreSpawn_CagedSpyro: 4529 (init) -> 4530 (map).
[21:14:00] [Server thread/DEBUG] [FML/]: Fixed item id mismatch PortalGun:AerialFaithPlate: 4703 (init) -> 4704 (map).
[21:14:00] [Server thread/DEBUG] [FML/]: Fixed item id mismatch OreSpawn:OreSpawn_LizardEgg: 4404 (init) -> 4405 (map).
[21:14:00] [Server thread/DEBUG] [FML/]: Fixed item id mismatch PortalGun:PortalGunOrange: 4690 (init) -> 4691 (map).
[21:14:00] [Server thread/DEBUG] [FML/]: Fixed item id mismatch InventoryPets:solstice_sword: 4163 (init) -> 4164 (map).
[21:14:00] [Server thread/DEBUG] [FML/]: Fixed item id mismatch OreSpawn:OreSpawn_VeloEgg: 4387 (init) -> 4388 (map).
[21:14:00] [Server thread/DEBUG] [FML/]: Fixed item id mismatch OreSpawn:OreSpawn_CrabMeat: 4346 (init) -> 4347 (map).
[21:14:00] [Server thread/DEBUG] [FML/]: Fixed item id mismatch OreSpawn:OreSpawn_CagedGirlfriend: 4506 (init) -> 4507 (map).
[21:14:00] [Server thread/DEBUG] [FML/]: Fixed item id mismatch OreSpawn:OreSpawn_Robot4Egg: 4445 (init) -> 4446 (map).
[21:14:00] [Server thread/DEBUG] [FML/]: Fixed item id mismatch OreSpawn:OreSpawn_SpiderRobotKit: 4299 (init) -> 4300 (map).
[21:14:00] [Server thread/DEBUG] [FML/]: Fixed item id mismatch OreSpawn:OreSpawn_RockFish: 4353 (init) -> 4354 (map).
[21:14:00] [Server thread/DEBUG] [FML/]: Fixed item id mismatch OreSpawn:OreSpawn_MantisClaw: 4241 (init) -> 4242 (map).
[21:14:00] [Server thread/DEBUG] [FML/]: Fixed item id mismatch OreSpawn:OreSpawn_Amethyst: 4340 (init) -> 4341 (map).
[21:14:00] [Server thread/DEBUG] [FML/]: Fixed item id mismatch OreSpawn:OreSpawn_GirlfriendEgg: 4374 (init) -> 4375 (map).
[21:14:00] [Server thread/DEBUG] [FML/]: Fixed item id mismatch OreSpawn:OreSpawn_CagedEnchantedCow: 4517 (init) -> 4518 (map).
[21:14:00] [Server thread/DEBUG] [FML/]: Fixed item id mismatch OreSpawn:OreSpawn_HammerheadEgg: 4469 (init) -> 4470 (map).
[21:14:00] [Server thread/DEBUG] [FML/]: Fixed item id mismatch OreSpawn:OreSpawn_CagedEnderKnight: 4564 (init) -> 4565 (map).
[21:14:00] [Server thread/DEBUG] [FML/]: Fixed item id mismatch ironbackpacks:goldBackpack: 4179 (init) -> 4180 (map).
[21:14:00] [Server thread/DEBUG] [FML/]: Fixed item id mismatch OreSpawn:OreSpawn_MobzillaLegs: 4675 (init) -> 4676 (map).
[21:14:00] [Server thread/DEBUG] [FML/]: Fixed item id mismatch OreSpawn:OreSpawn_CagedSmallWorm: 4557 (init) -> 4558 (map).
[21:14:00] [Server thread/DEBUG] [FML/]: Fixed item id mismatch OreSpawn:OreSpawn_TigersEyeBoots: 4668 (init) -> 4669 (map).
[21:14:00] [Server thread/DEBUG] [FML/]: Fixed item id mismatch ironbackpacks:buttonUpgrade: 4181 (init) -> 4182 (map).
[21:14:00] [Server thread/DEBUG] [FML/]: Fixed item id mismatch IronChest:ironSteelUpgrade: 4215 (init) -> 4216 (map).
[21:14:00] [Server thread/DEBUG] [FML/]: Fixed item id mismatch OreSpawn:OreSpawn_TigersEyePickaxe: 4258 (init) -> 4259 (map).
[21:14:00] [Server thread/DEBUG] [FML/]: Fixed item id mismatch OreSpawn:OreSpawn_QueenBody: 4686 (init) -> 4687 (map).
[21:14:00] [Server thread/DEBUG] [FML/]: Fixed item id mismatch OreSpawn:OreSpawn_ZooCage10: 4658 (init) -> 4659 (map).
[21:14:00] [Server thread/DEBUG] [FML/]: Fixed item id mismatch PortalGun:RecordRadioLoop: 4700 (init) -> 4701 (map).
[21:14:00] [Server thread/DEBUG] [FML/]: Fixed item id mismatch InventoryPets:petCloud: 4140 (init) -> 4141 (map).
[21:14:00] [Server thread/DEBUG] [FML/]: Fixed item id mismatch OreSpawn:OreSpawn_TheQueenEgg: 4377 (init) -> 4378 (map).
[21:14:00] [Server thread/DEBUG] [FML/]: Fixed item id mismatch ironbackpacks:basicBackpack: 4177 (init) -> 4178 (map).
[21:14:00] [Server thread/DEBUG] [FML/]: Fixed item id mismatch OreSpawn:OreSpawn_GreenRock: 4317 (init) -> 4318 (map).
[21:14:00] [Server thread/DEBUG] [FML/]: Fixed item id mismatch ironbackpacks:upgradeCore: 4202 (init) -> 4203 (map).
[21:14:00] [Server thread/DEBUG] [FML/]: Fixed item id mismatch OreSpawn:OreSpawn_CagedCow: 4486 (init) -> 4487 (map).
[21:14:00] [Server thread/DEBUG] [FML/]: Fixed item id mismatch IronChest:steelGoldUpgrade: 4208 (init) -> 4209 (map).
[21:14:00] [Server thread/DEBUG] [FML/]: Fixed item id mismatch OreSpawn:OreSpawn_CagedStinky: 4581 (init) -> 4582 (map).
[21:14:00] [Server thread/DEBUG] [FML/]: Fixed item id mismatch OreSpawn:OreSpawn_SmallRock: 4310 (init) -> 4311 (map).
[21:14:00] [Server thread/DEBUG] [FML/]: Fixed item id mismatch OreSpawn:OreSpawn_PoisonSword: 4238 (init) -> 4239 (map).
[21:14:00] [Server thread/DEBUG] [FML/]: Fixed item id mismatch OreSpawn:OreSpawn_BasiliskScale: 4292 (init) -> 4293 (map).
[21:14:00] [Server thread/DEBUG] [FML/]: Fixed item id mismatch InventoryPets:coalNugget: 4152 (init) -> 4153 (map).
[21:14:00] [Server thread/DEBUG] [FML/]: Fixed item id mismatch PortalGun:PortalTurret: 4702 (init) -> 4703 (map).
[21:14:00] [Server thread/DEBUG] [FML/]: Fixed item id mismatch OreSpawn:OreSpawn_CrystalWoodShovel: 4249 (init) -> 4250 (map).
[21:14:00] [Server thread/DEBUG] [FML/]: Fixed item id mismatch OreSpawn:OreSpawn_CagedHorse: 4543 (init) -> 4544 (map).
[21:14:00] [Server thread/DEBUG] [FML/]: Fixed item id mismatch PortalGun:LongFallBoots: 4697 (init) -> 4698 (map).
[21:14:00] [Server thread/DEBUG] [FML/]: Fixed item id mismatch OreSpawn:OreSpawn_AmethystBody: 4651 (init) -> 4652 (map).
[21:14:00] [Server thread/DEBUG] [FML/]: Fixed item id mismatch OreSpawn:OreSpawn_CornCob: 4605 (init) -> 4606 (map).
[21:14:00] [Server thread/DEBUG] [FML/]: Fixed item id mismatch OreSpawn:OreSpawn_CagedLeon: 4587 (init) -> 4588 (map).
[21:14:00] [Server thread/DEBUG] [FML/]: Fixed item id mismatch OreSpawn:OreSpawn_DuctTapeItem: 4217 (init) -> 4218 (map).
[21:14:00] [Server thread/DEBUG] [FML/]: Fixed item id mismatch OreSpawn:OreSpawn_CagedWitherBoss: 4512 (init) -> 4513 (map).
[21:14:00] [Server thread/DEBUG] [FML/]: Fixed item id mismatch ironbackpacks:diamondBackpack: 4180 (init) -> 4181 (map).
[21:14:00] [Server thread/DEBUG] [FML/]: Fixed item id mismatch OreSpawn:OreSpawn_LeonEgg: 4470 (init) -> 4471 (map).
[21:14:00] [Server thread/DEBUG] [FML/]: Fixed item id mismatch OreSpawn:OreSpawn_CagedSlime: 4493 (init) -> 4494 (map).
[21:14:00] [Server thread/DEBUG] [FML/]: Fixed item id mismatch OreSpawn:OreSpawn_UltimateBody: 4618 (init) -> 4619 (map).
[21:14:00] [Server thread/DEBUG] [FML/]: Fixed item id mismatch OreSpawn:OreSpawn_CriminalEgg: 4471 (init) -> 4472 (map).
[21:14:00] [Server thread/DEBUG] [FML/]: Fixed item id mismatch OreSpawn:OreSpawn_RatSword: 4239 (init) -> 4240 (map).
[21:14:00] [Server thread/DEBUG] [FML/]: Fixed item id mismatch ironbackpacks:damageBarUpgrade: 4183 (init) -> 4184 (map).
[21:14:00] [Server thread/DEBUG] [FML/]: Fixed item id mismatch OreSpawn:OreSpawn_TriffidEgg: 4416 (init) -> 4417 (map).
[21:14:00] [Server thread/DEBUG] [FML/]: Fixed item id mismatch OreSpawn:OreSpawn_RubyHelmet: 4646 (init) -> 4647 (map).
[21:14:00] [Server thread/DEBUG] [FML/]: Fixed item id mismatch OreSpawn:OreSpawn_CrystalBlueRock: 4315 (init) -> 4316 (map).
[21:14:00] [Server thread/DEBUG] [FML/]: Fixed item id mismatch OreSpawn:OreSpawn_CagedZombie: 4492 (init) -> 4493 (map).
[21:14:00] [Server thread/DEBUG] [FML/]: Fixed item id mismatch OreSpawn:OreSpawn_MobzillaBoots: 4676 (init) -> 4677 (map).
[21:14:00] [Server thread/DEBUG] [FML/]: Fixed item id mismatch OreSpawn:OreSpawn_StinkBugEgg: 4409 (init) -> 4410 (map).
[21:14:00] [Server thread/DEBUG] [FML/]: Fixed item id mismatch OreSpawn:OreSpawn_IngotUranium: 4218 (init) -> 4219 (map).
[21:14:00] [Server thread/DEBUG] [FML/]: Fixed item id mismatch OreSpawn:OreSpawn_RubyHoe: 4270 (init) -> 4271 (map).
[21:14:00] [Server thread/DEBUG] [FML/]: Fixed item id mismatch OreSpawn:OreSpawn_ExperienceBoots: 4645 (init) -> 4646 (map).
[21:14:00] [Server thread/DEBUG] [FML/]: Fixed item id mismatch OreSpawn:OreSpawn_WitherBossEgg: 4373 (init) -> 4374 (map).
[21:14:00] [Server thread/DEBUG] [FML/]: Fixed item id mismatch OreSpawn:OreSpawn_CagedFairy: 4572 (init) -> 4573 (map).
[21:14:00] [Server thread/DEBUG] [FML/]: Fixed item id mismatch OreSpawn:OreSpawn_SeaMonsterScale: 4363 (init) -> 4364 (map).
[21:14:00] [Server thread/DEBUG] [FML/]: Fixed item id mismatch OreSpawn:OreSpawn_CryoEgg: 4385 (init) -> 4386 (map).
[21:14:00] [Server thread/DEBUG] [FML/]: Fixed item id mismatch OreSpawn:OreSpawn_LavaEel: 4287 (init) -> 4288 (map).
[21:14:00] [Server thread/DEBUG] [FML/]: Fixed item id mismatch InventoryPets:christmasTreePet: 4164 (init) -> 4165 (map).
[21:14:00] [Server thread/DEBUG] [FML/]: Fixed item id mismatch OreSpawn:OreSpawn_CagedLargeWorm: 4559 (init) -> 4560 (map).
[21:14:00] [Server thread/DEBUG] [FML/]: Fixed item id mismatch InventoryPets:petShield: 4143 (init) -> 4144 (map).
[21:14:00] [Server thread/DEBUG] [FML/]: Fixed item id mismatch OreSpawn:OreSpawn_CagedEnderDragon: 4509 (init) -> 4510 (map).
[21:14:00] [Server thread/DEBUG] [FML/]: Fixed item id mismatch OreSpawn:OreSpawn_CrystalPinkBoots: 4664 (init) -> 4665 (map).
[21:14:00] [Server thread/DEBUG] [FML/]: Fixed item id mismatch OreSpawn:OreSpawn_CaterKillerJaw: 4366 (init) -> 4367 (map).
[21:14:00] [Server thread/DEBUG] [FML/]: Fixed item id mismatch OreSpawn:OreSpawn_FlounderEgg: 4437 (init) -> 4438 (map).
[21:14:00] [Server thread/DEBUG] [FML/]: Fixed item id mismatch OreSpawn:OreSpawn_MagicApple: 4614 (init) -> 4615 (map).
[21:14:00] [Server thread/DEBUG] [FML/]: Fixed item id mismatch OreSpawn:OreSpawn_LavaEelHelmet: 4621 (init) -> 4622 (map).
[21:14:00] [Server thread/DEBUG] [FML/]: Fixed item id mismatch ironbackpacks:depthUpgrade: 4198 (init) -> 4199 (map).
[21:14:00] [Server thread/DEBUG] [FML/]: Fixed item id mismatch OreSpawn:OreSpawn_MosquitoSeed: 4612 (init) -> 4613 (map).
[21:14:00] [Server thread/DEBUG] [FML/]: Fixed item id mismatch OreSpawn:OreSpawn_MediumWormEgg: 4421 (init) -> 4422 (map).
[21:14:00] [Server thread/DEBUG] [FML/]: Fixed item id mismatch OreSpawn:OreSpawn_CrystalWoodAxe: 4251 (init) -> 4252 (map).
[21:14:00] [Server thread/DEBUG] [FML/]: Fixed item id mismatch OreSpawn:OreSpawn_ZooCage8: 4657 (init) -> 4658 (map).
[21:14:00] [Server thread/DEBUG] [FML/]: Fixed item id mismatch OreSpawn:OreSpawn_ZooCage6: 4656 (init) -> 4657 (map).
[21:14:00] [Server thread/DEBUG] [FML/]: Fixed item id mismatch OreSpawn:OreSpawn_ZooCage4: 4655 (init) -> 4656 (map).
[21:14:00] [Server thread/DEBUG] [FML/]: Fixed item id mismatch OreSpawn:OreSpawn_ZooCage2: 4654 (init) -> 4655 (map).
[21:14:00] [Server thread/DEBUG] [FML/]: Fixed item id mismatch OreSpawn:OreSpawn_Chainsaw: 4230 (init) -> 4231 (map).
[21:14:00] [Server thread/DEBUG] [FML/]: Fixed item id mismatch OreSpawn:OreSpawn_CrystalCowEgg: 4380 (init) -> 4381 (map).
[21:14:00] [Server thread/DEBUG] [FML/]: Fixed item id mismatch OreSpawn:OreSpawn_RedRock: 4312 (init) -> 4313 (map).
[21:14:00] [Server thread/DEBUG] [FML/]: Fixed item id mismatch ironbackpacks:filterFuzzyUpgrade: 4192 (init) -> 4193 (map).
[21:14:00] [Server thread/DEBUG] [FML/]: Fixed item id mismatch OreSpawn:OreSpawn_EnderReaperEgg: 4429 (init) -> 4430 (map).
[21:14:00] [Server thread/DEBUG] [FML/]: Fixed item id mismatch OreSpawn:OreSpawn_KrakenTooth: 4296 (init) -> 4297 (map).
[21:14:00] [Server thread/DEBUG] [FML/]: Fixed item id mismatch OreSpawn:OreSpawn_CagedDragonfly: 4525 (init) -> 4526 (map).
[21:14:00] [Server thread/DEBUG] [FML/]: Fixed item id mismatch OreSpawn:OreSpawn_RawCrabMeat: 4345 (init) -> 4346 (map).
[21:14:00] [Server thread/DEBUG] [FML/]: Fixed item id mismatch OreSpawn:OreSpawn_AmethystHoe: 4275 (init) -> 4276 (map).
[21:14:00] [Server thread/DEBUG] [FML/]: Fixed item id mismatch OreSpawn:OreSpawn_CrystalPinkIngot: 4219 (init) -> 4220 (map).
[21:14:00] [Server thread/DEBUG] [FML/]: Fixed item id mismatch InventoryPets:petCustom: 4147 (init) -> 4148 (map).
[21:14:00] [Server thread/DEBUG] [FML/]: Fixed item id mismatch OreSpawn:OreSpawn_AmethystLegs: 4652 (init) -> 4653 (map).
[21:14:00] [Server thread/DEBUG] [FML/]: Fixed item id mismatch OreSpawn:OreSpawn_RawBacon: 4343 (init) -> 4344 (map).
[21:14:00] [Server thread/DEBUG] [FML/]: Fixed item id mismatch OreSpawn:OreSpawn_GoldCowEgg: 4381 (init) -> 4382 (map).
[21:14:00] [Server thread/DEBUG] [FML/]: Fixed item id mismatch OreSpawn:OreSpawn_CephadromeEgg: 4402 (init) -> 4403 (map).
[21:14:00] [Server thread/DEBUG] [FML/]: Fixed item id mismatch PortalGun:PortalGunBlue: 4689 (init) -> 4690 (map).
[21:14:00] [Server thread/DEBUG] [FML/]: Fixed item id mismatch ironbackpacks:quickDepositUpgrade: 4194 (init) -> 4195 (map).
[21:14:00] [Server thread/DEBUG] [FML/]: Fixed item id mismatch OreSpawn:OreSpawn_CrystalPinkBody: 4662 (init) -> 4663 (map).
[21:14:00] [Server thread/DEBUG] [FML/]: Fixed item id mismatch InventoryPets:petMoon: 4145 (init) -> 4146 (map).
[21:14:00] [Server thread/DEBUG] [FML/]: Fixed item id mismatch OreSpawn:OreSpawn_Quinoa: 4606 (init) -> 4607 (map).
[21:14:00] [Server thread/DEBUG] [FML/]: Fixed item id mismatch ironbackpacks:condenserSmallUpgrade: 4187 (init) -> 4188 (map).
[21:14:00] [Server thread/DEBUG] [FML/]: Fixed item id mismatch OreSpawn:OreSpawn_DragonEgg: 4405 (init) -> 4406 (map).
[21:14:00] [Server thread/DEBUG] [FML/]: Fixed item id mismatch OreSpawn:OreSpawn_CagedSheep: 4501 (init) -> 4502 (map).
[21:14:00] [Server thread/DEBUG] [FML/]: Fixed item id mismatch InventoryPets:menorahPet: 4165 (init) -> 4166 (map).
[21:14:00] [Server thread/INFO] [FML/]: Found a missing id from the world InventoryPets:petIlluminati
[21:14:00] [Server thread/DEBUG] [FML/]: Fixed item id mismatch InventoryPets:petSlime: 4139 (init) -> 4140 (map).
[21:14:00] [Server thread/DEBUG] [FML/]: Fixed item id mismatch OreSpawn:OreSpawn_CagedSkate: 4569 (init) -> 4570 (map).
[21:14:00] [Server thread/DEBUG] [FML/]: Fixed item id mismatch OreSpawn:OreSpawn_Wrench: 4342 (init) -> 4343 (map).
[21:14:00] [Server thread/DEBUG] [FML/]: Fixed item id mismatch OreSpawn:OreSpawn_PitchBlackEgg: 4417 (init) -> 4418 (map).
[21:14:00] [Server thread/DEBUG] [FML/]: Fixed item id mismatch OreSpawn:OreSpawn_OstrichEgg: 4410 (init) -> 4411 (map).
[21:14:00] [Server thread/DEBUG] [FML/]: Fixed item id mismatch OreSpawn:OreSpawn_Peacock: 4337 (init) -> 4338 (map).
[21:14:00] [Server thread/DEBUG] [FML/]: Fixed item id mismatch OreSpawn:OreSpawn_CagedWhale: 4576 (init) -> 4577 (map).
[21:14:00] [Server thread/DEBUG] [FML/]: Fixed item id mismatch PortalGun:RecordWantYouGone: 4701 (init) -> 4702 (map).
[21:14:00] [Server thread/DEBUG] [FML/]: Fixed item id mismatch OreSpawn:OreSpawn_AmethystBoots: 4653 (init) -> 4654 (map).
[21:14:00] [Server thread/DEBUG] [FML/]: Fixed item id mismatch OreSpawn:OreSpawn_CagedScorpion: 4527 (init) -> 4528 (map).
[21:14:00] [Server thread/DEBUG] [FML/]: Fixed item id mismatch OreSpawn:OreSpawn_RoyalBody: 4678 (init) -> 4679 (map).
[21:14:00] [Server thread/DEBUG] [FML/]: Fixed item id mismatch OreSpawn:OreSpawn_CassowaryEgg: 4423 (init) -> 4424 (map).
[21:14:00] [Server thread/DEBUG] [FML/]: Fixed item id mismatch OreSpawn:OreSpawn_CrystalSticks: 4304 (init) -> 4305 (map).
[21:14:00] [Server thread/DEBUG] [FML/]: Fixed item id mismatch InventoryPets:solstice_helmet: 4159 (init) -> 4160 (map).
[21:14:00] [Server thread/DEBUG] [FML/]: Fixed item id mismatch OreSpawn:OreSpawn_UraniumNugget: 4348 (init) -> 4349 (map).
[21:14:00] [Server thread/DEBUG] [FML/]: Fixed item id mismatch OreSpawn:OreSpawn_CagedWolf: 4502 (init) -> 4503 (map).
[21:14:00] [Server thread/DEBUG] [FML/]: Fixed item id mismatch OreSpawn:OreSpawn_CagedCassowary: 4560 (init) -> 4561 (map).
[21:14:00] [Server thread/DEBUG] [FML/]: Fixed item id mismatch InventoryPets:petApple: 4138 (init) -> 4139 (map).
[21:14:00] [Server thread/DEBUG] [FML/]: Fixed item id mismatch OreSpawn:OreSpawn_CrystalStoneShovel: 4264 (init) -> 4265 (map).
[21:14:00] [Server thread/DEBUG] [FML/]: Fixed item id mismatch OreSpawn:OreSpawn_TigersEyeHoe: 4260 (init) -> 4261 (map).
[21:14:00] [Server thread/DEBUG] [FML/]: Fixed item id mismatch InventoryPets:petAchieveItem1: 4171 (init) -> 4172 (map).
[21:14:00] [Server thread/DEBUG] [FML/]: Fixed item id mismatch OreSpawn:OreSpawn_Sifter: 4305 (init) -> 4306 (map).
[21:14:00] [Server thread/DEBUG] [FML/]: Fixed item id mismatch InventoryPets:petAchieveItem5: 4172 (init) -> 4173 (map).
[21:14:00] [Server thread/DEBUG] [FML/]: Fixed item id mismatch OreSpawn:OreSpawn_Boots: 4280 (init) -> 4281 (map).
[21:14:00] [Server thread/DEBUG] [FML/]: Fixed item id mismatch OreSpawn:OreSpawn_CagedCliffRacer: 4553 (init) -> 4554 (map).
[21:14:00] [Server thread/DEBUG] [FML/]: Fixed item id mismatch OreSpawn:OreSpawn_MinersDream: 4616 (init) -> 4617 (map).
[21:14:00] [Server thread/DEBUG] [FML/]: Fixed item id mismatch OreSpawn:OreSpawn_InstantShelter: 4659 (init) -> 4660 (map).
[21:14:00] [Server thread/DEBUG] [FML/]: Fixed item id mismatch OreSpawn:OreSpawn_DungeonBeastEgg: 4431 (init) -> 4432 (map).
[21:14:00] [Server thread/DEBUG] [FML/]: Fixed item id mismatch ironbackpacks:treatedLeather: 4204 (init) -> 4205 (map).
[21:14:00] [Server thread/DEBUG] [FML/]: Fixed item id mismatch InventoryPets:petAprilFool: 4168 (init) -> 4169 (map).
[21:14:00] [Server thread/DEBUG] [FML/]: Fixed item id mismatch OreSpawn:OreSpawn_MothScaleBoots: 4628 (init) -> 4629 (map).
[21:14:00] [Server thread/DEBUG] [FML/]: Fixed item id mismatch InventoryPets:petHeart: 4144 (init) -> 4145 (map).
[21:14:00] [Server thread/DEBUG] [FML/]: Fixed item id mismatch OreSpawn:OreSpawn_MothEgg: 4454 (init) -> 4455 (map).
[21:14:00] [Server thread/DEBUG] [FML/]: Fixed item id mismatch OreSpawn:OreSpawn_CaterKillerEgg: 4467 (init) -> 4468 (map).
[21:14:00] [Server thread/DEBUG] [FML/]: Fixed item id mismatch InventoryPets:holidayCookie: 4155 (init) -> 4156 (map).
[21:14:00] [Server thread/DEBUG] [FML/]: Fixed item id mismatch OreSpawn:OreSpawn_CagedSilverfish: 4498 (init) -> 4499 (map).
[21:14:00] [Server thread/DEBUG] [FML/]: Fixed item id mismatch OreSpawn:OreSpawn_LargeWormEgg: 4422 (init) -> 4423 (map).
[21:14:00] [Server thread/DEBUG] [FML/]: Fixed item id mismatch OreSpawn:OreSpawn_CagedNastysaurus: 4592 (init) -> 4593 (map).
[21:14:00] [Server thread/DEBUG] [FML/]: Fixed item id mismatch OreSpawn:OreSpawn_Robot5Egg: 4461 (init) -> 4462 (map).
[21:14:00] [Server thread/DEBUG] [FML/]: Fixed item id mismatch OreSpawn:OreSpawn_CagedEnderman: 4496 (init) -> 4497 (map).
[21:14:00] [Server thread/DEBUG] [FML/]: Fixed item id mismatch OreSpawn:OreSpawn_CherrySeed: 4630 (init) -> 4631 (map).
[21:14:00] [Server thread/DEBUG] [FML/]: Fixed item id mismatch OreSpawn:OreSpawn_RawCornDog: 4336 (init) -> 4337 (map).
[21:14:00] [Server thread/DEBUG] [FML/]: Fixed item id mismatch OreSpawn:OreSpawn_CrystalApple: 4599 (init) -> 4600 (map).
[21:14:00] [Server thread/DEBUG] [FML/]: Fixed item id mismatch OreSpawn:OreSpawn_SkateEgg: 4440 (init) -> 4441 (map).
[21:14:00] [Server thread/DEBUG] [FML/]: Fixed item id mismatch OreSpawn:OreSpawn_AntRobotEgg: 4479 (init) -> 4480 (map).
[21:14:00] [Server thread/DEBUG] [FML/]: Fixed item id mismatch IronChest:diamondObsidianUpgrade: 4213 (init) -> 4214 (map).
[21:14:00] [Server thread/DEBUG] [FML/]: Fixed item id mismatch OreSpawn:OreSpawn_TigersEyeSword: 4257 (init) -> 4258 (map).
[21:14:00] [Server thread/DEBUG] [FML/]: Fixed item id mismatch OreSpawn:OreSpawn_BeaverEgg: 4430 (init) -> 4431 (map).
[21:14:00] [Server thread/DEBUG] [FML/]: Fixed item id mismatch OreSpawn:OreSpawn_Strawberry: 4598 (init) -> 4599 (map).
[21:14:00] [Server thread/DEBUG] [FML/]: Fixed item id mismatch OreSpawn:OreSpawn_ExperienceHelmet: 4642 (init) -> 4643 (map).
[21:14:00] [Server thread/DEBUG] [FML/]: Fixed item id mismatch ironbackpacks:hopperUpgrade: 4185 (init) -> 4186 (map).
[21:14:00] [Server thread/DEBUG] [FML/]: Fixed item id mismatch OreSpawn:OreSpawn_GreenGoo: 4298 (init) -> 4299 (map).
[21:14:00] [Server thread/DEBUG] [FML/]: Fixed item id mismatch OreSpawn:OreSpawn_CrystalWoodPickaxe: 4248 (init) -> 4249 (map).
[21:14:00] [Server thread/DEBUG] [FML/]: Fixed item id mismatch OreSpawn:OreSpawn_CagedBrutalfly: 4591 (init) -> 4592 (map).
[21:14:00] [Server thread/DEBUG] [FML/]: Fixed item id mismatch ironbackpacks:filterMiningUpgrade: 4199 (init) -> 4200 (map).
[21:14:00] [Server thread/DEBUG] [FML/]: Fixed item id mismatch OreSpawn:OreSpawn_IngotTitanium: 4221 (init) -> 4222 (map).
[21:14:00] [Server thread/DEBUG] [FML/]: Fixed item id mismatch OreSpawn:OreSpawn_CagedMolenoid: 4584 (init) -> 4585 (map).
[21:14:00] [Server thread/DEBUG] [FML/]: Fixed item id mismatch ironbackpacks:filterModSpecificUpgrade: 4190 (init) -> 4191 (map).
[21:14:00] [Server thread/DEBUG] [FML/]: Fixed item id mismatch PortalGun:PortalGunSpawner: 4691 (init) -> 4692 (map).
[21:14:00] [Server thread/DEBUG] [FML/]: Fixed item id mismatch InventoryPets:petPufferfish: 4141 (init) -> 4142 (map).
[21:14:00] [Server thread/DEBUG] [FML/]: Fixed item id mismatch OreSpawn:OreSpawn_ExperienceSword: 4237 (init) -> 4238 (map).
[21:14:00] [Server thread/DEBUG] [FML/]: Fixed item id mismatch ironbackpacks:filterBasicUpgrade: 4184 (init) -> 4185 (map).
[21:14:00] [Server thread/DEBUG] [FML/]: Fixed item id mismatch OreSpawn:OreSpawn_CrystalRedRock: 4313 (init) -> 4314 (map).
[21:14:00] [Server thread/DEBUG] [FML/]: Fixed item id mismatch OreSpawn:OreSpawn_DeadStinkBug: 4640 (init) -> 4641 (map).
[21:14:00] [Server thread/DEBUG] [FML/]: Fixed item id mismatch OreSpawn:OreSpawn_Ruby: 4339 (init) -> 4340 (map).
[21:14:00] [Server thread/DEBUG] [FML/]: Fixed item id mismatch OreSpawn:OreSpawn_CagedBoyfriend: 4507 (init) -> 4508 (map).
[21:14:00] [Server thread/DEBUG] [FML/]: Fixed item id mismatch OreSpawn:OreSpawn_MantisEgg: 4459 (init) -> 4460 (map).
[21:14:00] [Server thread/DEBUG] [FML/]: Fixed item id mismatch OreSpawn:OreSpawn_Robot1Egg: 4442 (init) -> 4443 (map).
[21:14:00] [Server thread/DEBUG] [FML/]: Fixed item id mismatch OreSpawn:OreSpawn_CagedEnderReaper: 4565 (init) -> 4566 (map).
[21:14:00] [Server thread/DEBUG] [FML/]: Fixed item id mismatch OreSpawn:OreSpawn_FireFish: 4285 (init) -> 4286 (map).
[21:14:00] [Server thread/DEBUG] [FML/]: Fixed item id mismatch InventoryPets:ironNugget: 4151 (init) -> 4152 (map).
[21:14:00] [Server thread/DEBUG] [FML/]: Fixed item id mismatch OreSpawn:OreSpawn_ThePrincessEgg: 4476 (init) -> 4477 (map).
[21:14:00] [Server thread/DEBUG] [FML/]: Fixed item id mismatch OreSpawn:OreSpawn_GhostEgg: 4446 (init) -> 4447 (map).
[21:14:00] [Server thread/DEBUG] [FML/]: Fixed item id mismatch OreSpawn:OreSpawn_CreepingHorrorEgg: 4413 (init) -> 4414 (map).
[21:14:00] [Server thread/DEBUG] [FML/]: Fixed item id mismatch OreSpawn:OreSpawn_CagedBaryonyx: 4530 (init) -> 4531 (map).
[21:14:00] [Server thread/DEBUG] [FML/]: Fixed item id mismatch OreSpawn:OreSpawn_ButterflySeed: 4610 (init) -> 4611 (map).
[21:14:00] [Server thread/DEBUG] [FML/]: Fixed item id mismatch OreSpawn:OreSpawn_BLT: 4357 (init) -> 4358 (map).
[21:14:00] [Server thread/DEBUG] [FML/]: Fixed item id mismatch OreSpawn:OreSpawn_UltimateHoe: 4233 (init) -> 4234 (map).
[21:14:00] [Server thread/DEBUG] [FML/]: Fixed item id mismatch OreSpawn:OreSpawn_BrownAntEgg: 4448 (init) -> 4449 (map).
[21:14:00] [Server thread/DEBUG] [FML/]: Fixed item id mismatch OreSpawn:OreSpawn_LavaEelBody: 4622 (init) -> 4623 (map).
[21:14:00] [Server thread/DEBUG] [FML/]: Fixed item id mismatch OreSpawn:OreSpawn_RubyBody: 4647 (init) -> 4648 (map).
[21:14:00] [Server thread/DEBUG] [FML/]: Fixed item id mismatch OreSpawn:OreSpawn_CaveFisherEgg: 4393 (init) -> 4394 (map).
[21:14:00] [Server thread/DEBUG] [FML/]: Fixed item id mismatch OreSpawn:OreSpawn_PeachSeed: 4631 (init) -> 4632 (map).
[21:14:00] [Server thread/DEBUG] [FML/]: Fixed item id mismatch OreSpawn:OreSpawn_NightmareScale: 4290 (init) -> 4291 (map).
[21:14:00] [Server thread/DEBUG] [FML/]: Fixed item id mismatch OreSpawn:OreSpawn_Tomato: 4607 (init) -> 4608 (map).
[21:14:00] [Server thread/DEBUG] [FML/]: Fixed item id mismatch OreSpawn:OreSpawn_CrystalPinkHoe: 4255 (init) -> 4256 (map).
[21:14:00] [Server thread/DEBUG] [FML/]: Fixed item id mismatch OreSpawn:OreSpawn_CagedUrchin: 4567 (init) -> 4568 (map).
[21:14:00] [Server thread/DEBUG] [FML/]: Fixed item id mismatch OreSpawn:OreSpawn_PeacockFeatherLegs: 4672 (init) -> 4673 (map).
[21:14:00] [Server thread/DEBUG] [FML/]: Fixed item id mismatch OreSpawn:OreSpawn_CagedMediumWorm: 4558 (init) -> 4559 (map).
[21:14:00] [Server thread/DEBUG] [FML/]: Fixed item id mismatch OreSpawn:OreSpawn_EmeraldHelmet: 4635 (init) -> 4636 (map).
[21:14:00] [Server thread/DEBUG] [FML/]: Fixed item id mismatch OreSpawn:OreSpawn_UltimateFishingRod: 4284 (init) -> 4285 (map).
[21:14:00] [Server thread/DEBUG] [FML/]: Fixed item id mismatch PortalGun:PortalPotato: 4693 (init) -> 4694 (map).
[21:14:00] [Server thread/DEBUG] [FML/]: Fixed item id mismatch OreSpawn:OreSpawn_CrystalPinkSword: 4252 (init) -> 4253 (map).
[21:14:00] [Server thread/DEBUG] [FML/]: Fixed item id mismatch OreSpawn:OreSpawn_EmeraldAxe: 4246 (init) -> 4247 (map).
[21:14:00] [Server thread/DEBUG] [FML/]: Fixed item id mismatch OreSpawn:OreSpawn_CagedSnowGolem: 4510 (init) -> 4511 (map).
[21:14:00] [Server thread/DEBUG] [FML/]: Fixed item id mismatch OreSpawn:OreSpawn_ButteredPopcorn: 4330 (init) -> 4331 (map).
[21:14:00] [Server thread/DEBUG] [FML/]: Fixed item id mismatch OreSpawn:OreSpawn_BoyfriendEgg: 4375 (init) -> 4376 (map).
[21:14:00] [Server thread/DEBUG] [FML/]: Fixed item id mismatch OreSpawn:OreSpawn_CagedSpit: 4549 (init) -> 4550 (map).
[21:14:00] [Server thread/DEBUG] [FML/]: Fixed item id mismatch OreSpawn:OreSpawn_CrabEgg: 4482 (init) -> 4483 (map).
[21:14:00] [Server thread/DEBUG] [FML/]: Fixed item id mismatch ironbackpacks:nestingAdvancedUpgrade: 4197 (init) -> 4198 (map).
[21:14:00] [Server thread/DEBUG] [FML/]: Fixed item id mismatch OreSpawn:OreSpawn_TheKingEgg: 4376 (init) -> 4377 (map).
[21:14:00] [Server thread/DEBUG] [FML/]: Fixed item id mismatch OreSpawn:OreSpawn_CagedFirefly: 4544 (init) -> 4545 (map).
[21:14:00] [Server thread/DEBUG] [FML/]: Fixed item id mismatch OreSpawn:OreSpawn_CagedMooshroom: 4503 (init) -> 4504 (map).
[21:14:00] [Server thread/DEBUG] [FML/]: Fixed item id mismatch OreSpawn:OreSpawn_CagedGammaMetroid: 4531 (init) -> 4532 (map).
[21:14:00] [Server thread/DEBUG] [FML/]: Fixed item id mismatch OreSpawn:OreSpawn_RedHeels: 4277 (init) -> 4278 (map).
[21:14:00] [Server thread/DEBUG] [FML/]: Fixed item id mismatch OreSpawn:OreSpawn_DragonflyEgg: 4390 (init) -> 4391 (map).
[21:14:00] [Server thread/DEBUG] [FML/]: Fixed item id mismatch ironbackpacks:filterOreDictUpgrade: 4193 (init) -> 4194 (map).
[21:14:00] [Server thread/DEBUG] [FML/]: Fixed item id mismatch OreSpawn:OreSpawn_CagedPitchBlack: 4555 (init) -> 4556 (map).
[21:14:00] [Server thread/DEBUG] [FML/]: Fixed item id mismatch PortalGun:LongFallBoot: 4696 (init) -> 4697 (map).
[21:14:00] [Server thread/DEBUG] [FML/]: Fixed item id mismatch OreSpawn:OreSpawn_CagedBee: 4542 (init) -> 4543 (map).
[21:14:00] [Server thread/DEBUG] [FML/]: Fixed item id mismatch OreSpawn:OreSpawn_SeaViperEgg: 4466 (init) -> 4467 (map).
[21:14:00] [Server thread/DEBUG] [FML/]: Fixed item id mismatch OreSpawn:OreSpawn_PeacockFeather: 4294 (init) -> 4295 (map).
[21:14:00] [Server thread/DEBUG] [FML/]: Fixed item id mismatch OreSpawn:OreSpawn_TigersEyeHelmet: 4665 (init) -> 4666 (map).
[21:14:00] [Server thread/DEBUG] [FML/]: Fixed item id mismatch OreSpawn:OreSpawn_SpikeyRock: 4320 (init) -> 4321 (map).
[21:14:00] [Server thread/DEBUG] [FML/]: Fixed item id mismatch OreSpawn:OreSpawn_CrystalStoneHoe: 4265 (init) -> 4266 (map).
[21:14:00] [Server thread/DEBUG] [FML/]: Fixed item id mismatch OreSpawn:OreSpawn_CamaEgg: 4386 (init) -> 4387 (map).
[21:14:00] [Server thread/DEBUG] [FML/]: Fixed item id mismatch OreSpawn:OreSpawn_Rock: 4311 (init) -> 4312 (map).
[21:14:00] [Server thread/DEBUG] [FML/]: Fixed item id mismatch OreSpawn:OreSpawn_Elevator: 4535 (init) -> 4536 (map).
[21:14:00] [Server thread/DEBUG] [FML/]: Fixed item id mismatch OreSpawn:OreSpawn_CagedCockateil: 4532 (init) -> 4533 (map).
[21:14:00] [Server thread/DEBUG] [FML/]: Fixed item id mismatch OreSpawn:OreSpawn_CagedKraken: 4539 (init) -> 4540 (map).
[21:14:00] [Server thread/DEBUG] [FML/]: Fixed item id mismatch InventoryPets:solstice_tunic: 4160 (init) -> 4161 (map).
[21:14:00] [Server thread/DEBUG] [FML/]: Fixed item id mismatch OreSpawn:OreSpawn_CagedGoldFish: 4562 (init) -> 4563 (map).
[21:14:00] [Server thread/DEBUG] [FML/]: Fixed item id mismatch OreSpawn:OreSpawn_CagedHydro: 4523 (init) -> 4524 (map).
[21:14:00] [Server thread/DEBUG] [FML/]: Fixed item id mismatch ironbackpacks:ironBackpack: 4178 (init) -> 4179 (map).
[21:14:00] [Server thread/DEBUG] [FML/]: Fixed item id mismatch OreSpawn:OreSpawn_QueenLegs: 4687 (init) -> 4688 (map).
[21:14:00] [Server thread/DEBUG] [FML/]: Fixed item id mismatch OreSpawn:OreSpawn_Royal: 4227 (init) -> 4228 (map).
[21:14:00] [Server thread/DEBUG] [FML/]: Fixed item id mismatch OreSpawn:OreSpawn_InstantGarden: 4660 (init) -> 4661 (map).
[21:14:00] [Server thread/DEBUG] [FML/]: Fixed item id mismatch InventoryPets:petWolf: 4137 (init) -> 4138 (map).
[21:14:00] [Server thread/DEBUG] [FML/]: Fixed item id mismatch OreSpawn:OreSpawn_CagedSpider: 4484 (init) -> 4485 (map).
[21:14:00] [Server thread/DEBUG] [FML/]: Fixed item id mismatch InventoryPets:EasterEgg: 4169 (init) -> 4170 (map).
[21:14:00] [Server thread/DEBUG] [FML/]: Fixed item id mismatch OreSpawn:OreSpawn_UltimateShovel: 4232 (init) -> 4233 (map).
[21:14:00] [Server thread/DEBUG] [FML/]: Fixed item id mismatch OreSpawn:OreSpawn_ChipmunkEgg: 4412 (init) -> 4413 (map).
[21:14:00] [Server thread/DEBUG] [FML/]: Fixed item id mismatch OreSpawn:OreSpawn_CagedBlaze: 4505 (init) -> 4506 (map).
[21:14:00] [Server thread/DEBUG] [FML/]: Fixed item id mismatch OreSpawn:OreSpawn_Lettuce: 4608 (init) -> 4609 (map).
[21:14:00] [Server thread/DEBUG] [FML/]: Fixed item id mismatch OreSpawn:OreSpawn_CagedCreeper: 4490 (init) -> 4491 (map).
[21:14:00] [Server thread/DEBUG] [FML/]: Fixed item id mismatch OreSpawn:OreSpawn_PeacockFeatherBody: 4671 (init) -> 4672 (map).
[21:14:00] [Server thread/DEBUG] [FML/]: Fixed item id mismatch OreSpawn:OreSpawn_CagedEasterBunny: 4582 (init) -> 4583 (map).
[21:14:00] [Server thread/DEBUG] [FML/]: Fixed item id mismatch OreSpawn:OreSpawn_RoseSword: 4236 (init) -> 4237 (map).
[21:14:00] [Server thread/DEBUG] [FML/]: Fixed item id mismatch OreSpawn:OreSpawn_PopcornBag: 4332 (init) -> 4333 (map).
[21:14:00] [Server thread/DEBUG] [FML/]: Fixed item id mismatch OreSpawn:OreSpawn_Slippers: 4279 (init) -> 4280 (map).
[21:14:00] [Server thread/DEBUG] [FML/]: Fixed item id mismatch OreSpawn:OreSpawn_TigersEyeShovel: 4259 (init) -> 4260 (map).
[21:14:00] [Server thread/DEBUG] [FML/]: Fixed item id mismatch OreSpawn:OreSpawn_NastysaurusEgg: 4473 (init) -> 4474 (map).
[21:14:00] [Server thread/DEBUG] [FML/]: Fixed item id mismatch OreSpawn:OreSpawn_CagedStink: 4550 (init) -> 4551 (map).
[21:14:00] [Server thread/DEBUG] [FML/]: Fixed item id mismatch OreSpawn:OreSpawn_CagedFrog: 4595 (init) -> 4596 (map).
[21:14:00] [Server thread/DEBUG] [FML/]: Fixed item id mismatch OreSpawn:OreSpawn_AlienEgg: 4399 (init) -> 4400 (map).
[21:14:00] [Server thread/DEBUG] [FML/]: Fixed item id mismatch OreSpawn:OreSpawn_StepUp: 4632 (init) -> 4633 (map).
[21:14:00] [Server thread/DEBUG] [FML/]: Fixed item id mismatch InventoryPets:petQuiver: 4132 (init) -> 4133 (map).
[21:14:00] [Server thread/DEBUG] [FML/]: Fixed item id mismatch OreSpawn:OreSpawn_MobzillaHelmet: 4673 (init) -> 4674 (map).
[21:14:00] [Server thread/DEBUG] [FML/]: Fixed item id mismatch OreSpawn:OreSpawn_WitherSkeletonEgg: 4369 (init) -> 4370 (map).
[21:14:00] [Server thread/DEBUG] [FML/]: Fixed item id mismatch OreSpawn:OreSpawn_AntRobotKit: 4300 (init) -> 4301 (map).
[21:14:00] [Server thread/DEBUG] [FML/]: Fixed item id mismatch OreSpawn:OreSpawn_RoyalBoots: 4680 (init) -> 4681 (map).
[21:14:00] [Server thread/DEBUG] [FML/]: Fixed item id mismatch OreSpawn:OreSpawn_NetherLost: 4303 (init) -> 4304 (map).
[21:14:00] [Server thread/DEBUG] [FML/]: Fixed item id mismatch OreSpawn:OreSpawn_CagedVortex: 4574 (init) -> 4575 (map).
[21:14:00] [Server thread/DEBUG] [FML/]: Fixed item id mismatch OreSpawn:OreSpawn_CagedSquid: 4488 (init) -> 4489 (map).
[21:14:00] [Server thread/DEBUG] [FML/]: Fixed item id mismatch OreSpawn:OreSpawn_WaterBall: 4307 (init) -> 4308 (map).
[21:14:00] [Server thread/DEBUG] [FML/]: Fixed item id mismatch ironbackpacks:nest: 4201 (init) -> 4202 (map).
[21:14:00] [Server thread/DEBUG] [FML/]: Fixed item id mismatch OreSpawn:OreSpawn_Salt: 4328 (init) -> 4329 (map).
[21:14:00] [Server thread/DEBUG] [FML/]: Fixed item id mismatch OreSpawn:OreSpawn_CagedBat: 4485 (init) -> 4486 (map).
[21:14:00] [Server thread/DEBUG] [FML/]: Fixed item id mismatch OreSpawn:OreSpawn_CagedOstrich: 4547 (init) -> 4548 (map).
[21:14:00] [Server thread/DEBUG] [FML/]: Fixed item id mismatch OreSpawn:OreSpawn_TigersEyeBody: 4666 (init) -> 4667 (map).
[21:14:00] [Server thread/DEBUG] [FML/]: Fixed item id mismatch ironbackpacks:condenserUpgrade: 4186 (init) -> 4187 (map).
[21:14:00] [Server thread/DEBUG] [FML/]: Fixed item id mismatch OreSpawn:OreSpawn_UnstableAntEgg: 4451 (init) -> 4452 (map).
[21:14:00] [Server thread/DEBUG] [FML/]: Fixed item id mismatch OreSpawn:OreSpawn_UltimateBow: 4282 (init) -> 4283 (map).
[21:14:00] [Server thread/DEBUG] [FML/]: Fixed item id mismatch OreSpawn:OreSpawn_TitaniumNugget: 4349 (init) -> 4350 (map).
[21:14:00] [Server thread/DEBUG] [FML/]: Fixed item id mismatch OreSpawn:OreSpawn_CagedIronGolem: 4511 (init) -> 4512 (map).
[21:14:00] [Server thread/DEBUG] [FML/]: Fixed item id mismatch OreSpawn:OreSpawn_GhostSkellyEgg: 4447 (init) -> 4448 (map).
[21:14:00] [Server thread/DEBUG] [FML/]: Fixed item id mismatch OreSpawn:OreSpawn_RedAntEgg: 4449 (init) -> 4450 (map).
[21:14:00] [Server thread/DEBUG] [FML/]: Fixed item id mismatch OreSpawn:OreSpawn_CagedCama: 4521 (init) -> 4522 (map).
[21:14:00] [Server thread/DEBUG] [FML/]: Fixed item id mismatch OreSpawn:OreSpawn_BaryonyxEgg: 4395 (init) -> 4396 (map).
[21:14:00] [Server thread/DEBUG] [FML/]: Fixed item id mismatch OreSpawn:OreSpawn_RainbowAntEgg: 4450 (init) -> 4451 (map).
[21:14:00] [Server thread/DEBUG] [FML/]: Fixed item id mismatch ironbackpacks:additionalUpgradeSlotsUpgrade: 4191 (init) -> 4192 (map).
[21:14:00] [Server thread/DEBUG] [FML/]: Fixed item id mismatch OreSpawn:OreSpawn_AmethystHelmet: 4650 (init) -> 4651 (map).
[21:14:00] [Server thread/DEBUG] [FML/]: Fixed item id mismatch OreSpawn:OreSpawn_CrabbyPatty: 4358 (init) -> 4359 (map).
[21:14:00] [Server thread/DEBUG] [FML/]: Fixed item id mismatch OreSpawn:OreSpawn_IrukandjiArrow: 4324 (init) -> 4325 (map).
[21:14:00] [Server thread/DEBUG] [FML/]: Fixed item id mismatch OreSpawn:OreSpawn_UltimateLegs: 4619 (init) -> 4620 (map).
[21:14:00] [Server thread/DEBUG] [FML/]: Fixed item id mismatch ironbackpacks:condenserTinyUpgrade: 4188 (init) -> 4189 (map).
[21:14:00] [Server thread/DEBUG] [FML/]: Fixed item id mismatch OreSpawn:OreSpawn_BrutalflyEgg: 4472 (init) -> 4473 (map).
[21:14:00] [Server thread/DEBUG] [FML/]: Fixed item id mismatch OreSpawn:OreSpawn_QueenHelmet: 4685 (init) -> 4686 (map).
[21:14:00] [Server thread/DEBUG] [FML/]: Fixed item id mismatch OreSpawn:OreSpawn_CagedDragon: 4541 (init) -> 4542 (map).
[21:14:00] [Server thread/DEBUG] [FML/]: Fixed item id mismatch IronChest:copperIronUpgrade: 4209 (init) -> 4210 (map).
[21:14:00] [Server thread/DEBUG] [FML/]: Fixed item id mismatch OreSpawn:OreSpawn_TerribleTerrorEgg: 4414 (init) -> 4415 (map).
[21:14:00] [Server thread/DEBUG] [FML/]: Fixed item id mismatch OreSpawn:OreSpawn_BlueFish: 4351 (init) -> 4352 (map).
[21:14:00] [Server thread/DEBUG] [FML/]: Fixed item id mismatch OreSpawn:OreSpawn_ZooKeeper: 4301 (init) -> 4302 (map).
[21:14:00] [Server thread/DEBUG] [FML/]: Fixed item id mismatch OreSpawn:OreSpawn_ScorpionEgg: 4392 (init) -> 4393 (map).
[21:14:00] [Server thread/DEBUG] [FML/]: Fixed item id mismatch OreSpawn:OreSpawn_CagedCaveSpider: 4497 (init) -> 4498 (map).
[21:14:00] [Server thread/DEBUG] [FML/]: Fixed item id mismatch OreSpawn:OreSpawn_ExperienceBody: 4643 (init) -> 4644 (map).
[21:14:00] [Server thread/DEBUG] [FML/]: Fixed item id mismatch OreSpawn:OreSpawn_CagedCricket: 4594 (init) -> 4595 (map).
[21:14:00] [Server thread/DEBUG] [FML/]: Fixed item id mismatch OreSpawn:OreSpawn_LeafMonsterEgg: 4426 (init) -> 4427 (map).
[21:14:00] [Server thread/DEBUG] [FML/]: Fixed item id mismatch OreSpawn:OreSpawn_CagedCrystalCow: 4514 (init) -> 4515 (map).
[21:14:00] [Server thread/DEBUG] [FML/]: Fixed item id mismatch PortalGun:PortalGunPedestal: 4695 (init) -> 4696 (map).
[21:14:00] [Server thread/DEBUG] [FML/]: Fixed item id mismatch InventoryPets:mishumaaSabaPet: 4166 (init) -> 4167 (map).
[21:14:00] [Server thread/DEBUG] [FML/]: Fixed item id mismatch InventoryPets:lapisNugget: 4153 (init) -> 4154 (map).
[21:14:00] [Server thread/DEBUG] [FML/]: Fixed item id mismatch OreSpawn:OreSpawn_CagedGazelle: 4546 (init) -> 4547 (map).
[21:14:00] [Server thread/DEBUG] [FML/]: Fixed item id mismatch OreSpawn:OreSpawn_CagedAlo: 4519 (init) -> 4520 (map).
[21:14:00] [Server thread/DEBUG] [FML/]: Fixed item id mismatch OreSpawn:OreSpawn_Popcorn: 4329 (init) -> 4330 (map).
[21:14:00] [Server thread/DEBUG] [FML/]: Fixed item id mismatch OreSpawn:OreSpawn_IronGolemEgg: 4372 (init) -> 4373 (map).
[21:14:00] [Server thread/DEBUG] [FML/]: Fixed item id mismatch OreSpawn:OreSpawn_UltimatePickaxe: 4231 (init) -> 4232 (map).
[21:14:00] [Server thread/DEBUG] [FML/]: Fixed item id mismatch OreSpawn:OreSpawn_AmethystShovel: 4274 (init) -> 4275 (map).
[21:14:00] [Server thread/DEBUG] [FML/]: Fixed item id mismatch OreSpawn:OreSpawn_CrystalStonePickaxe: 4263 (init) -> 4264 (map).
[21:14:00] [Server thread/DEBUG] [FML/]: Fixed item id mismatch OreSpawn:OreSpawn_CagedSeaMonster: 4585 (init) -> 4586 (map).
[21:14:00] [Server thread/DEBUG] [FML/]: Fixed item id mismatch OreSpawn:OreSpawn_CagedEmperorScorpion: 4526 (init) -> 4527 (map).
[21:14:00] [Server thread/DEBUG] [FML/]: Fixed item id mismatch OreSpawn:OreSpawn_FrogEgg: 4477 (init) -> 4478 (map).
[21:14:00] [Server thread/DEBUG] [FML/]: Fixed item id mismatch OreSpawn:OreSpawn_JefferyEgg: 4478 (init) -> 4479 (map).
[21:14:00] [Server thread/DEBUG] [FML/]: Fixed item id mismatch ironbackpacks:filterVoidUpgrade: 4200 (init) -> 4201 (map).
[21:14:00] [Server thread/DEBUG] [FML/]: Fixed item id mismatch OreSpawn:OreSpawn_AloEgg: 4384 (init) -> 4385 (map).
[21:14:00] [Server thread/DEBUG] [FML/]: Fixed item id mismatch OreSpawn:OreSpawn_TermiteEgg: 4452 (init) -> 4453 (map).
[21:14:00] [Server thread/DEBUG] [FML/]: Fixed item id mismatch IronChest:woodCopperUpgrade: 4212 (init) -> 4213 (map).
[21:14:00] [Server thread/DEBUG] [FML/]: Fixed item id mismatch OreSpawn:OreSpawn_Slice: 4226 (init) -> 4227 (map).
[21:14:00] [Server thread/DEBUG] [FML/]: Fixed item id mismatch OreSpawn:OreSpawn_CricketEgg: 4475 (init) -> 4476 (map).
[21:14:00] [Server thread/DEBUG] [FML/]: Fixed item id mismatch OreSpawn:OreSpawn_CagedMagmaCube: 4499 (init) -> 4500 (map).
[21:14:00] [Server thread/DEBUG] [FML/]: Fixed item id mismatch OreSpawn:OreSpawn_SmallWormEgg: 4420 (init) -> 4421 (map).
[21:14:00] [Server thread/DEBUG] [FML/]: Fixed item id mismatch InventoryPets:solstice_greaves: 4161 (init) -> 4162 (map).
[21:14:00] [Server thread/DEBUG] [FML/]: Fixed item id mismatch OreSpawn:OreSpawn_RoyalLegs: 4679 (init) -> 4680 (map).
[21:14:00] [Server thread/DEBUG] [FML/]: Fixed item id mismatch OreSpawn:OreSpawn_EasterBunnyEgg: 4463 (init) -> 4464 (map).
[21:14:00] [Server thread/DEBUG] [FML/]: Fixed item id mismatch OreSpawn:OreSpawn_LapisLegs: 4683 (init) -> 4684 (map).
[21:14:00] [Server thread/DEBUG] [FML/]: Fixed item id mismatch OreSpawn:OreSpawn_CagedCrab: 4597 (init) -> 4598 (map).
[21:14:00] [Server thread/DEBUG] [FML/]: Fixed item id mismatch OreSpawn:OreSpawn_Robot2Egg: 4443 (init) -> 4444 (map).
[21:14:00] [Server thread/DEBUG] [FML/]: Fixed item id mismatch OreSpawn:OreSpawn_WoodFish: 4354 (init) -> 4355 (map).
[21:14:00] [Server thread/DEBUG] [FML/]: Fixed item id mismatch OreSpawn:OreSpawn_SpiderRobotEgg: 4480 (init) -> 4481 (map).
[21:14:00] [Server thread/DEBUG] [FML/]: Fixed item id mismatch OreSpawn:OreSpawn_UltimateBoots: 4620 (init) -> 4621 (map).
[21:14:00] [Server thread/DEBUG] [FML/]: Fixed item id mismatch OreSpawn:OreSpawn_EmeraldSword: 4235 (init) -> 4236 (map).
[21:14:00] [Server thread/DEBUG] [FML/]: Fixed item id mismatch OreSpawn:OreSpawn_CagedSkeleton: 4491 (init) -> 4492 (map).
[21:14:00] [Server thread/DEBUG] [FML/]: Fixed item id mismatch OreSpawn:OreSpawn_CagedKyuubi: 4533 (init) -> 4534 (map).
[21:14:00] [Server thread/DEBUG] [FML/]: Fixed item id mismatch OreSpawn:OreSpawn_ExperienceCatcher: 4639 (init) -> 4640 (map).
[21:14:00] [Server thread/DEBUG] [FML/]: Fixed item id mismatch OreSpawn:OreSpawn_CagedBasil: 4524 (init) -> 4525 (map).
[21:14:00] [Server thread/DEBUG] [FML/]: Fixed item id mismatch OreSpawn:OreSpawn_CagedCreepingHorror: 4551 (init) -> 4552 (map).
[21:14:00] [Server thread/DEBUG] [FML/]: Fixed item id mismatch OreSpawn:OreSpawn_UltimateHelmet: 4617 (init) -> 4618 (map).
[21:14:00] [Server thread/DEBUG] [FML/]: Fixed item id mismatch OreSpawn:OreSpawn_CagedTrooper: 4548 (init) -> 4549 (map).
[21:14:00] [Server thread/DEBUG] [FML/]: Fixed item id mismatch OreSpawn:OreSpawn_EmeraldBody: 4636 (init) -> 4637 (map).
[21:14:00] [Server thread/DEBUG] [FML/]: Fixed item id mismatch OreSpawn:OreSpawn_CagedAttackSquid: 4536 (init) -> 4537 (map).
[21:14:00] [Server thread/DEBUG] [FML/]: Fixed item id mismatch OreSpawn:OreSpawn_PinkFish: 4352 (init) -> 4353 (map).
[21:14:00] [Server thread/DEBUG] [FML/]: Fixed item id mismatch OreSpawn:OreSpawn_CrystalPinkLegs: 4663 (init) -> 4664 (map).
[21:14:00] [Server thread/DEBUG] [FML/]: Fixed item id mismatch OreSpawn:OreSpawn_SquidZooka: 4326 (init) -> 4327 (map).
[21:14:00] [Server thread/DEBUG] [FML/]: Fixed item id mismatch OreSpawn:OreSpawn_CrystalWoodSword: 4247 (init) -> 4248 (map).
[21:14:00] [Server thread/DEBUG] [FML/]: Fixed item id mismatch OreSpawn:OreSpawn_HerculesEgg: 4458 (init) -> 4459 (map).
[21:14:00] [Server thread/DEBUG] [FML/]: Fixed item id mismatch OreSpawn:OreSpawn_CagedGhast: 4494 (init) -> 4495 (map).
[21:14:00] [Server thread/DEBUG] [FML/]: Fixed item id mismatch OreSpawn:OreSpawn_CageEmpty: 4483 (init) -> 4484 (map).
[21:14:00] [Server thread/DEBUG] [FML/]: Fixed item id mismatch OreSpawn:OreSpawn_BigHammer: 4242 (init) -> 4243 (map).
[21:14:00] [Server thread/DEBUG] [FML/]: Fixed item id mismatch OreSpawn:OreSpawn_CagedChicken: 4489 (init) -> 4490 (map).
[21:14:00] [Server thread/DEBUG] [FML/]: Fixed item id mismatch OreSpawn:OreSpawn_GoldFishEgg: 4425 (init) -> 4426 (map).
[21:14:00] [Server thread/DEBUG] [FML/]: Fixed item id mismatch OreSpawn:OreSpawn_RawPeacock: 4338 (init) -> 4339 (map).
[21:14:00] [Server thread/DEBUG] [FML/]: Fixed item id mismatch OreSpawn:OreSpawn_CagedVelo: 4522 (init) -> 4523 (map).
[21:14:00] [Server thread/DEBUG] [FML/]: Fixed item id mismatch OreSpawn:OreSpawn_QueenScale: 4289 (init) -> 4290 (map).
[21:14:00] [Server thread/DEBUG] [FML/]: Fixed item id mismatch OreSpawn:OreSpawn_AmethystPickaxe: 4273 (init) -> 4274 (map).
[21:14:00] [Server thread/DEBUG] [FML/]: Fixed item id mismatch OreSpawn:OreSpawn_UltimateAxe: 4234 (init) -> 4235 (map).
[21:14:00] [Server thread/DEBUG] [FML/]: Fixed item id mismatch OreSpawn:OreSpawn_MosquitoEgg: 4455 (init) -> 4456 (map).
[21:14:00] [Server thread/DEBUG] [FML/]: Fixed item id mismatch OreSpawn:OreSpawn_CagedGoldCow: 4516 (init) -> 4517 (map).
[21:14:00] [Server thread/DEBUG] [FML/]: Fixed item id mismatch OreSpawn:OreSpawn_RotatorEgg: 4432 (init) -> 4433 (map).
[21:14:00] [Server thread/DEBUG] [FML/]: Fixed item id mismatch OreSpawn:OreSpawn_CrystalGreenRock: 4314 (init) -> 4315 (map).
[21:14:00] [Server thread/DEBUG] [FML/]: Fixed item id mismatch OreSpawn:OreSpawn_RedCowEgg: 4379 (init) -> 4380 (map).
[21:14:00] [Server thread/DEBUG] [FML/]: Fixed item id mismatch OreSpawn:OreSpawn_EmeraldBoots: 4638 (init) -> 4639 (map).
[21:14:00] [Server thread/DEBUG] [FML/]: Fixed item id mismatch IronChest:obsidianNetheriteUpgrade: 4214 (init) -> 4215 (map).
[21:14:00] [Server thread/DEBUG] [FML/]: Fixed item id mismatch OreSpawn:OreSpawn_MobzillaBody: 4674 (init) -> 4675 (map).
[21:14:00] [Server thread/DEBUG] [FML/]: Fixed item id mismatch OreSpawn:OreSpawn_CagedChipmunk: 4545 (init) -> 4546 (map).
[21:14:00] [Server thread/DEBUG] [FML/]: Fixed item id mismatch OreSpawn:OreSpawn_AmethystSword: 4272 (init) -> 4273 (map).
[21:14:00] [Server thread/DEBUG] [FML/]: Fixed item id mismatch OreSpawn:OreSpawn_BerthaBlade: 4361 (init) -> 4362 (map).
[21:14:00] [Server thread/DEBUG] [FML/]: Fixed item id mismatch OreSpawn:OreSpawn_CagedCryo: 4520 (init) -> 4521 (map).
[21:14:00] [Server thread/DEBUG] [FML/]: Fixed item id mismatch OreSpawn:OreSpawn_TRexEgg: 4457 (init) -> 4458 (map).
[21:14:00] [Server thread/DEBUG] [FML/]: Fixed item id mismatch OreSpawn:OreSpawn_Bertha: 4224 (init) -> 4225 (map).
[21:14:00] [Server thread/DEBUG] [FML/]: Fixed item id mismatch OreSpawn:OreSpawn_AppleSeed: 4629 (init) -> 4630 (map).
[21:14:00] [Server thread/DEBUG] [FML/]: Fixed item id mismatch OreSpawn:OreSpawn_FairyEgg: 4435 (init) -> 4436 (map).
[21:14:00] [Server thread/DEBUG] [FML/]: Fixed item id mismatch OreSpawn:OreSpawn_GodzillaEgg: 4419 (init) -> 4420 (map).
[21:14:00] [Server thread/DEBUG] [FML/]: Fixed item id mismatch OreSpawn:OreSpawn_RubySword: 4267 (init) -> 4268 (map).
[21:14:00] [Server thread/DEBUG] [FML/]: Fixed item id mismatch OreSpawn:OreSpawn_BerthaHandle: 4359 (init) -> 4360 (map).
[21:14:00] [Server thread/DEBUG] [FML/]: Fixed item id mismatch OreSpawn:OreSpawn_StepDown: 4633 (init) -> 4634 (map).
[21:14:00] [Server thread/DEBUG] [FML/]: Fixed item id mismatch InventoryPets:petAchieveItemAll: 4175 (init) -> 4176 (map).
[21:14:00] [Server thread/DEBUG] [FML/]: Fixed item id mismatch OreSpawn:OreSpawn_SparkFish: 4327 (init) -> 4328 (map).
[21:14:00] [Server thread/DEBUG] [FML/]: Fixed item id mismatch OreSpawn:OreSpawn_RayGun: 4325 (init) -> 4326 (map).
[21:14:00] [Server thread/DEBUG] [FML/]: Fixed item id mismatch OreSpawn:OreSpawn_SkateBow: 4283 (init) -> 4284 (map).
[21:14:00] [Server thread/DEBUG] [FML/]: Fixed item id mismatch OreSpawn:OreSpawn_CagedAlien: 4534 (init) -> 4535 (map).
[21:14:00] [Server thread/DEBUG] [FML/]: Fixed item id mismatch OreSpawn:OreSpawn_RubyAxe: 4271 (init) -> 4272 (map).
[21:14:00] [Server thread/DEBUG] [FML/]: Fixed item id mismatch OreSpawn:OreSpawn_SnowGolemEgg: 4371 (init) -> 4372 (map).
[21:14:00] [Server thread/DEBUG] [FML/]: Fixed item id mismatch OreSpawn:OreSpawn_TRexTooth: 4365 (init) -> 4366 (map).
[21:14:00] [Server thread/DEBUG] [FML/]: Fixed item id mismatch OreSpawn:OreSpawn_CagedPeacock: 4571 (init) -> 4572 (map).
[21:14:00] [Server thread/DEBUG] [FML/]: Fixed item id mismatch PortalGun:EnderPearlDust: 4692 (init) -> 4693 (map).
[21:14:00] [Server thread/DEBUG] [FML/]: Fixed item id mismatch OreSpawn:OreSpawn_CagedTerribleTerror: 4552 (init) -> 4553 (map).
[21:14:00] [Server thread/DEBUG] [FML/]: Fixed item id mismatch OreSpawn:OreSpawn_Bacon: 4344 (init) -> 4345 (map).
[21:14:00] [Server thread/DEBUG] [FML/]: Fixed item id mismatch OreSpawn:OreSpawn_BattleAxe: 4228 (init) -> 4229 (map).
[21:14:00] [Server thread/DEBUG] [FML/]: Fixed item id mismatch OreSpawn:OreSpawn_MothScaleHelmet: 4625 (init) -> 4626 (map).
[21:14:00] [Server thread/DEBUG] [FML/]: Fixed item id mismatch OreSpawn:OreSpawn_BerthaGuard: 4360 (init) -> 4361 (map).
[21:14:00] [Server thread/DEBUG] [FML/]: Fixed item id mismatch OreSpawn:OreSpawn_CagedLizard: 4540 (init) -> 4541 (map).
[21:14:00] [Server thread/DEBUG] [FML/]: Fixed item id mismatch OreSpawn:OreSpawn_CoinEgg: 4462 (init) -> 4463 (map).
[21:14:00] [Server thread/DEBUG] [FML/]: Fixed item id mismatch OreSpawn:OreSpawn_CagedWitherSkeleton: 4508 (init) -> 4509 (map).
[21:14:00] [Server thread/DEBUG] [FML/]: Fixed item id mismatch InventoryPets:solstice_boots: 4162 (init) -> 4163 (map).
[21:14:00] [Server thread/DEBUG] [FML/]: Fixed item id mismatch OreSpawn:OreSpawn_CagedTRex: 4578 (init) -> 4579 (map).
[21:14:00] [Server thread/DEBUG] [FML/]: Fixed item id mismatch OreSpawn:OreSpawn_RubyShovel: 4269 (init) -> 4270 (map).
[21:14:00] [Server thread/DEBUG] [FML/]: Fixed item id mismatch OreSpawn:OreSpawn_WhaleEgg: 4438 (init) -> 4439 (map).
[21:14:00] [Server thread/DEBUG] [FML/]: Fixed item id mismatch OreSpawn:OreSpawn_SpiderDriverEgg: 4481 (init) -> 4482 (map).
[21:14:00] [Server thread/DEBUG] [FML/]: Fixed item id mismatch OreSpawn:OreSpawn_CagedRubberDucky: 4589 (init) -> 4590 (map).
[21:14:00] [Server thread/DEBUG] [FML/]: Fixed item id mismatch OreSpawn:OreSpawn_PeacockFeatherHelmet: 4670 (init) -> 4671 (map).
[21:14:00] [Server thread/DEBUG] [FML/]: Fixed item id mismatch InventoryPets:petHouse: 4135 (init) -> 4136 (map).
[21:14:00] [Server thread/DEBUG] [FML/]: Fixed item id mismatch OreSpawn:OreSpawn_CagedCaterKiller: 4583 (init) -> 4584 (map).
[21:14:00] [Server thread/DEBUG] [FML/]: Fixed item id mismatch OreSpawn:OreSpawn_CagedRat: 4575 (init) -> 4576 (map).
[21:14:00] [Server thread/DEBUG] [FML/]: Fixed item id mismatch OreSpawn:OreSpawn_LapisBoots: 4684 (init) -> 4685 (map).
[21:14:00] [Server thread/DEBUG] [FML/]: Fixed item id mismatch OreSpawn:OreSpawn_StepAccross: 4634 (init) -> 4635 (map).
[21:14:00] [Server thread/DEBUG] [FML/]: Fixed item id mismatch OreSpawn:OreSpawn_TrooperBugEgg: 4407 (init) -> 4408 (map).
[21:14:00] [Server thread/DEBUG] [FML/]: Fixed item id mismatch PortalGun:PortalMulti: 4698 (init) -> 4699 (map).
[21:14:00] [Server thread/DEBUG] [FML/]: Fixed item id mismatch OreSpawn:OreSpawn_WormTooth: 4364 (init) -> 4365 (map).
[21:14:00] [Server thread/DEBUG] [FML/]: Fixed item id mismatch InventoryPets:petAchieveItemGeneral: 4176 (init) -> 4177 (map).
[21:14:00] [Server thread/DEBUG] [FML/]: Fixed item id mismatch OreSpawn:OreSpawn_GreenFish: 4350 (init) -> 4351 (map).
[21:14:00] [Server thread/DEBUG] [FML/]: Fixed item id mismatch OreSpawn:OreSpawn_CagedZombiePigman: 4495 (init) -> 4496 (map).
[21:14:00] [Server thread/DEBUG] [FML/]: Fixed item id mismatch OreSpawn:OreSpawn_QueenBattleAxe: 4229 (init) -> 4230 (map).
[21:14:00] [Server thread/DEBUG] [FML/]: Fixed item id mismatch InventoryPets:mugEggNog: 4156 (init) -> 4157 (map).
[21:14:00] [Server thread/DEBUG] [FML/]: Fixed item id mismatch OreSpawn:OreSpawn_CagedIrukandji: 4577 (init) -> 4578 (map).
[21:14:00] [Server thread/DEBUG] [FML/]: Fixed item id mismatch OreSpawn:OreSpawn_KyuubiEgg: 4398 (init) -> 4399 (map).
[21:14:00] [Server thread/DEBUG] [FML/]: Fixed item id mismatch OreSpawn:OreSpawn_CliffRacerEgg: 4415 (init) -> 4416 (map).
[21:14:00] [Server thread/DEBUG] [FML/]: Fixed item id mismatch OreSpawn:OreSpawn_GodzillaScale: 4297 (init) -> 4298 (map).
[21:14:00] [Server thread/DEBUG] [FML/]: Fixed item id mismatch OreSpawn:OreSpawn_BlueRock: 4318 (init) -> 4319 (map).
[21:14:00] [Server thread/DEBUG] [FML/]: Fixed item id mismatch OreSpawn:OreSpawn_RatEgg: 4436 (init) -> 4437 (map).
[21:14:00] [Server thread/DEBUG] [FML/]: Fixed item id mismatch OreSpawn:OreSpawn_SeaViperTongue: 4367 (init) -> 4368 (map).
[21:14:00] [Server thread/DEBUG] [FML/]: Fixed item id mismatch OreSpawn:OreSpawn_LaserBall: 4308 (init) -> 4309 (map).
[21:14:00] [Server thread/DEBUG] [FML/]: Fixed item id mismatch InventoryPets:politicallyCorrectPet: 4167 (init) -> 4168 (map).
[21:14:00] [Server thread/DEBUG] [FML/]: Fixed item id mismatch OreSpawn:OreSpawn_Irukandji: 4323 (init) -> 4324 (map).
[21:14:00] [Server thread/DEBUG] [FML/]: Fixed item id mismatch OreSpawn:OreSpawn_MothSeed: 4611 (init) -> 4612 (map).
[21:14:00] [Server thread/DEBUG] [FML/]: Fixed item id mismatch OreSpawn:OreSpawn_RubyBoots: 4649 (init) -> 4650 (map).
[21:14:00] [Server thread/DEBUG] [FML/]: Fixed item id mismatch OreSpawn:OreSpawn_StinkyEgg: 4460 (init) -> 4461 (map).
[21:14:00] [Server thread/DEBUG] [FML/]: Fixed item id mismatch OreSpawn:OreSpawn_PeacockFeatherBoots: 4669 (init) -> 4670 (map).
[21:14:00] [Server thread/DEBUG] [FML/]: Fixed item id mismatch OreSpawn:OreSpawn_UltimateSword: 4222 (init) -> 4223 (map).
[21:14:00] [Server thread/DEBUG] [FML/]: Fixed item id mismatch OreSpawn:OreSpawn_CagedMOTHRA: 4518 (init) -> 4519 (map).
[21:14:00] [Server thread/DEBUG] [FML/]: Fixed item id mismatch InventoryPets:petPacMan: 4133 (init) -> 4134 (map).
[21:14:00] [Server thread/DEBUG] [FML/]: Fixed item id mismatch OreSpawn:OreSpawn_Cherry: 4601 (init) -> 4602 (map).
[21:14:00] [Server thread/DEBUG] [FML/]: Fixed item id mismatch OreSpawn:OreSpawn_IceBall: 4309 (init) -> 4310 (map).
[21:14:00] [Server thread/DEBUG] [FML/]: Fixed item id mismatch OreSpawn:OreSpawn_CagedOcelot: 4504 (init) -> 4505 (map).
[21:14:00] [Server thread/DEBUG] [FML/]: Fixed item id mismatch OreSpawn:OreSpawn_EmeraldHoe: 4245 (init) -> 4246 (map).
[21:14:00] [Server thread/DEBUG] [FML/]: Fixed item id mismatch OreSpawn:OreSpawn_SunspotUrchin: 4306 (init) -> 4307 (map).
[21:14:00] [Server thread/DEBUG] [FML/]: Fixed item id mismatch OreSpawn:OreSpawn_CagedCloudShark: 4561 (init) -> 4562 (map).
[21:14:00] [Server thread/DEBUG] [FML/]: Fixed item id mismatch OreSpawn:OreSpawn_CagedHammerhead: 4588 (init) -> 4589 (map).
[21:14:00] [Server thread/DEBUG] [FML/]: Fixed item id mismatch OreSpawn:OreSpawn_MOTHRAEgg: 4383 (init) -> 4384 (map).
[21:14:00] [Server thread/DEBUG] [FML/]: Fixed item id mismatch IronChest:ironGoldUpgrade: 4205 (init) -> 4206 (map).
[21:14:00] [Server thread/DEBUG] [FML/]: Fixed item id mismatch OreSpawn:OreSpawn_Robot3Egg: 4444 (init) -> 4445 (map).
[21:14:00] [Server thread/DEBUG] [FML/]: Fixed item id mismatch OreSpawn:OreSpawn_CagedVillager: 4515 (init) -> 4516 (map).
[21:14:00] [Server thread/DEBUG] [FML/]: Fixed item id mismatch OreSpawn:OreSpawn_MothScaleBody: 4626 (init) -> 4627 (map).
[21:14:00] [Server thread/DEBUG] [FML/]: Fixed item id mismatch OreSpawn:OreSpawn_PointysaurusEgg: 4474 (init) -> 4475 (map).
[21:14:00] [Server thread/DEBUG] [FML/]: Fixed item id mismatch OreSpawn:OreSpawn_CagedLurkingTerror: 4556 (init) -> 4557 (map).
[21:14:00] [Server thread/DEBUG] [FML/]: Fixed item id mismatch OreSpawn:OreSpawn_CrystalPinkAxe: 4256 (init) -> 4257 (map).
[21:14:00] [Server thread/DEBUG] [FML/]: Fixed item id mismatch InventoryPets:petSilverfish: 4136 (init) -> 4137 (map).
[21:14:00] [Server thread/DEBUG] [FML/]: Fixed item id mismatch OreSpawn:OreSpawn_EmeraldShovel: 4244 (init) -> 4245 (map).
[21:14:00] [Server thread/DEBUG] [FML/]: Fixed item id mismatch OreSpawn:OreSpawn_RoyalHelmet: 4677 (init) -> 4678 (map).
[21:14:00] [Server thread/DEBUG] [FML/]: Fixed item id mismatch OreSpawn:OreSpawn_AttackSquidEgg: 4400 (init) -> 4401 (map).
[21:14:00] [Server thread/DEBUG] [FML/]: Fixed item id mismatch OreSpawn:OreSpawn_EmperorScorpionScale: 4291 (init) -> 4292 (map).
[21:14:00] [Server thread/DEBUG] [FML/]: Fixed item id mismatch OreSpawn:OreSpawn_LapisHelmet: 4681 (init) -> 4682 (map).
[21:14:00] [Server thread/DEBUG] [FML/]: Fixed item id mismatch OreSpawn:OreSpawn_KrakenEgg: 4403 (init) -> 4404 (map).
[21:14:00] [Server thread/DEBUG] [FML/]: Fixed item id mismatch OreSpawn:OreSpawn_CagePig: 4487 (init) -> 4488 (map).
[21:14:00] [Server thread/DEBUG] [FML/]: Fixed item id mismatch OreSpawn:OreSpawn_CagedLeafMonster: 4563 (init) -> 4564 (map).
[21:14:00] [Server thread/DEBUG] [FML/]: Fixed item id mismatch OreSpawn:OreSpawn_CagedSpiderDriver: 4596 (init) -> 4597 (map).
[21:14:00] [Server thread/DEBUG] [FML/]: Fixed item id mismatch ironbackpacks:jeweledFeather: 4203 (init) -> 4204 (map).
[21:14:00] [Server thread/DEBUG] [FML/]: Fixed item id mismatch OreSpawn:OreSpawn_CrystalPinkPickaxe: 4253 (init) -> 4254 (map).
[21:14:00] [Server thread/DEBUG] [FML/]: Fixed item id mismatch InventoryPets:diamondNugget: 4148 (init) -> 4149 (map).
[21:14:00] [Server thread/DEBUG] [FML/]: Fixed item id mismatch OreSpawn:OreSpawn_EnchantedCowEgg: 4382 (init) -> 4383 (map).
[21:14:00] [Server thread/DEBUG] [FML/]: Fixed item id mismatch OreSpawn:OreSpawn_HydroEgg: 4388 (init) -> 4389 (map).
[21:14:00] [Server thread/DEBUG] [FML/]: Fixed item id mismatch InventoryPets:petAchieveItem10: 4173 (init) -> 4174 (map).
[21:14:00] [Server thread/DEBUG] [FML/]: Fixed item id mismatch IronChest:copperSteelUpgrade: 4207 (init) -> 4208 (map).
[21:14:00] [Server thread/DEBUG] [FML/]: Fixed item id mismatch InventoryPets:feedBag: 4170 (init) -> 4171 (map).
[21:14:00] [Server thread/DEBUG] [FML/]: Fixed item id mismatch OreSpawn:OreSpawn_Cheese: 4335 (init) -> 4336 (map).
[21:14:00] [Server thread/DEBUG] [FML/]: Fixed item id mismatch OreSpawn:OreSpawn_UrchinEgg: 4441 (init) -> 4442 (map).
[21:14:00] [Server thread/DEBUG] [FML/]: Fixed item id mismatch OreSpawn:OreSpawn_StrawberrySeed: 4609 (init) -> 4610 (map).
[21:14:00] [Server thread/DEBUG] [FML/]: Fixed item id mismatch InventoryPets:petJuggernaut: 4130 (init) -> 4131 (map).
[21:14:00] [Server thread/DEBUG] [FML/]: Fixed item id mismatch OreSpawn:OreSpawn_GazelleEgg: 4411 (init) -> 4412 (map).
[21:14:00] [Server thread/DEBUG] [FML/]: Fixed item id mismatch OreSpawn:OreSpawn_ButterflyEgg: 4453 (init) -> 4454 (map).
[21:14:00] [Server thread/DEBUG] [FML/]: Fixed item id mismatch PortalGun:MiniBlackHole: 4694 (init) -> 4695 (map).
[21:14:00] [Server thread/DEBUG] [FML/]: Fixed item id mismatch OreSpawn:OreSpawn_ExperienceTreeSeed: 4641 (init) -> 4642 (map).
[21:14:00] [Server thread/DEBUG] [FML/]: Fixed item id mismatch OreSpawn:OreSpawn_RubberDuckyEgg: 4468 (init) -> 4469 (map).
[21:14:00] [Server thread/DEBUG] [FML/]: Fixed item id mismatch OreSpawn:OreSpawn_TigersEyeAxe: 4261 (init) -> 4262 (map).
[21:14:00] [Server thread/DEBUG] [FML/]: Fixed item id mismatch OreSpawn:OreSpawn_Radish: 4603 (init) -> 4604 (map).
[21:14:00] [Server thread/DEBUG] [FML/]: Fixed item id mismatch OreSpawn:OreSpawn_Hammy: 4225 (init) -> 4226 (map).
[21:14:00] [Server thread/DEBUG] [FML/]: Fixed item id mismatch OreSpawn:OreSpawn_CagedWaterDragon: 4537 (init) -> 4538 (map).
[21:14:00] [Server thread/DEBUG] [FML/]: Fixed item id mismatch OreSpawn:OreSpawn_CagedHercules: 4579 (init) -> 4580 (map).
[21:14:00] [Server thread/DEBUG] [FML/]: Fixed item id mismatch OreSpawn:OreSpawn_BlackHeels: 4278 (init) -> 4279 (map).
[21:14:00] [Server thread/DEBUG] [FML/]: Fixed item id mismatch OreSpawn:OreSpawn_CagedWitch: 4500 (init) -> 4501 (map).
[21:14:00] [Server thread/DEBUG] [FML/]: Fixed item id mismatch OreSpawn:OreSpawn_CornDog: 4334 (init) -> 4335 (map).
[21:14:00] [Server thread/DEBUG] [FML/]: Fixed item id mismatch OreSpawn:OreSpawn_TNTRock: 4321 (init) -> 4322 (map).
[21:14:00] [Server thread/DEBUG] [FML/]: Fixed item id mismatch InventoryPets:obsidianNugget: 4149 (init) -> 4150 (map).
[21:14:00] [Server thread/DEBUG] [FML/]: Fixed item id mismatch InventoryPets:petCheetah: 4134 (init) -> 4135 (map).
[21:14:00] [Server thread/DEBUG] [FML/]: Fixed item id mismatch OreSpawn:OreSpawn_IrukandjiEgg: 4439 (init) -> 4440 (map).
[21:14:00] [Server thread/DEBUG] [FML/]: Fixed item id mismatch OreSpawn:OreSpawn_CrystalWoodHoe: 4250 (init) -> 4251 (map).
[21:14:00] [Server thread/DEBUG] [FML/]: Fixed item id mismatch IronChest:diamondCrystalUpgrade: 4210 (init) -> 4211 (map).
[21:14:00] [Server thread/DEBUG] [FML/]: Fixed item id mismatch OreSpawn:OreSpawn_Butter: 4333 (init) -> 4334 (map).
[21:14:00] [Server thread/DEBUG] [FML/]: Fixed item id mismatch OreSpawn:OreSpawn_Peach: 4602 (init) -> 4603 (map).
[21:14:00] [Server thread/DEBUG] [FML/]: Fixed item id mismatch OreSpawn:OreSpawn_CagedDungeonBeast: 4573 (init) -> 4574 (map).
[21:14:00] [Server thread/DEBUG] [FML/]: Fixed item id mismatch OreSpawn:OreSpawn_AmethystAxe: 4276 (init) -> 4277 (map).
[21:14:00] [Server thread/DEBUG] [FML/]: Fixed item id mismatch OreSpawn:OreSpawn_VortexEgg: 4433 (init) -> 4434 (map).
[21:14:00] [Server thread/DEBUG] [FML/]: Fixed item id mismatch OreSpawn:OreSpawn_CrystalPinkHelmet: 4661 (init) -> 4662 (map).
[21:14:00] [Server thread/DEBUG] [FML/]: Fixed item id mismatch InventoryPets:petAchieveItem20: 4174 (init) -> 4175 (map).
[21:14:00] [Server thread/DEBUG] [FML/]: There are 1 mappings missing - attempting a mod remap
[21:14:00] [Server thread/TRACE] [mcp/mcp]: Sending event FMLMissingMappingsEvent to mod mcp
[21:14:00] [Server thread/TRACE] [mcp/mcp]: Sent event FMLMissingMappingsEvent to mod mcp
[21:14:00] [Server thread/DEBUG] [FML/]: Bar Step: MissingMappings - Minecraft Coder Pack took 0,000s
[21:14:00] [Server thread/TRACE] [FML/FML]: Sending event FMLMissingMappingsEvent to mod FML
[21:14:00] [Server thread/TRACE] [FML/FML]: Sent event FMLMissingMappingsEvent to mod FML
[21:14:00] [Server thread/DEBUG] [FML/]: Bar Step: MissingMappings - Forge Mod Loader took 0,000s
[21:14:00] [Server thread/TRACE] [Forge/Forge]: Sending event FMLMissingMappingsEvent to mod Forge
[21:14:00] [Server thread/TRACE] [Forge/Forge]: Sent event FMLMissingMappingsEvent to mod Forge
[21:14:00] [Server thread/DEBUG] [FML/]: Bar Step: MissingMappings - Minecraft Forge took 0,000s
[21:14:00] [Server thread/TRACE] [CodeChickenCore/CodeChickenCore]: Sending event FMLMissingMappingsEvent to mod CodeChickenCore
[21:14:00] [Server thread/TRACE] [CodeChickenCore/CodeChickenCore]: Sent event FMLMissingMappingsEvent to mod CodeChickenCore
[21:14:00] [Server thread/DEBUG] [FML/]: Bar Step: MissingMappings - CodeChicken Core took 0,000s
[21:14:00] [Server thread/TRACE] [NotEnoughItems/NotEnoughItems]: Sending event FMLMissingMappingsEvent to mod NotEnoughItems
[21:14:00] [Server thread/TRACE] [NotEnoughItems/NotEnoughItems]: Sent event FMLMissingMappingsEvent to mod NotEnoughItems
[21:14:00] [Server thread/DEBUG] [FML/]: Bar Step: MissingMappings - NotEnoughItems took 0,000s
[21:14:00] [Server thread/TRACE] [GTNHLib Core/GTNHLib Core]: Sending event FMLMissingMappingsEvent to mod GTNHLib Core
[21:14:00] [Server thread/TRACE] [GTNHLib Core/GTNHLib Core]: Sent event FMLMissingMappingsEvent to mod GTNHLib Core
[21:14:00] [Server thread/DEBUG] [FML/]: Bar Step: MissingMappings - GTNHLib Core took 0,000s
[21:14:00] [Server thread/TRACE] [FoamFixCore/FoamFixCore]: Sending event FMLMissingMappingsEvent to mod FoamFixCore
[21:14:00] [Server thread/TRACE] [FoamFixCore/FoamFixCore]: Sent event FMLMissingMappingsEvent to mod FoamFixCore
[21:14:00] [Server thread/DEBUG] [FML/]: Bar Step: MissingMappings - FoamFixCore took 0,000s
[21:14:00] [Server thread/TRACE] [FastCraft/FastCraft]: Sending event FMLMissingMappingsEvent to mod FastCraft
[21:14:00] [Server thread/TRACE] [FastCraft/FastCraft]: Sent event FMLMissingMappingsEvent to mod FastCraft
[21:14:00] [Server thread/DEBUG] [FML/]: Bar Step: MissingMappings - FastCraft took 0,000s
[21:14:00] [Server thread/TRACE] [debug/debug]: Sending event FMLMissingMappingsEvent to mod debug
[21:14:00] [Server thread/TRACE] [debug/debug]: Sent event FMLMissingMappingsEvent to mod debug
[21:14:00] [Server thread/DEBUG] [FML/]: Bar Step: MissingMappings - debug took 0,000s
[21:14:00] [Server thread/TRACE] [unimixins/unimixins]: Sending event FMLMissingMappingsEvent to mod unimixins
[21:14:00] [Server thread/TRACE] [unimixins/unimixins]: Sent event FMLMissingMappingsEvent to mod unimixins
[21:14:00] [Server thread/DEBUG] [FML/]: Bar Step: MissingMappings - UniMixins took 0,000s
[21:14:00] [Server thread/TRACE] [unimixins-mixin/unimixins-mixin]: Sending event FMLMissingMappingsEvent to mod unimixins-mixin
[21:14:00] [Server thread/TRACE] [unimixins-mixin/unimixins-mixin]: Sent event FMLMissingMappingsEvent to mod unimixins-mixin
[21:14:00] [Server thread/DEBUG] [FML/]: Bar Step: MissingMappings - UniMixins: Mixin (UniMix) took 0,000s
[21:14:00] [Server thread/TRACE] [unimixins-compat/unimixins-compat]: Sending event FMLMissingMappingsEvent to mod unimixins-compat
[21:14:00] [Server thread/TRACE] [unimixins-compat/unimixins-compat]: Sent event FMLMissingMappingsEvent to mod unimixins-compat
[21:14:00] [Server thread/DEBUG] [FML/]: Bar Step: MissingMappings - UniMixins: Compatibility took 0,000s
[21:14:00] [Server thread/TRACE] [mixingasm/mixingasm]: Sending event FMLMissingMappingsEvent to mod mixingasm
[21:14:00] [Server thread/TRACE] [mixingasm/mixingasm]: Sent event FMLMissingMappingsEvent to mod mixingasm
[21:14:00] [Server thread/DEBUG] [FML/]: Bar Step: MissingMappings - UniMixins: Mixingasm took 0,000s
[21:14:00] [Server thread/TRACE] [spongemixins/spongemixins]: Sending event FMLMissingMappingsEvent to mod spongemixins
[21:14:00] [Server thread/TRACE] [spongemixins/spongemixins]: Sent event FMLMissingMappingsEvent to mod spongemixins
[21:14:00] [Server thread/DEBUG] [FML/]: Bar Step: MissingMappings - UniMixins: SpongeMixins took 0,000s
[21:14:00] [Server thread/TRACE] [mixinbooterlegacy/mixinbooterlegacy]: Sending event FMLMissingMappingsEvent to mod mixinbooterlegacy
[21:14:00] [Server thread/TRACE] [mixinbooterlegacy/mixinbooterlegacy]: Sent event FMLMissingMappingsEvent to mod mixinbooterlegacy
[21:14:00] [Server thread/DEBUG] [FML/]: Bar Step: MissingMappings - UniMixins: MixinBooterLegacy took 0,000s
[21:14:00] [Server thread/TRACE] [gtnhmixins/gtnhmixins]: Sending event FMLMissingMappingsEvent to mod gtnhmixins
[21:14:00] [Server thread/TRACE] [gtnhmixins/gtnhmixins]: Sent event FMLMissingMappingsEvent to mod gtnhmixins
[21:14:00] [Server thread/DEBUG] [FML/]: Bar Step: MissingMappings - UniMixins: GTNHMixins took 0,000s
[21:14:00] [Server thread/TRACE] [mixinextras/mixinextras]: Sending event FMLMissingMappingsEvent to mod mixinextras
[21:14:00] [Server thread/TRACE] [mixinextras/mixinextras]: Sent event FMLMissingMappingsEvent to mod mixinextras
[21:14:00] [Server thread/DEBUG] [FML/]: Bar Step: MissingMappings - UniMixins: MixinExtras took 0,000s
[21:14:00] [Server thread/TRACE] [aiimprovements/aiimprovements]: Sending event FMLMissingMappingsEvent to mod aiimprovements
[21:14:00] [Server thread/TRACE] [aiimprovements/aiimprovements]: Sent event FMLMissingMappingsEvent to mod aiimprovements
[21:14:00] [Server thread/DEBUG] [FML/]: Bar Step: MissingMappings - AI Improvements took 0,000s
[21:14:00] [Server thread/TRACE] [archaicfix/archaicfix]: Sending event FMLMissingMappingsEvent to mod archaicfix
[21:14:00] [Server thread/TRACE] [archaicfix/archaicfix]: Sent event FMLMissingMappingsEvent to mod archaicfix
[21:14:00] [Server thread/DEBUG] [FML/]: Bar Step: MissingMappings - ArchaicFix took 0,000s
[21:14:00] [Server thread/TRACE] [carbonconfig/carbonconfig]: Sending event FMLMissingMappingsEvent to mod carbonconfig
[21:14:00] [Server thread/TRACE] [carbonconfig/carbonconfig]: Sent event FMLMissingMappingsEvent to mod carbonconfig
[21:14:00] [Server thread/DEBUG] [FML/]: Bar Step: MissingMappings - Carbon Config Library took 0,000s
[21:14:00] [Server thread/TRACE] [chunkpregenerator/chunkpregenerator]: Sending event FMLMissingMappingsEvent to mod chunkpregenerator
[21:14:00] [Server thread/TRACE] [chunkpregenerator/chunkpregenerator]: Sent event FMLMissingMappingsEvent to mod chunkpregenerator
[21:14:00] [Server thread/DEBUG] [FML/]: Bar Step: MissingMappings - Chunk Pregenerator took 0,000s
[21:14:00] [Server thread/TRACE] [ChunkPurge/ChunkPurge]: Sending event FMLMissingMappingsEvent to mod ChunkPurge
[21:14:00] [Server thread/TRACE] [ChunkPurge/ChunkPurge]: Sent event FMLMissingMappingsEvent to mod ChunkPurge
[21:14:00] [Server thread/DEBUG] [FML/]: Bar Step: MissingMappings - Chunk Purge took 0,000s
[21:14:00] [Server thread/TRACE] [foamfix/foamfix]: Sending event FMLMissingMappingsEvent to mod foamfix
[21:14:00] [Server thread/TRACE] [foamfix/foamfix]: Sent event FMLMissingMappingsEvent to mod foamfix
[21:14:00] [Server thread/DEBUG] [FML/]: Bar Step: MissingMappings - FoamFix took 0,000s
[21:14:00] [Server thread/TRACE] [gvc/gvc]: Sending event FMLMissingMappingsEvent to mod gvc
[21:14:00] [Server thread/TRACE] [gvc/gvc]: Sent event FMLMissingMappingsEvent to mod gvc
[21:14:00] [Server thread/DEBUG] [FML/]: Bar Step: MissingMappings - �aGliby's�f Voice Chat Mod took 0,000s
[21:14:00] [Server thread/TRACE] [gtnhlib/gtnhlib]: Sending event FMLMissingMappingsEvent to mod gtnhlib
[21:14:00] [Server thread/TRACE] [gtnhlib/gtnhlib]: Sent event FMLMissingMappingsEvent to mod gtnhlib
[21:14:00] [Server thread/DEBUG] [FML/]: Bar Step: MissingMappings - GTNH Lib took 0,000s
[21:14:00] [Server thread/TRACE] [iChunUtil/iChunUtil]: Sending event FMLMissingMappingsEvent to mod iChunUtil
[21:14:00] [Server thread/TRACE] [iChunUtil/iChunUtil]: Sent event FMLMissingMappingsEvent to mod iChunUtil
[21:14:00] [Server thread/DEBUG] [FML/]: Bar Step: MissingMappings - iChunUtil took 0,000s
[21:14:00] [Server thread/TRACE] [Hats/Hats]: Sending event FMLMissingMappingsEvent to mod Hats
[21:14:00] [Server thread/TRACE] [Hats/Hats]: Sent event FMLMissingMappingsEvent to mod Hats
[21:14:00] [Server thread/DEBUG] [FML/]: Bar Step: MissingMappings - Hats took 0,000s
[21:14:00] [Server thread/TRACE] [InventoryPets/InventoryPets]: Sending event FMLMissingMappingsEvent to mod InventoryPets
[21:14:00] [Server thread/TRACE] [InventoryPets/InventoryPets]: Sent event FMLMissingMappingsEvent to mod InventoryPets
[21:14:00] [Server thread/DEBUG] [FML/]: Bar Step: MissingMappings - Inventory Pets took 0,000s
[21:14:00] [Server thread/TRACE] [ironbackpacks/ironbackpacks]: Sending event FMLMissingMappingsEvent to mod ironbackpacks
[21:14:00] [Server thread/TRACE] [ironbackpacks/ironbackpacks]: Sent event FMLMissingMappingsEvent to mod ironbackpacks
[21:14:00] [Server thread/DEBUG] [FML/]: Bar Step: MissingMappings - Iron Backpacks took 0,000s
[21:14:00] [Server thread/TRACE] [IronChest/IronChest]: Sending event FMLMissingMappingsEvent to mod IronChest
[21:14:00] [Server thread/TRACE] [IronChest/IronChest]: Sent event FMLMissingMappingsEvent to mod IronChest
[21:14:00] [Server thread/DEBUG] [FML/]: Bar Step: MissingMappings - Iron Chests took 0,001s
[21:14:00] [Server thread/TRACE] [lucky/lucky]: Sending event FMLMissingMappingsEvent to mod lucky
[21:14:00] [Server thread/TRACE] [lucky/lucky]: Sent event FMLMissingMappingsEvent to mod lucky
[21:14:00] [Server thread/DEBUG] [FML/]: Bar Step: MissingMappings - Lucky Block took 0,000s
[21:14:00] [Server thread/TRACE] [MoreFurnaces/MoreFurnaces]: Sending event FMLMissingMappingsEvent to mod MoreFurnaces
[21:14:00] [Server thread/TRACE] [MoreFurnaces/MoreFurnaces]: Sent event FMLMissingMappingsEvent to mod MoreFurnaces
[21:14:00] [Server thread/DEBUG] [FML/]: Bar Step: MissingMappings - More Furnaces took 0,000s
[21:14:00] [Server thread/TRACE] [OreSpawn/OreSpawn]: Sending event FMLMissingMappingsEvent to mod OreSpawn
[21:14:00] [Server thread/TRACE] [OreSpawn/OreSpawn]: Sent event FMLMissingMappingsEvent to mod OreSpawn
[21:14:00] [Server thread/DEBUG] [FML/]: Bar Step: MissingMappings - OreSpawn took 0,000s
[21:14:00] [Server thread/TRACE] [PortalGun/PortalGun]: Sending event FMLMissingMappingsEvent to mod PortalGun
[21:14:00] [Server thread/TRACE] [PortalGun/PortalGun]: Sent event FMLMissingMappingsEvent to mod PortalGun
[21:14:00] [Server thread/DEBUG] [FML/]: Bar Step: MissingMappings - PortalGun took 0,000s
[21:14:00] [Server thread/TRACE] [denseores/denseores]: Sending event FMLMissingMappingsEvent to mod denseores
[21:14:00] [Server thread/TRACE] [denseores/denseores]: Sent event FMLMissingMappingsEvent to mod denseores
[21:14:00] [Server thread/DEBUG] [FML/]: Bar Step: MissingMappings - Dense Ores took 0,000s
[21:14:00] [Server thread/DEBUG] [FML/]: Bar Finished: MissingMappings took 0,004s
[21:14:00] [Server thread/ERROR] [FML/]: There are unidentified mappings in this world - we are going to attempt to process anyway
[21:14:00] [Server thread/ERROR] [FML/]: Unidentified item: InventoryPets:petIlluminati, id 4130
[21:14:00] [Server thread/WARN] [FML/]: Forge Mod Loader detected missing blocks/items.

There are 1 missing blocks and items in this save.
If you continue the missing blocks/items will get removed.
A world backup will be automatically created in your saves directory.

Missing Blocks/Items:
InventoryPets:petIlluminati


Run the command /fml confirm or or /fml cancel to proceed.
Alternatively start the server with -Dfml.queryResult=confirm or -Dfml.queryResult=cancel to preselect the answer.
[21:14:01] [Hats Download/Read Hats Thread/INFO] [STDERR/Hats]: [java.lang.Throwable$WrappedPrintStream:println:749]: org.xml.sax.SAXParseException; lineNumber: 1; columnNumber: 163; A referência à entidade "js" deve terminar com o delimitador ';'.
[21:14:01] [Hats Download/Read Hats Thread/INFO] [STDERR/Hats]: [java.lang.Throwable$WrappedPrintStream:println:749]: 	at com.sun.org.apache.xerces.internal.parsers.DOMParser.parse(DOMParser.java:257)
[21:14:01] [Hats Download/Read Hats Thread/INFO] [STDERR/Hats]: [java.lang.Throwable$WrappedPrintStream:println:749]: 	at com.sun.org.apache.xerces.internal.jaxp.DocumentBuilderImpl.parse(DocumentBuilderImpl.java:338)
[21:14:01] [Hats Download/Read Hats Thread/INFO] [STDERR/Hats]: [java.lang.Throwable$WrappedPrintStream:println:749]: 	at javax.xml.parsers.DocumentBuilder.parse(DocumentBuilder.java:121)
[21:14:01] [Hats Download/Read Hats Thread/INFO] [STDERR/Hats]: [java.lang.Throwable$WrappedPrintStream:println:749]: 	at hats.common.thread.ThreadHatsReader.run(ThreadHatsReader.java:52)
[21:14:01] [Hats Download/Read Hats Thread/INFO] [Hats/Hats]: [4.0.1] Loaded 0 hats. 0 are contributor hats.
